Klasor Adi;Ders Adi;Kurum
339932dd288b409d621f1af128d0e3d0b6ea97be-1683053047016;Eski Türk Edebiyatı 12 Söz Sanatları;Kurum Girilecek
7a0ea3e89fcec6802bf66d95ed78e5450819211a-1700242649886;Matematik Konu: basit eşitsizlik ve mutlak değer;Kurum Girilecek
dfb704ca01640e7fc6de2cdfecda7b07b97c9dea-1711480471282;CUMHURİYET ŞİİRİ -15;Kurum Girilecek
5c288540cc4a3963fdae332c9d03f4a623c474ee-1735494202906;Amerikan ed. devam;Kurum Girilecek
58fee96126fbde0c4f5e3c147df457ad979a56d4-1706115372274;aruzun kaideleri;Kurum Girilecek
569227d8b1048b533bc9ba0fdd3c7e12e549314e-1722184074338;DÖRT TEMEL BECERİ - 9;Kurum Girilecek
f67b4948b1592313c2fb1206ef8b9f23a7902842-1710613352375;ÇOCUK EDEBİYATINA GİRİŞ;Kurum Girilecek
d39446f272688d5e772f0ac8214efd6620555449-1704563144597;aşık kolları aşık faslı;Kurum Girilecek
7fd2f948a1f6cecb3e54a9c3e53f5c712948fe53-1746374024847;SORU ÇÖZÜMÜ-1;Kurum Girilecek
2a8cd28b3784c521bae589a35111e4cc0b4f4755-1698687195762;Türkçe Konu: Ses Bilgisi Soru Çözümü ;Kurum Girilecek
6fb816cac8d877ed782a082bbfb25c5eb5744b39-1765209360321;cumhuriyet dönemi hak ozanları;Kurum Girilecek
6d536a6c5a19dabdbbd3d76937f43b4eaceee54c-1716997859658;DİL ÖĞRETİM YÖNTEMLERİ - 6;Kurum Girilecek
0b39fa7964b7e6a1c4d6189b8ce131b2a4f28d79-1709311431151;SÜREÇ TEMELLİ YAZMA YÖNTEMİ - 2;Kurum Girilecek
cd7d05e68c71654dbb3a45bdd22d1431e50099eb-1679244677851;cumhuriyet dönemi sanatçılar 2;Kurum Girilecek
299cbd7fac79e094a9bc3b87c31b8813983b41dd-1730822149774;YENİ TÜRK EDEBİYATININ OLUŞUMU-1;Kurum Girilecek
58fee96126fbde0c4f5e3c147df457ad979a56d4-1702483018721;2023 Türkçe öabt Eski Edebiyat çıkmış sorular Analizsöz sanatları;Kurum Girilecek
8b3991219a3ad3bdb500da7e0f720cb8f9053054-1703420130484;Coğrafya Konu: ;Kurum Girilecek
6d536a6c5a19dabdbbd3d76937f43b4eaceee54c-1716659584469;DİL ÖĞRETİM YÖNTEMLERİ - 5;Kurum Girilecek
885cd183396123664aae15258f36ab40589223ad-1744307936747;1982 ANAYASASI 3. DERS;Kurum Girilecek
2ed54bfd89b6bed34bf2961d898847df6f57142a-1672165010256;Eski Türk Dili 17, Fiilde Çatı-Yapım Ekleri;Kurum Girilecek
fe534ba2be486200b29eba3998f61d35ede4b765-1732726081464;nazım şekilleri;Kurum Girilecek
569227d8b1048b533bc9ba0fdd3c7e12e549314e-1722527119808;DÖRT TEMEL BECERİ - 10;Kurum Girilecek
885cd183396123664aae15258f36ab40589223ad-1741371932222;222 SAYILI KANUN 2. DERS;Kurum Girilecek
6d536a6c5a19dabdbbd3d76937f43b4eaceee54c-1716656193973;DİL ÖĞRETİM YÖNTEMLERİ - 4;Kurum Girilecek
814200dbd189c00466ee5ba1e9a09813f6d3bccc-1688223246782;Hüseyin Şimşek Coğrafya ;Kurum Girilecek
c448cf7c3d21727c59ff7520b1e6d64bb8d26da4-1741540291293;4- SES BİLGİSİ;Kurum Girilecek
403e7c4599e9a25f7617b1b86e974585ad29418a-1716314166875;21) Cümle Bilgisi (Cümle Türleri);Kurum Girilecek
837699e58ed5985550a59f16cf6915cc07951087-1709826702819;YTE Konu: ;Kurum Girilecek
14e38e900477a20df0017cbca28c0ff90cb8a116-1744127658884;Tarih: ;Kurum Girilecek
3c83e379c581171703c79fa37d8f61d72736e74b-1715789737641;Çocuk Edebiyatı: ;Kurum Girilecek
85cf7f78d52f24b1855c37e9a252bd190adc9774-1684946482669;SORU ÇÖZÜMÜ - 12;Kurum Girilecek
069ace2a95e361bba202fb4dc518b186d25cf573-1707407713536;TYT Din Kültürü: ;Kurum Girilecek
a9cb207371a459e06a8c8ff7edf8adfbbc37198b-1708273279895;Paragraf : Paragrafta Anlam;Kurum Girilecek
0b39fa7964b7e6a1c4d6189b8ce131b2a4f28d79-1708880191689;YAZILI ANLATIM UNSURLARI;Kurum Girilecek
d39446f272688d5e772f0ac8214efd6620555449-1703958171076;halk edebiyatı tür ve şekil;Kurum Girilecek
0b39fa7964b7e6a1c4d6189b8ce131b2a4f28d79-1707587676254;OKUMA EĞİTİMİ GENEL SORU ÇÖZÜMÜ;Kurum Girilecek
35055dac95adb3f6c0c8afe1593ea9f87912dc72-1767546401616;Rus ed. 3;Kurum Girilecek
cb645d5bf14f9040d40180a383ab7ccd3720eaa6-1713975343384;Çocuk Edebiyatı: ;Kurum Girilecek
33282721e41f2d73ae0d1b4dabc4cc3b1644b4f9-1698254570128;Türkçe Konu: Noktalama İşaretleri;Kurum Girilecek
d5a49c3ab0991a06073f0f2931a2fc49ad269629-1761845844118;Eski Türk Edebiyatında Mazmunlar-2;Kurum Girilecek
d6ed44612cb079f49d9fdb97fdccb29f6dca7986-1720177186467;2024 Haziran EB Öğrenme ;Kurum Girilecek
299cbd7fac79e094a9bc3b87c31b8813983b41dd-1736272376512;MİLLİ EDEBİYAT DÖNEMİ-2;Kurum Girilecek
bf34a30375919b679162e745b11e71cb60b00db8-1714925448870;şerh 7;Kurum Girilecek
0b39fa7964b7e6a1c4d6189b8ce131b2a4f28d79-1699120638546;DİNLEME ÖĞRETİMİ AMAÇLARI;Kurum Girilecek
35055dac95adb3f6c0c8afe1593ea9f87912dc72-1767542007380;Rus Ed. 2;Kurum Girilecek
257b8486470c6884f0398c39a6e5efed9426676c-1710178559290;İnkılap Tarihi Konu: ;Kurum Girilecek
fe534ba2be486200b29eba3998f61d35ede4b765-1740591494537;şair yazar eser;Kurum Girilecek
d44903671de8d1334d8ad17ab92feffe4927e2ea-1746897265986;2025 Coğrafya son ders ;Kurum Girilecek
dfb704ca01640e7fc6de2cdfecda7b07b97c9dea-1703606141299;SERVETİFÜNUN EDEBİYATI-9;Kurum Girilecek
dfb704ca01640e7fc6de2cdfecda7b07b97c9dea-1698770964813;YENİ TÜRK EDEBİYATININ OLUŞUMU-2;Kurum Girilecek
299cbd7fac79e094a9bc3b87c31b8813983b41dd-1738687692454;Ara Soru Çözüm -4;Kurum Girilecek
4b39fd288dc2700c79d58ee85b39fd914c7ff7ef-1747151858422;SORU ÇÖZÜMÜ-7;Kurum Girilecek
885cd183396123664aae15258f36ab40589223ad-1746723438558;1982 ANAYASASI 11. DERS;Kurum Girilecek
270f60d54582aff392d4aded1fb576a12747a0bf-1707579925214;YTE Konu: GARİP, MAVİCİLER, METAFİZİK VB.;Kurum Girilecek
1f7cd668ce7e4c273aaaba01d509ba908a565dee-1708012639980;TYT Din Kültürü: ;Kurum Girilecek
d39446f272688d5e772f0ac8214efd6620555449-1709225561921;geleneksel halk tiyatrosu;Kurum Girilecek
ca2631f21e223d6f571776d7f85e6f0169fab9d4-1707759451083;İnkılap Tarihi Konu: ;Kurum Girilecek
d52009013d58587cadaa98e1959823026d7bdebe-1713455337937;YKS konu: ;Kurum Girilecek
0fa403f748d27fb79fb177495db35d31a4ffeb4b-1710523436816;Halk Edebiyatı Konu: ;Kurum Girilecek
58fee96126fbde0c4f5e3c147df457ad979a56d4-1709743918327;şair yazar eserler;Kurum Girilecek
d50f126aa772d972d939cb66d01bd09436ed608f-1696267880130;Türkçe 5 konu: (Ses Bilgisi);Kurum Girilecek
6e219a378f2692168f29455686a30cd96c81ac37-1697871408480;TYT Biyoloji Konu: ;Kurum Girilecek
0438f1d3d07af958ccc238046a7dfc607cfd7812-1718207937760;Dil Bilimi;Kurum Girilecek
5b228d99ee410433393d6de8e014d0c350970347-1709741604726;AYT Kimya Konu: ;Kurum Girilecek
bd5840faac58814ccbb7bb2b5f1092329c3c2cd7-1709055064337;4 Temel Beceri: ;Kurum Girilecek
7d10f586abac7ef1d2d94940896f2d39e1bd590e-1747155682274;Maarif model 7;Kurum Girilecek
d07fe84bbed5708370112dd60100b421c75bdefc-1698859859480;TYT Türkçe Konu: Sözcük Türleri Zamirler;Kurum Girilecek
15a2ee8b633f754e598185dfa9a9fcf803a820c1-1715541852397;4. DENEME (ALAN EĞİTİMİ);Kurum Girilecek
3af846574fd50b2f85a88fec4e1df1aa4af0361e-1772673759722;2. DENEME DÖRT TEMEL BECERİ ÇÖZÜMÜ;Kurum Girilecek
63f2e14f54fa66ec3aceda1ecb023cfc40028865-1776015526368;Dil Bilimi Okulları ve Temsilcileri - 5 KURANIMA SON. :)) VEDA :(((;Kurum Girilecek
fe534ba2be486200b29eba3998f61d35ede4b765-1733935554667;sanatlar;Kurum Girilecek
048d630512c740c713b316735610912497e42716-1740322566377;Eğitim Temelleri;Kurum Girilecek
6debbf1ac3f8c0ba6c516f4699204a07a3c8bd65-1715359472924;Rus ve diğer ederbiyatlar;Kurum Girilecek
0758edff050eae089f3858309ffac58365890849-1707326812718;Türkçe Konu: Cümle Türleri;Kurum Girilecek
612657214c796c7cb1244441b9b9cd106b1f600e-1708884103567;Temel Matematik: ;Kurum Girilecek
dc12c9d877c70209ea7d0274e884c99ee397001f-1761061891796;SES BİLGİSİ/FONETİK (Ses Bilgisiyle İlgili Kavramlar ve Türkçenin Ses Özellikleri)-1;Kurum Girilecek
059f2ad29732c04932217af6f0290782094cecca-1751471713013;halk edebiyatı;Kurum Girilecek
569227d8b1048b533bc9ba0fdd3c7e12e549314e-1721056648516;DÖRT TEMEL BECERİ-2;Kurum Girilecek
15a2ee8b633f754e598185dfa9a9fcf803a820c1-1710191509506;2. DENEME ( DİL BİLGİSİ - DİLBİLİM ÇÖZÜM);Kurum Girilecek
63f2e14f54fa66ec3aceda1ecb023cfc40028865-1774805973160;Metin Dil Bilimi -1;Kurum Girilecek
3af846574fd50b2f85a88fec4e1df1aa4af0361e-1751031539642;9. DENEME DİLBİLİM DİLBİLGİSİ EDEBİYAT ÇÖZÜM;Kurum Girilecek
0b39fa7964b7e6a1c4d6189b8ce131b2a4f28d79-1707579989946;SÖZVARLIĞINI GELİŞTİRME ÇALIŞMALARI;Kurum Girilecek
d5a49c3ab0991a06073f0f2931a2fc49ad269629-1762450747474;Eski Türk Edebiyatında Mazmunlar-5;Kurum Girilecek
5266cf68755675457fd9be0c28228c405bfb4a0e-1716479157980;TYT Felsefe Soru Çözümü;Kurum Girilecek
88d69de1a3b9f514bd92c3c9a1f91277fccb196d-1754365381656;Savunma Sanayii, Robotik ve Uzay Teknolojileri;Kurum Girilecek
96799d44ee03757118ca942f4420977e2fa2f2a2-1719079068400;PROGRAMIN YAPISI;Kurum Girilecek
58fee96126fbde0c4f5e3c147df457ad979a56d4-1704908950380;sanatlar;Kurum Girilecek
cd7d05e68c71654dbb3a45bdd22d1431e50099eb-1679860681600;CUMURİYET DÖNEMİ EDEBİYATI DEVAM 3;Kurum Girilecek
b3b4c61ef39775111f9f126f07145fc394d632fb-1736875886210;İslamiyet Öncesi ve Türk İslam Tarihi ;Kurum Girilecek
786938618e1e7948a757aa917f5b2c22d5c498aa-1705592754588;YTE Konu: ;Kurum Girilecek
eca6aec8f2075c6ad19f6f2c57f98d0be07ce078-1715442653265;Halk Edebiyatı Soru Çözümü ;Kurum Girilecek
3c4e2614063fc4abf9c1914cb09c4d508e93febf-1672155630622;Eski Türk Dili 15, Fiilde Çatı-Yapım Ekleri;Kurum Girilecek
e922b1beebfb8973d6c5ec5986d3ebc812da8b9f-1747810567871;2025 Matematik: ;Kurum Girilecek
dfa817c27882968af393243819da3fa1695ffc6a-1703778035587;Felsefe Konu: ;Kurum Girilecek
fe534ba2be486200b29eba3998f61d35ede4b765-1739378771320;mazmunlar;Kurum Girilecek
6fb816cac8d877ed782a082bbfb25c5eb5744b39-1767020183380;destanlar;Kurum Girilecek
ac1a95cad3953f77c609d60bb2e27dad897e8306-1703175231831;YTE Konu: ;Kurum Girilecek
f4392abc9cfaa63efbf046cc7ada57a75ba790d4-1690389943348;Eski Edebiyat Genel Tekrar 4;Kurum Girilecek
3a52e6a22c4cc0996779ec293523022d5d0c7388-1704025282043;Coğrafya konu: ;Kurum Girilecek
cb3c1c7d0d1e610293c4faba2b025f66ec430232-1704815439097;Tarih Konu: ;Kurum Girilecek
a7bb88795d338b5aaf53e13882b28f159d978cf6-1739029865635;KONUŞMA YÖNTEMLERİ;Kurum Girilecek
fe534ba2be486200b29eba3998f61d35ede4b765-1740585250591;şair yazar ve eserler;Kurum Girilecek
9483f9b4c8f357f74b159e62b0bb261e025c62ff-1701359670488;Ses bilgisi uygulama;Kurum Girilecek
04791834209cc4fdad5500ab2deebdf0d89c3a04-1731692723877;YKS Tarih 2. Ders (İNSANLIĞIN İLK DÖNEMLERİ SORU ÇÖZÜMÜ);Kurum Girilecek
9679e220735e8e03c9edd254e9189d96ef752cde-1703785008837;Eski Dil Konu: ;Kurum Girilecek
2b34ff093a4fe562ccbd4d1dec9defa11fabe2e9-1773765736538;YAZMA TÜR, YÖNTEM VE TEKNİKLERİ - 1;Kurum Girilecek
059f2ad29732c04932217af6f0290782094cecca-1751911979674;DİL BİLGİSİ (VEDA);Kurum Girilecek
a7bb88795d338b5aaf53e13882b28f159d978cf6-1736005450218;DİNLEME TÜRLERİ;Kurum Girilecek
2d8b2f630dd78dabc7ce0859c6acf0dd2be6a934-1709387953426;AYT Kimya Konu: ;Kurum Girilecek
31428f79dc23045a5b7f841d72fb9ed20be8ea2f-1712256339080;NİSAN AYI REHBERLİK;Kurum Girilecek
d39446f272688d5e772f0ac8214efd6620555449-1702144461561;kuramlar yöntemler;Kurum Girilecek
1f19d9a8120d0421ae26bded9d65a73e5007aeb0-1700756067604;YTE Konu: modernizm-postmodernizm;Kurum Girilecek
80b76a73d9fdf418aed6e143de1468fe9615c84a-1772642287343;MİLLİ EDEBİYAT-5;Kurum Girilecek
dc12c9d877c70209ea7d0274e884c99ee397001f-1762277346394;ŞEKİL/YAPI/BİÇİM BİLGİSİ (Kök)-1;Kurum Girilecek
63f2e14f54fa66ec3aceda1ecb023cfc40028865-1770742120229;SES BİLİMİ (FONOLOJİ) - 1;Kurum Girilecek
15a2ee8b633f754e598185dfa9a9fcf803a820c1-1720840587165;6. DENEME (DÖRT TEMEL BECERİ ÇÖZÜM);Kurum Girilecek
58fee96126fbde0c4f5e3c147df457ad979a56d4-1703091281072;söz sanatları;Kurum Girilecek
2b34ff093a4fe562ccbd4d1dec9defa11fabe2e9-1772556751476;SÖZ VARLIĞI ÇALIŞMALARI - 2;Kurum Girilecek
885cd183396123664aae15258f36ab40589223ad-1741893817345;1739 SAYILI KANUN 2. DERS;Kurum Girilecek
6debbf1ac3f8c0ba6c516f4699204a07a3c8bd65-1714758314411;Rus edebiyatına devam;Kurum Girilecek
3c7024b07e4b24094eea0bf1245fb65bafb078a4-1750348844408;2025 TYT Coğrafya ;Kurum Girilecek
f5dd9af017c6a181f7e926703801fd4c6f76235b-1721289230925;2024 Türkçe Alan Eğitimi Soru Çözümü;Kurum Girilecek
d5a49c3ab0991a06073f0f2931a2fc49ad269629-1775146693556;Klasik Türk Edebiyatı Tarihi-12;Kurum Girilecek
294d90f5494b1b87450b133f462442cf7b1151bd-1687099516700;Başar Hoca Gelişim Psikolojisi;Kurum Girilecek
bb0d2047d8b4bacea58a69e568d6788b732f0dc5-1677775867717;Eski Türk Dili 42 Harezm Türkçesi;Kurum Girilecek
299cbd7fac79e094a9bc3b87c31b8813983b41dd-1730825234358;YENİ TÜRK EDEBİYATININ OLUŞUMU-2;Kurum Girilecek
4e115b4f2f6895ce8fc92bc882a966a33afede39-1777571096644;Beyit Şerhi-12;Kurum Girilecek
569227d8b1048b533bc9ba0fdd3c7e12e549314e-1722353008564;halk genel tekrar;Kurum Girilecek
0fdb8a6d832aecef72c81a57718ee48183ece398-1721147190566;2024 Alan Eğitimi Soru Çözümü 1;Kurum Girilecek
2a3118bee8adb487c610585b9ef9cfb19b60625b-1700236337054;dil bilim 4;Kurum Girilecek
a7bb88795d338b5aaf53e13882b28f159d978cf6-1738430234358;KONUŞMA BOZUKLUKLARI;Kurum Girilecek
7d856a5528132d97c75d058e84f41111ba0cfb69-1748454313048;beyit şerhi;Kurum Girilecek
d39446f272688d5e772f0ac8214efd6620555449-1708617211865;dede korkut motifler;Kurum Girilecek
21d2040a9c9e57c5d50a264b599086d2ef57510b-1741026947117;Sözel Mantık ;Kurum Girilecek
5c288540cc4a3963fdae332c9d03f4a623c474ee-1732461399008;Edebi Akımlar soru çözümü;Kurum Girilecek
9164af3d6561e18303050881f011b7ebecf91c2e-1737733710798;Sözel Beceri ( Paragraf);Kurum Girilecek
a7e06edb1cab84d40171d62c7a53f99cce423b02-1751717177192;2025 Eski Türk Edebiyatı  Soru Çözümü ;Kurum Girilecek
3952b1ba6290cff1170a97c1b872549e03a00571-1735318601867;26) Dil bilgisi [Sözcük Türleri (edat, bağlaç, ünlem)]-2;Kurum Girilecek
dfb704ca01640e7fc6de2cdfecda7b07b97c9dea-1710270393446;CUMHURİYET ŞİİRİ -9;Kurum Girilecek
31428f79dc23045a5b7f841d72fb9ed20be8ea2f-1698348251580;EKİM AYI REHBERLİK - 2;Kurum Girilecek
2b34ff093a4fe562ccbd4d1dec9defa11fabe2e9-1762015800259;KONUŞMA EĞİTİMİ KAZANIMLAR - 2;Kurum Girilecek
0227ecef24ffd5f993e3a594193ec0e6cca913b3-1776095644119;ÇOCUK EDEBİYATI -10;Kurum Girilecek
dd436b06549a2a584be5a3c07d2a1813c8852a78-1672762055826;Eski Türk Dili 22, Sözcük Türleri;Kurum Girilecek
2c9c467309288b393c174b75223f4225b0d7472a-1772391068881;ŞUBAT AYI REHBERLİK;Kurum Girilecek
dc12c9d877c70209ea7d0274e884c99ee397001f-1767718047669;CÜMLE BİLGİSİ (Fiilde Çatı, o biterse cümle çeşitleri:) )-8;Kurum Girilecek
505e0ec32e4d06529dc663407c1f1a9c7814cd67-1710575618442;AYT Biyoloji: ;Kurum Girilecek
cd7d05e68c71654dbb3a45bdd22d1431e50099eb-1677430835709;CUMHIRİYET DÖNEMİ SANATÇILAR 1;Kurum Girilecek
5c288540cc4a3963fdae332c9d03f4a623c474ee-1733069500231;fransız ed. devamm;Kurum Girilecek
c2bdcd65896ccb7d920c772a7023ec30413ca386-1742153296368;ÇOCUK EDEBİYATININ ÇOCUĞA KATKILARI;Kurum Girilecek
299cbd7fac79e094a9bc3b87c31b8813983b41dd-1740502639253;CUMHURİYET ŞİİRİ -8;Kurum Girilecek
3952b1ba6290cff1170a97c1b872549e03a00571-1738947496295;41) Cümle Bilgisi (Cümle Çeşitleri) 8;Kurum Girilecek
d39446f272688d5e772f0ac8214efd6620555449-1703350381931;halk edebiyatı tür ve şekiller;Kurum Girilecek
c2bdcd65896ccb7d920c772a7023ec30413ca386-1745776438976;TÜRKİYE'DE ÇOCUK EDEBİYATI-5;Kurum Girilecek
7eea4b6f799e0f1acf5618b0ec86a20d157ecae7-1719488740468;2024 Haziran EB Materyal/Sınıf Yönetimi ;Kurum Girilecek
299cbd7fac79e094a9bc3b87c31b8813983b41dd-1733845782050;servet-i fünun - 1;Kurum Girilecek
dfb704ca01640e7fc6de2cdfecda7b07b97c9dea-1709657399055;CUMHURİYET ŞİİRİ -5;Kurum Girilecek
82cc083d3b56203e23c46a0bb06c54dde110770c-1734191876875;2025 Eski Türk Dili ;Kurum Girilecek
059f2ad29732c04932217af6f0290782094cecca-1751044511814;İlker Hayat-Eski Türk Edebiyatı Yıl Sonu Kampı-2;Kurum Girilecek
7d856a5528132d97c75d058e84f41111ba0cfb69-1749059904909;beyit inceleme;Kurum Girilecek
8b04ea855d9d5c790faa74e3a476ed6085b6364e-1720461740543;ille de roman olsun 2;Kurum Girilecek
80b76a73d9fdf418aed6e143de1468fe9615c84a-1772819456682;MİLLİ EDEBİYAT-9 (BAĞIMSIZ SNATÇILAR);Kurum Girilecek
3952b1ba6290cff1170a97c1b872549e03a00571-1735919197620;28) Dil bilgisi [Sözcük Türleri (tamlamalar)]-2;Kurum Girilecek
ef878d923f33d264a4b00bac244da267a9d3c84c-1741106894894;222 Sayılı Kanun;Kurum Girilecek
7ba947de446be7760e25b32e703e0e68d9faedad-1711126556281;Halk Edebiyatı Konu: Aşık Edebiyatı Şairleri;Kurum Girilecek
d39446f272688d5e772f0ac8214efd6620555449-1708019450621;dede korkut motifler;Kurum Girilecek
f69aaee07145fd42bcd89c1100db51f6e7853dc0-1704734824514;İnkılap Tarihi Konu: ;Kurum Girilecek
51ff007f49e5d77e56517d69fb5c853e9d09bd18-1775580352843;DİNLEME ÖĞRENME ÇIKTILARI - 3;Kurum Girilecek
eda306af868d31cb7c67150f7a8438ccbe537682-1735056055432;Anayasa ;Kurum Girilecek
51ff007f49e5d77e56517d69fb5c853e9d09bd18-1776617482468;KONUŞMA ÖĞRENME ÇIKTILARI - 2;Kurum Girilecek
43a58d1cab87512604e411d5dac0ffce2d5693fe-1699801267274;TYT Geometri Konu: ;Kurum Girilecek
ae512aa6215fa13c94c7d99dc8b1aca42408e19c-1690894400821;Eski Dil Genel Tekrar ;Kurum Girilecek
3af846574fd50b2f85a88fec4e1df1aa4af0361e-1741123270341;2. DENEME DİLBİLGİSİ - DİLBİLİM -EDEBİYAT ÇÖZÜMLERİ;Kurum Girilecek
4e115b4f2f6895ce8fc92bc882a966a33afede39-1770573764717;ARUZ SON;Kurum Girilecek
3c638bb2171be1a99400ffa7991ab5a991868755-1720093642216;2024 Haziran İslamiyet Ö. ve İslamiyet Dönemi Türk Tarihi;Kurum Girilecek
c2bdcd65896ccb7d920c772a7023ec30413ca386-1744568243483;ÇOCUK EDEBİYATININ TARİHÇESİ-2;Kurum Girilecek
e9653cae02db6e33db0cc16fae2697c7a8250938-1744472719009;Eski Türk Dili ;Kurum Girilecek
8b04ea855d9d5c790faa74e3a476ed6085b6364e-1709922321895;DÜNYA EDEBİYATI- LAFIGÜZAF;Kurum Girilecek
975229ad30f83f67fff0cb3430c313edfa6e64a6-1739710702044;SORU ÇÖZÜMÜ 3;Kurum Girilecek
15a2ee8b633f754e598185dfa9a9fcf803a820c1-1715333503031;4. DENEME (EDEBİYAT DERSLERİ);Kurum Girilecek
008c1da6fb6014913c2e6979fb8ebe1d8d07ff4d-1703606375246;YKS Tarih Konu: (OSMANLI ARAYIŞ YILLARI - DİPLOMASİ VE DEĞİŞİM DÖNEMİ);Kurum Girilecek
58fee96126fbde0c4f5e3c147df457ad979a56d4-1704300908418;söz sanatları;Kurum Girilecek
63175c9bc1a07dc877cffb0f987d9d6585316670-1745688268114;FONOLOJİ/FONETİK SORU ÇÖZÜMÜ;Kurum Girilecek
80b76a73d9fdf418aed6e143de1468fe9615c84a-1769618971749;YENİ TÜRK EDEBİYATININ OLUŞUMU-1;Kurum Girilecek
9efc67790eb2c0245bb56d110886ab27563acbae-1755430307973;deneme;Kurum Girilecek
309a6288c68c8795c98abf203b3d21c0bf32e2a8-1713541518226;Halk Edebiyatı Konu: Tekke-Tasavvuf Edebiyatı Şairleri;Kurum Girilecek
a21af8b0b4e91cee6344c72c475281db5cdfefbc-1746115052110;4 Temel Beceri 2;Kurum Girilecek
c5ea682486b925942fe8f42b4e76233e0201bda0-1707234349426;TYT Tarih Konu: (I.DÜNYA SAVAŞI);Kurum Girilecek
57a572304294c4f40ffb543a8d8f79f3c0fff2c3-1745944571400;Sözel Mantık 3;Kurum Girilecek
6fb816cac8d877ed782a082bbfb25c5eb5744b39-1763394854958;halk edeb. tür ve şekil;Kurum Girilecek
c69c8817ae1f16582a718c1a9b50271572535bcf-1746805845537;2025 Yeni Türk Edebiyatı ;Kurum Girilecek
35055dac95adb3f6c0c8afe1593ea9f87912dc72-1766936653945;Amerikan son;Kurum Girilecek
39fe8a37d271488b75c760794066881507a4059d-1686663923139;GYGK Türkçe Dil Bilgisi 1 ;Kurum Girilecek
d39446f272688d5e772f0ac8214efd6620555449-1707054583206;efsane ve masal türü;Kurum Girilecek
ad151c576f601dc0151d34b6e523c0f23a933705-1756146581384;deneme hukuk segbis;Kurum Girilecek
fe534ba2be486200b29eba3998f61d35ede4b765-1730306838624;beyit inceleme ve nazım şekilleri;Kurum Girilecek
d2be6d6ff2bc820fda8d18fc9014355d730f4db1-1745336867390;2025 paragraf Mş;Kurum Girilecek
fd318de59da28c8f93eac1c82a8585f35e4f95d7-1748535859647;2025 Eski Türk Dili ;Kurum Girilecek
2b34ff093a4fe562ccbd4d1dec9defa11fabe2e9-1773769523249;YAZMA TÜR, YÖNTEM VE TEKNİKLERİ - 2;Kurum Girilecek
299cbd7fac79e094a9bc3b87c31b8813983b41dd-1731433880430;TANZİMAT EDEBİYATI -1;Kurum Girilecek
6d12ea57ac36dce812eeb106a589d3ea383e916b-1748156669391;2025 Mevzuat +Anayasa soru çözümü ;Kurum Girilecek
c495c9aaf3f4d6fd23b281cd57eabbbad22320f7-1708443940863;YKS Tarih Konu: ;Kurum Girilecek
5a1bdd968f67d43427d63cd88989cbff430c5a9f-1690458926349;Halk Edebiyatı Çıkmış Soru Analizi 1 ;Kurum Girilecek
0862aa807da58cfbb341fba152e3bb3ed45a7010-1720590301555;2024 GYGK Haziran Kampı Türkçe;Kurum Girilecek
eed77d0a78d631cf0e50bb0665991e3bd5d0a780-1716833413932;AYT Matematik: ;Kurum Girilecek
85cf7f78d52f24b1855c37e9a252bd190adc9774-1683395048516;SORU ÇÖZÜMÜ - 1;Kurum Girilecek
6374a10c7d49050c168fec67ae6195ba4698d149-1700673947059;Türkçe Konu: Zamir - Sıfat ;Kurum Girilecek
4ede51ae4e134e7317e106246cd9debc26754517-1739893777002;Mevzuat 222 Sayılı Kanun;Kurum Girilecek
31d6628b76b939c0810421b8b5bad2dba35a4763-1696002987284;Sözel Mantık 4;Kurum Girilecek
63f2e14f54fa66ec3aceda1ecb023cfc40028865-1761932443466;FONETİK / FONOLOJİ;Kurum Girilecek
0ad706fd1a062ffc83fa4d4554f419e1af7662ac-1695051931828;MATEMATİK 1;Kurum Girilecek
0310ca0afff5c6329c0426f7821490caa76a8e8f-1711731337802;Halk Edebiyatı Konu: Aşık Edebiyatı 19-20.yy Sanatçıları;Kurum Girilecek
7d856a5528132d97c75d058e84f41111ba0cfb69-1741800454007;sorularla genel tekrar ve analiz;Kurum Girilecek
059f2ad29732c04932217af6f0290782094cecca-1751385671419;yeni türk edebiyatı soru çözüm-1;Kurum Girilecek
c448cf7c3d21727c59ff7520b1e6d64bb8d26da4-1746204397384;2023 SORULARININ ÇÖZÜMLERİ - ANALİZİ;Kurum Girilecek
53e21604c4a95ed08233b0e0ff2ea3bddf7a0a70-1745996228269;Matematik : ;Kurum Girilecek
7b94795234fb8ca13e2196128a653a9262f08a2b-1707154874533;İnkılap Tarihi Konu: ;Kurum Girilecek
a339769726520a19eda583022b99686ae9ac39f7-1699631693560;TYT Kimya Konu: ;Kurum Girilecek
8b04ea855d9d5c790faa74e3a476ed6085b6364e-1709925135875;DÜNYA EDEBİYATI- DUNYAYI YEDİNİZ...;Kurum Girilecek
4821b643a1facdf1b0896c5424203ba374211dcb-1751457456279;2025 Eski Edebiyat Soru Çözümü ;Kurum Girilecek
b85dc768cd92ca1967fdb8f1824dab253d24905e-1705507307143;Vatandaşlık Konu: ;Kurum Girilecek
60667676529f328405c2941167509ce4aee42a91-1698774707137;TYT Fizik Konu: ;Kurum Girilecek
43e0c24a708ac8def75adeaf6b9f65e130d4bdd0-1716829208993;çocuk edebiyatı 1;Kurum Girilecek
8f4b5450bd9f52cf27561321aea9e3bc48ed0727-1701192972437;Fizik Konu: genleşme;Kurum Girilecek
569227d8b1048b533bc9ba0fdd3c7e12e549314e-1721405700471;DÖRT TEMEL BECERİ-6;Kurum Girilecek
059f2ad29732c04932217af6f0290782094cecca-1751132019111;DÖRT TEMEL BECERİ - 6;Kurum Girilecek
c5760867efa47ccbf87fa20eebc248da660a2496-1710435983957;YTE Konu: MODERNİST-POSTMODERNİST ROMAN, TARİHİ ROMAN;Kurum Girilecek
7fd2f948a1f6cecb3e54a9c3e53f5c712948fe53-1746377330604;SORU ÇÖZÜMÜ-2;Kurum Girilecek
a7bb88795d338b5aaf53e13882b28f159d978cf6-1732981844668;KONUŞMA KAZANIMLARI;Kurum Girilecek
a9357e5eaafd169b133a044c978b50e66e492e73-1695657390643;Matematik 3;Kurum Girilecek
0227ecef24ffd5f993e3a594193ec0e6cca913b3-1774285129536;ÇOCUK EDEBİYATI-2;Kurum Girilecek
885cd183396123664aae15258f36ab40589223ad-1744300365169;1982 ANAYASASI 1. DERS;Kurum Girilecek
5adb491ea18d25fe032667ba5be1a17ed7fc030f-1673457322028;MİLLÎ EDEBİYAT ROMANI YAKUP KADRİ - REŞAT NURİ  20,;Kurum Girilecek
fcb8530314f77614b39c5507efc668fb5b3d8f7e-1704469208837;Halk edebiyatı Konu: ;Kurum Girilecek
7d856a5528132d97c75d058e84f41111ba0cfb69-1747414223957;şerhler şerhler;Kurum Girilecek
35055dac95adb3f6c0c8afe1593ea9f87912dc72-1762711030531;akım 9;Kurum Girilecek
569227d8b1048b533bc9ba0fdd3c7e12e549314e-1721328569091;5. deneme;Kurum Girilecek
63f2e14f54fa66ec3aceda1ecb023cfc40028865-1763134788743;SEMANTİK - ANLAMBİLİM;Kurum Girilecek
35055dac95adb3f6c0c8afe1593ea9f87912dc72-1766944790954;Rus Ed.;Kurum Girilecek
85cf7f78d52f24b1855c37e9a252bd190adc9774-1683733573394;SORU ÇÖZÜMÜ - 2;Kurum Girilecek
c448cf7c3d21727c59ff7520b1e6d64bb8d26da4-1776528090193;SORU ÇÖZÜMÜ-9 ASIM KARA;Kurum Girilecek
3952b1ba6290cff1170a97c1b872549e03a00571-1733507644665;18) Dil bilgisi (Biçim/Şekil/Yapı Bilgisi-Sözcükte Yapı)-6;Kurum Girilecek
47ad9581e252e951e0b24eff427d809d1b680796-1670436721743;Yeni Türk Edebiyatı 8, TANZ. 2. KUŞAK TENKİT;Kurum Girilecek
c448cf7c3d21727c59ff7520b1e6d64bb8d26da4-1774458582055;SORU ÇÖZÜMÜ-2 ASIM KARA;Kurum Girilecek
2c9c467309288b393c174b75223f4225b0d7472a-1767984335892;ARA DÖNEM REHBERLİK;Kurum Girilecek
7ab67ab71b1bbf157d72dfcf328e8709400ca306-1689608740024;Hasan Kendir ÖYT 2 ;Kurum Girilecek
cd7d05e68c71654dbb3a45bdd22d1431e50099eb-1673193722624;FECRİ ATİ SANATÇILARI DEVAM;Kurum Girilecek
299cbd7fac79e094a9bc3b87c31b8813983b41dd-1742318892812;CUMHURİYET ROMAN-2;Kurum Girilecek
6fb816cac8d877ed782a082bbfb25c5eb5744b39-1763999791551;halk şairler;Kurum Girilecek
569227d8b1048b533bc9ba0fdd3c7e12e549314e-1721834374524;Yeni Türk Edebiyatı- 5;Kurum Girilecek
2b34ff093a4fe562ccbd4d1dec9defa11fabe2e9-1774629812266;YAZMA EĞİTİMİ SORU ÇÖZÜMÜ - 2;Kurum Girilecek
43e0c24a708ac8def75adeaf6b9f65e130d4bdd0-1717437856545;çocuk edebiyatı 3;Kurum Girilecek
d5a49c3ab0991a06073f0f2931a2fc49ad269629-1765471659383;Aruz Bilgisi-5;Kurum Girilecek
2989cbd1040502c55f1f74f8b38fcfc5950fc4d1-1776268418609;2026 1;Kurum Girilecek
79c85b7c52aa84edacb79852845006865341747c-1720454029158;2024 Haziran EB Rehberlik 3;Kurum Girilecek
299cbd7fac79e094a9bc3b87c31b8813983b41dd-1738684411825;Ara Soru Çözüm-3;Kurum Girilecek
f67b4948b1592313c2fb1206ef8b9f23a7902842-1713986398005;ÇOCUK EDBİYATI TÜRLERİ-5;Kurum Girilecek
cf6653b024fb43b999a9991841cfb523c524e3ac-1671728544813;Eski Türk Dili 13, Fiilimsiler ve Fiilde Çatı;Kurum Girilecek
15a2ee8b633f754e598185dfa9a9fcf803a820c1-1721423414680;8. DENEME (DİLBİLGİSİ - DİLBİLİM ÇÖZÜMÜ);Kurum Girilecek
059f2ad29732c04932217af6f0290782094cecca-1751651716270;İlker Hayat-Eski Türk Edebiyatı Yıl Sonu Kampı-6;Kurum Girilecek
08abbf76009bf8a0f94a84ab491c6134bf38a000-1741625637192;Coğrafya: ;Kurum Girilecek
55c3d5587517f3c7a330af2210d07d85f153ec9e-1714891598734;AYT Fizik:compton-görelilik-fotoelektrik olay;Kurum Girilecek
d5a49c3ab0991a06073f0f2931a2fc49ad269629-1762444233781;Eski Türk Edebiyatında Mazmunlar-3;Kurum Girilecek
35055dac95adb3f6c0c8afe1593ea9f87912dc72-1761497407616;AKIMLAR 2;Kurum Girilecek
7f01200677f79b1a8118e806c9c74b3e44ac522a-1671723349338;Eski Türk Dili 12, İsim Çekim Ekleri - Soru Çözümü;Kurum Girilecek
f0606cefae5dad25935200dc84fade98faaf2814-1671559127759;"Yeni Türk Dili 14; Cümle Türleri, Cümlenin Ögeleri";Kurum Girilecek
67a0ed999251ba0ebeb29147dcc4dd253e2a6427-1707586262301;Eski Dil Konu: ;Kurum Girilecek
51ff007f49e5d77e56517d69fb5c853e9d09bd18-1777132348272;YAZMA ÖĞRENME ÇIKTILARI;Kurum Girilecek
892b584343d0c9fc7ab552c5c90bbfd699dca74d-1733759426030;FERDİNAND DE SAUSSURE (DİZİSEL - DİZİMSEL İLİŞKİLER VE DİĞER KAVRAMLAR);Kurum Girilecek
f2cbea88fd85117b36715ad29b52afd6488b00e6-1739810635871;tür ve şekiller;Kurum Girilecek
2f27c9a0c85dc1fa318de5b49148c3e2ebee5150-1697218210706;Matematik Konu: ;Kurum Girilecek
8e61eb5f555233caf4407c28414876d3b7174667-1716652924172;TYT Kimya Soru Çözümü;Kurum Girilecek
15a2ee8b633f754e598185dfa9a9fcf803a820c1-1710193821372;2. DENEME (EDEBİYAT DERSLERİ ÇÖZÜMÜ);Kurum Girilecek
58fee96126fbde0c4f5e3c147df457ad979a56d4-1703699135647;sanatlar;Kurum Girilecek
fe480f83cf04c7e72b09b8ad64a25100295ff7d1-1715788380722;YTE Soru Çözümü;Kurum Girilecek
0227ecef24ffd5f993e3a594193ec0e6cca913b3-1776707488531;ÇOCUK EDEBİYATI-15;Kurum Girilecek
3ba87e9dba4566af423db4970fc0a9a81e7f8ee4-1710349216011;Vatandaşlık Konu: ;Kurum Girilecek
58fee96126fbde0c4f5e3c147df457ad979a56d4-1701273386959;beyit şerhi ve nazım şekilleri;Kurum Girilecek
0b39fa7964b7e6a1c4d6189b8ce131b2a4f28d79-1699726085053;DİNLEME TÜRLERİ- 1;Kurum Girilecek
8b04ea855d9d5c790faa74e3a476ed6085b6364e-1710098948545;DÜNYA EDEBİYATI SON 3;Kurum Girilecek
ad151c576f601dc0151d34b6e523c0f23a933705-1756147487011;deneme hukuk segbis;Kurum Girilecek
fd228e321dbb94df0cd1dbaa89a38de3fec308e6-1708099078397;TYT Din Kültürü: ;Kurum Girilecek
9fdf07051d9819d47eb1dd382da6ff4ee02c8440-1733413536015;2025 Yeni Türk Dili Soru Çözümü ;Kurum Girilecek
dc12c9d877c70209ea7d0274e884c99ee397001f-1765295662243;Sözcük türleri (Tamlamalar)-8;Kurum Girilecek
0b39fa7964b7e6a1c4d6189b8ce131b2a4f28d79-1705250989876;OKUMA BECERİSİNİ GELİŞTİRME ÇALIŞMALARI;Kurum Girilecek
fe534ba2be486200b29eba3998f61d35ede4b765-1738770898962;beyit inceleme ve aruz işlemleri;Kurum Girilecek
74ed3dc46c2cf555dcb20ef7302a408164379714-1705766384431;YTE Konu: Ömer Seyfettin ve Bağımsızlar;Kurum Girilecek
eafdf87d92d032163031a61a99792e3b13e2dda5-1702316045358;Osmanlı Tarih: ;Kurum Girilecek
63f2e14f54fa66ec3aceda1ecb023cfc40028865-1763139681299;SEMANTİK - ANLAMBİLİM - 2;Kurum Girilecek
b463c7dc4ec49555b99c85b74f9589582576c1ed-1674147292903;Eski Türk Dili 31, Türk Dillerinin Tarihsel Gelişimi;Kurum Girilecek
bd4384b32c09b8576d6eb70c9de558b5ab33981a-1697817094047;TYT Kimya Konu: ;Kurum Girilecek
059f2ad29732c04932217af6f0290782094cecca-1751392887493;Yeni Türk Edebiyatı Soru Çözümü- 3;Kurum Girilecek
299cbd7fac79e094a9bc3b87c31b8813983b41dd-1740499040518;CUMHURİYET ŞİİRİ-7;Kurum Girilecek
c86860633e0db4fdb55fd06cfa974eeae45a23ab-1717344109355;AYT Kimya ;Kurum Girilecek
403e7c4599e9a25f7617b1b86e974585ad29418a-1714410099456;8. SÖZCÜK TÜRLERİ (EDAT-BAĞLAÇ-ÜNLEM);Kurum Girilecek
88d69de1a3b9f514bd92c3c9a1f91277fccb196d-1754337686671;Savunma Sanayii, Robotik ve Uzay Teknolojileri;Kurum Girilecek
21f6643a5d29fdeb6ea0bbf295271d3aecf8908a-1747410372316;2025 Yeni Türk Edebiyatı Son Ders;Kurum Girilecek
892b584343d0c9fc7ab552c5c90bbfd699dca74d-1736611005480;BİÇİM BİLİMİ 1;Kurum Girilecek
88d69de1a3b9f514bd92c3c9a1f91277fccb196d-1754330893190;Savunma Sanayii, Robotik ve Uzay Teknolojileri;Kurum Girilecek
419dc6afc5a73cec4363868eee3833ee82885b48-1669744301796;Yeni Türk Dili 5, Ses Bilgisi;Kurum Girilecek
a7bb88795d338b5aaf53e13882b28f159d978cf6-1745077844919;MAARİF PROGRAMI-1;Kurum Girilecek
6fb816cac8d877ed782a082bbfb25c5eb5744b39-1765212609202;anonim halk edebiyatı;Kurum Girilecek
a7bb88795d338b5aaf53e13882b28f159d978cf6-1744479809750;BLOOM TAKSONOMİSİ;Kurum Girilecek
51ff007f49e5d77e56517d69fb5c853e9d09bd18-1776613676929;KONUŞMA ÖĞRENME ÇIKTILARI;Kurum Girilecek
3952b1ba6290cff1170a97c1b872549e03a00571-1733500472547;16) Dil bilgisi (Biçim/Şekil/Yapı Bilgisi-Sözcükte Yapı)-4;Kurum Girilecek
330be349abdae5d0aa48869ef79df560520745c5-1711040599372;YTE Konu: ;Kurum Girilecek
dfb704ca01640e7fc6de2cdfecda7b07b97c9dea-1715104085475;CUMHURİYET DÖNEMİ TİYATRO;Kurum Girilecek
29bf1d5b50fa1442d4db6047671b1933630984ab-1687358831237;Zeki Tuğa İnkılap Tarihi ;Kurum Girilecek
b45736dce4f683db2674f14377ab5e6a8c21bda8-1689496670513;2020 YENİ TÜRK EDEBİYATI;Kurum Girilecek
80b76a73d9fdf418aed6e143de1468fe9615c84a-1771084779295;BATILI NAZIM ŞEKİLLERİ;Kurum Girilecek
059f2ad29732c04932217af6f0290782094cecca-1751039520333;İlker Hayat-Eski Türk Edebiyatı Yıl Sonu Kampı-1;Kurum Girilecek
a2618ded70aecdb52fb93865cc1cc5151e90e0b5-1690997785550;Eski Edebiyat Genel Tekrar Soru Çözümü 7;Kurum Girilecek
35055dac95adb3f6c0c8afe1593ea9f87912dc72-1763316116109;Fransız ed. 2;Kurum Girilecek
7d856a5528132d97c75d058e84f41111ba0cfb69-1747244886369;şerh;Kurum Girilecek
39ada7948e44a190c6a5310af57282c355750bd8-1698254695860;TYT Türkçe Konu: Ses Bilgisi;Kurum Girilecek
2989cbd1040502c55f1f74f8b38fcfc5950fc4d1-1778082706584;2026 8;Kurum Girilecek
2b64d04ec742edbe89e046f7967ce553392d0b1e-1670950485995;Yeni Türk Dili 10, Fiiller ve Fiilimsiler;Kurum Girilecek
31cdc55918b71b5514504f28eb851543eef75ede-1704524375305;Biyoloji Konu: ;Kurum Girilecek
5f8f27850111931f4769f7f3dac9e5e4675aa363-1679591709768;Çağatay Türkçesi 47 Çağatay Türkçesi;Kurum Girilecek
2b34ff093a4fe562ccbd4d1dec9defa11fabe2e9-1768664880867;KONUŞMA EĞİTİMİ SON DERS;Kurum Girilecek
2b34ff093a4fe562ccbd4d1dec9defa11fabe2e9-1779554374357;YÖNTEM VE TEKNİKLER;Kurum Girilecek
63f2e14f54fa66ec3aceda1ecb023cfc40028865-1761327815103;DİL DOĞUŞ TEORİLERİ;Kurum Girilecek
299cbd7fac79e094a9bc3b87c31b8813983b41dd-1741109296408;CUMHURİYET ŞİİR-10;Kurum Girilecek
2b34ff093a4fe562ccbd4d1dec9defa11fabe2e9-1761407434641;DİNLEME EĞİTİMİ KAZANIMLARI - 1;Kurum Girilecek
8b04ea855d9d5c790faa74e3a476ed6085b6364e-1720630938576;İLLE DE ROMAN 4;Kurum Girilecek
2cc51447369a4a4491cccaa8c607a5d00c31a055-1702122358334;AYT Edebiyat: Güzel sanatlar, Coşkuya Bağlı Metinler ;Kurum Girilecek
80b76a73d9fdf418aed6e143de1468fe9615c84a-1770832550769;TANZİMAT EDEBİYATI-11;Kurum Girilecek
892b584343d0c9fc7ab552c5c90bbfd699dca74d-1738511724171;ANLAM İLİŞKİLERİ - ANLAM OLAYLARI 1;Kurum Girilecek
059f2ad29732c04932217af6f0290782094cecca-1751478319909;halk edeb.;Kurum Girilecek
f67b4948b1592313c2fb1206ef8b9f23a7902842-1714591482845;DÜNYA ÇOCUK EDEBİYATI-2;Kurum Girilecek
4e7fae8918da342b74efad293a4d66a7f65cff00-1704902381839;Vatandaşlık Konu: ;Kurum Girilecek
8797722914e101baa4578694025ea8348a748303-1782406674235;YENİ TÜRK EDEBİYATI-2;Kurum Girilecek
dfb704ca01640e7fc6de2cdfecda7b07b97c9dea-1701193626436;TANZİMAT EDEBİYATI 2. DÖNEM 4. DERS;Kurum Girilecek
39b8e5c38215661f894cd61d9724d310769dd785-1741632253694;7528 ÖMK 3. Ders;Kurum Girilecek
06260d18fb0db3b8a5ce095d9ab4e165223dce0a-1713374501767;İnkılap Soru Çözümü ;Kurum Girilecek
7d856a5528132d97c75d058e84f41111ba0cfb69-1748447736351;çıkmış soru analizi ve beyit şerhleri;Kurum Girilecek
b608f10726fa82cc564f2145f96e12b677537491-1690980793324;Eski Türk Dili Genel Tekrar ;Kurum Girilecek
c448cf7c3d21727c59ff7520b1e6d64bb8d26da4-1774462427692;SORU ÇÖZÜMÜ-3 ASIM KARA;Kurum Girilecek
1b83b99b582f3c66f015ab0fcc41deacb8b99355-1691169582130;Alan Eğitimi Soru Çözümü 2 ;Kurum Girilecek
dc12c9d877c70209ea7d0274e884c99ee397001f-1768326315853;2025 ÇIKMIŞ DİL BİLGİSİ SORULAR ÇÖZÜMÜ VE VEDA :((;Kurum Girilecek
2b34ff093a4fe562ccbd4d1dec9defa11fabe2e9-1763826830522;YAZMA EĞİTİMİ KAZANIMLARI - 2;Kurum Girilecek
2b34ff093a4fe562ccbd4d1dec9defa11fabe2e9-1772559942626;YAZMA EĞİTİMİ GİRİŞ;Kurum Girilecek
6fe13d4dfda6a87984da7a490ed256c293106d00-1716307113569;TYT Coğrafya Soru Çözümü;Kurum Girilecek
6d536a6c5a19dabdbbd3d76937f43b4eaceee54c-1717001509807;DİL ÖĞRETİM MODELLERİ;Kurum Girilecek
6d536a6c5a19dabdbbd3d76937f43b4eaceee54c-1720201653807;YABANCILARA TÜRKÇE ÖĞRETİMİ GİRİŞ;Kurum Girilecek
569227d8b1048b533bc9ba0fdd3c7e12e549314e-1722008256016;ÇOCUK EDEBİYATI SORU ÇÖZÜMÜ 2 PREMIUM....:);Kurum Girilecek
fe534ba2be486200b29eba3998f61d35ede4b765-1739375804052;mazmunlar;Kurum Girilecek
569227d8b1048b533bc9ba0fdd3c7e12e549314e-1722349081747;halk edbiyatı genel tekrar;Kurum Girilecek
15a2ee8b633f754e598185dfa9a9fcf803a820c1-1715228373478;4. DENEME (DÖRT TEMEL BECERİ ÇÖZÜM-2);Kurum Girilecek
63f2e14f54fa66ec3aceda1ecb023cfc40028865-1765561240504;GELENEKSEL DİL BİLİM OKULLARI;Kurum Girilecek
fe534ba2be486200b29eba3998f61d35ede4b765-1731519573290;nazım şekilleri;Kurum Girilecek
cd7d05e68c71654dbb3a45bdd22d1431e50099eb-1679857028140;CUMHURİYET DÖNEMİ SANATÇILAR DEVAM 2;Kurum Girilecek
14a8dda545d952458399ace37b70d3692f379972-1705221458879;AYT Matematik Konu: ;Kurum Girilecek
58fee96126fbde0c4f5e3c147df457ad979a56d4-1702216376169;beyit incelemeleri ve nazım türleri;Kurum Girilecek
8797722914e101baa4578694025ea8348a748303-1782414040653;YENİ TÜRK EDEBİYATI-4;Kurum Girilecek
dfb704ca01640e7fc6de2cdfecda7b07b97c9dea-1703008809430;SERVETİFÜNUN EDEBİYATI -8;Kurum Girilecek
65969e044fa72289844f0c7e20ac55edd22aaa0b-1700582251752;Vatandaşlık Konu: ;Kurum Girilecek
39cd347fb092a82fdc6677305719f26396a28dc9-1690462356484;Yeni Türk Dili Genel Tekrar;Kurum Girilecek
beaf29a63a55cec991fc25dc0d53a52753d0e27f-1742143862697;Eğitimin Temelleri ;Kurum Girilecek
7d856a5528132d97c75d058e84f41111ba0cfb69-1746813423388;şerh;Kurum Girilecek
312bbc85974af75f16f65aa775d5e67ca8f57583-1751818916296;2025 Yeni Türk Edebiyatı  Soru Çözümü ;Kurum Girilecek
dc12c9d877c70209ea7d0274e884c99ee397001f-1762880060255;ŞEKİL/YAPI/BİÇİM BİLGİSİ ( Ek Bilgisi)-4;Kurum Girilecek
15a2ee8b633f754e598185dfa9a9fcf803a820c1-1713237455757;3. DENEME REHBERLİK;Kurum Girilecek
65b3407b20fd99ea388d6de557a7a4ccf49c08ef-1704642307745;Türkçe Konu: Fiilimsiler;Kurum Girilecek
cd7d05e68c71654dbb3a45bdd22d1431e50099eb-1674402681903;MİLLİ EDEBİYAT SANATÇILARI DEVAM;Kurum Girilecek
059f2ad29732c04932217af6f0290782094cecca-1752335171500;VEDA;Kurum Girilecek
975229ad30f83f67fff0cb3430c313edfa6e64a6-1740916175261;soru çözüm 8;Kurum Girilecek
dfb704ca01640e7fc6de2cdfecda7b07b97c9dea-1699379896388;TANZİMAT EDEBİYATI 1.DÖNEM -1;Kurum Girilecek
304749d4ea6ec7e6ec06fe32c268cf5fd9b717a9-1690310191139;2017 YTE;Kurum Girilecek
dfb704ca01640e7fc6de2cdfecda7b07b97c9dea-1709056221966;CUMHURİYET ŞİİRİ-3;Kurum Girilecek
cd7d05e68c71654dbb3a45bdd22d1431e50099eb-1673798127679;MİLLİ EDEBİYAT SANATÇILAR;Kurum Girilecek
dfb704ca01640e7fc6de2cdfecda7b07b97c9dea-1701189831836;TANZİMAT EDEBİYATI 2. DÖNEM 3. DERS;Kurum Girilecek
aec9c980f4dd1c6480ef6650f75aaa8d975d963a-1745252797606;2025 İslamiyet Öncesi Türk Tarihi;Kurum Girilecek
fd5c21dfcef4665bb7e8b67c9d7f92cb619f22e0-1748879252473;KONUŞMA EĞİTİMİ - 3;Kurum Girilecek
0f591595c6cf80e83e215440abda614d2a359ed4-1706117136567;Türkçe Konu: ;Kurum Girilecek
35055dac95adb3f6c0c8afe1593ea9f87912dc72-1762707223336;akımlar 8;Kurum Girilecek
6d536a6c5a19dabdbbd3d76937f43b4eaceee54c-1715442341870;DİL ÖĞRENME DÜZEYLERİ - 3;Kurum Girilecek
0b2fd117a937e2cf35d6ccc0cbde6d60dd8ca758-1674752100391;Eski Türk Dili 36, Uygur Türkçesi;Kurum Girilecek
0b39fa7964b7e6a1c4d6189b8ce131b2a4f28d79-1708188438145;YAZMA TÜR, YÖNTEM VE TEKNİKLERİ-2;Kurum Girilecek
6006a3a977197e5b14a97cd89ed0a2d2d9e25f72-1721372198751;4 Temmel Beceri ;Kurum Girilecek
0b39fa7964b7e6a1c4d6189b8ce131b2a4f28d79-1698508419972;KAZANIMLAR SORU ÇÖZÜMÜ;Kurum Girilecek
059f2ad29732c04932217af6f0290782094cecca-1751735104192;ÇOCUK EDEBİYATI SORU ÇÖZÜMÜ -2;Kurum Girilecek
569227d8b1048b533bc9ba0fdd3c7e12e549314e-1721402364025;DÖRT TEMEL BECERİ-5;Kurum Girilecek
1d10e651b56ba91065ce984e05a4ecb9a94bdb21-1746131276650;Çağdaş Türk Tarihi son ders;Kurum Girilecek
0483dbe72fd22ee08518b386f3537dded945b37b-1733586393930;Eski Türk Dili;Kurum Girilecek
419ebcb60189148a2d67b525978fd9ffa740a5a0-1754336784515;Verimlilik ve Endüstriyel Uygulamalar;Kurum Girilecek
6debbf1ac3f8c0ba6c516f4699204a07a3c8bd65-1711138537488;. LETRİZM , EGZİSTANSİYALİZM , MODERNİZM;Kurum Girilecek
8d6e8f6927f4ffce83c21232694b74a22a9dd836-1709999106217;YTE Konu: BİREYİN İÇ DÜNYASI VE MODERNİST ROMANA GİRİŞ;Kurum Girilecek
32bc1d7fb14b395b9a79ea7e155ca36cbca48271-1687185917160;GYGK Türkçe Dil Bilgisi 2;Kurum Girilecek
403e7c4599e9a25f7617b1b86e974585ad29418a-1716310510199;20) Cümle Bilgisi (Fiilde Çatı);Kurum Girilecek
d39446f272688d5e772f0ac8214efd6620555449-1703347119192;halk edebiyatı tür ve şek,ller;Kurum Girilecek
fe534ba2be486200b29eba3998f61d35ede4b765-1732118164346;beyit şerhi ve nazım şekilleri;Kurum Girilecek
dc12c9d877c70209ea7d0274e884c99ee397001f-1764086241847;Sözcük Türleri (Sıfat)-3;Kurum Girilecek
80b76a73d9fdf418aed6e143de1468fe9615c84a-1776442549707;CUMHURİYET ROMANI-4;Kurum Girilecek
ec6916da03dae3a9fc126d3c9372e7ffef6c9aca-1737136726071;YKS Tarih: ;Kurum Girilecek
8797722914e101baa4578694025ea8348a748303-1782236239332;Eski Türk Edebiyatı-6;Kurum Girilecek
f91ca93753463c0cbda77e169b17c221d2c6a1e1-1701606075414;Coğrafya Konu: ;Kurum Girilecek
8b04ea855d9d5c790faa74e3a476ed6085b6364e-1720458752020;ille de roman olsun 1...;Kurum Girilecek
892b584343d0c9fc7ab552c5c90bbfd699dca74d-1735580771441;SES BİLİMİ 3 VE SORU ÇÖZÜMÜ;Kurum Girilecek
2a3118bee8adb487c610585b9ef9cfb19b60625b-1700243613947;dil bilim 6;Kurum Girilecek
d5a49c3ab0991a06073f0f2931a2fc49ad269629-1775152810908;Genel Değerlendirme ve Tekrar Soruları;Kurum Girilecek
fe534ba2be486200b29eba3998f61d35ede4b765-1739385031002;mazmunlar;Kurum Girilecek
e956e8816ef98e5935dca8ca0d893d6eb4c9a126-1716656972314;TYT kimya soru çözümü: ;Kurum Girilecek
af9d2ceee4ab55f6abcebe67d6f8c9770563fba7-1703864423563;Halk Edebiyatı Konu: Masal Tasnifleri, Fıkralar, Destanlara Giriş;Kurum Girilecek
4a26f0d6cb2d7fa5aa442b531d174826c51912f2-1732203907492;Yeni Türk Dili Ünlü ve Ünsizlerin Özelikleri + Ses Olayları 2;Kurum Girilecek
7c4737d4bfc6d711bae082a462cd611603524991-1751993706332;2025 Türk Halk Edebiyatı Soru Çözümü 1;Kurum Girilecek
80b76a73d9fdf418aed6e143de1468fe9615c84a-1771613845038;FECRİATİ EDEBİYATI-1;Kurum Girilecek
42ac763150ec53e3f89bc0aaa0afbd87357998f8-1704556001664;YTE Konu: ;Kurum Girilecek
2b34ff093a4fe562ccbd4d1dec9defa11fabe2e9-1774626249649;YAZMA EĞİTİMİ SORU ÇÖZÜMÜ;Kurum Girilecek
85cf7f78d52f24b1855c37e9a252bd190adc9774-1685895214881;-17;Kurum Girilecek
569227d8b1048b533bc9ba0fdd3c7e12e549314e-1722435963327;halk sorularla genel tekrar;Kurum Girilecek
d5a49c3ab0991a06073f0f2931a2fc49ad269629-1764258675682;Nazım Şekilleri-4;Kurum Girilecek
0b39fa7964b7e6a1c4d6189b8ce131b2a4f28d79-1698511616649;DİNLEME EĞİTİMİ GİRİŞ;Kurum Girilecek
df1ec4f291ea6f95dc921f204aac159143737489-1746719857184;2025 4 Temel Beceri;Kurum Girilecek
80b76a73d9fdf418aed6e143de1468fe9615c84a-1771433572814;SERVETİFÜNUN EDEBİYATI-3;Kurum Girilecek
a7bb88795d338b5aaf53e13882b28f159d978cf6-1742062547816;YAZMA EĞİTİMİ SORU ÇÖZÜMÜ-2;Kurum Girilecek
d39446f272688d5e772f0ac8214efd6620555449-1706371009968;tekke şairleri;Kurum Girilecek
dc12c9d877c70209ea7d0274e884c99ee397001f-1766508537194;CÜMLE BİLGİSİ (Kelime Grupları-Kısaltma Grupları-Cümlenin Ögeleri)-2;Kurum Girilecek
6c84f17b63b876059537e61366a7ab49c138504b-1711651335423;Eski Dil: Harezm Türkçesi ;Kurum Girilecek
2b34ff093a4fe562ccbd4d1dec9defa11fabe2e9-1763228487945;YAZMA EĞİTİMİ KAZANIMLARI;Kurum Girilecek
3a6707f63b8ca5a95931b9ccf651d84b991fcdcc-1697039773322;Tarih Konu: ;Kurum Girilecek
5c288540cc4a3963fdae332c9d03f4a623c474ee-1737906400542;Soru Çözümü;Kurum Girilecek
fe534ba2be486200b29eba3998f61d35ede4b765-1736959815814;sanatlar ve sorularla analiz tekrar;Kurum Girilecek
715fc8d65e92cd5925de6c626e1ca328b19706f7-1733845866860;TYT Türkçe Ses Bilgisi;Kurum Girilecek
d06009f188dde91d00002fc3951723fc2b5d12bf-1687531511102;Mehmet Akif Genel Tarih ;Kurum Girilecek
d5a49c3ab0991a06073f0f2931a2fc49ad269629-1767887536869;Aruz Bilgisi-10;Kurum Girilecek
c448cf7c3d21727c59ff7520b1e6d64bb8d26da4-1744997930535;SÖZCÜK, CÜMLE BİLGİSİ 6;Kurum Girilecek
885cd183396123664aae15258f36ab40589223ad-1741886762456;222 SAYILI KANUN 4. DERS;Kurum Girilecek
4e115b4f2f6895ce8fc92bc882a966a33afede39-1771786993856;şerh son ders not sonragelecek;Kurum Girilecek
059f2ad29732c04932217af6f0290782094cecca-1751903569585;DİL BİLGİSİ SON DERS (Güzel bir sıralama yapmanız dileğiyle:));Kurum Girilecek
e642d333fd141c10b088e21c148ce8d557177504-1709307965507;Halk Edebiyatı Konu: Orta Oyunu, Kukla, Meddah;Kurum Girilecek
8797722914e101baa4578694025ea8348a748303-1782147223764;Eski Türk Edebiyatı-2;Kurum Girilecek
569227d8b1048b533bc9ba0fdd3c7e12e549314e-1721492459705;Dil bilgisi-dil dilimi yıl sonu soru çözümlü genel tekrar 3;Kurum Girilecek
fd5c21dfcef4665bb7e8b67c9d7f92cb619f22e0-1748274625799;DİNLEME EĞİTİMİ-4;Kurum Girilecek
cd7d05e68c71654dbb3a45bdd22d1431e50099eb-1670774665861;SERVETİ FÜNUN EDEBİYATI SANATÇILARI 1;Kurum Girilecek
0227ecef24ffd5f993e3a594193ec0e6cca913b3-1777910448344;ÇOCUK EDEBİYATI-19;Kurum Girilecek
059f2ad29732c04932217af6f0290782094cecca-1751731027284;ÇOCUK EDEBİYATI SORU ÇÖZÜMÜ;Kurum Girilecek
3952b1ba6290cff1170a97c1b872549e03a00571-1734109370054;20) Dil bilgisi [Sözcük Türleri (isim, zamir, sıfat, zarf)]-2;Kurum Girilecek
fe534ba2be486200b29eba3998f61d35ede4b765-1736962893238;sanatlar sorularla analiz tekrar;Kurum Girilecek
d7b8199d8d8128837ea81b8ac1556a8a8f66b5ca-1677604390504;Yeni Türk Edebiyatı 32;Kurum Girilecek
c448cf7c3d21727c59ff7520b1e6d64bb8d26da4-1775929407526;SORU ÇÖZÜMÜ- 8 ASIM KARA;Kurum Girilecek
63175c9bc1a07dc877cffb0f987d9d6585316670-1748713174571;ÇIKMIŞ SORULAR - 2 VE SON;Kurum Girilecek
4e115b4f2f6895ce8fc92bc882a966a33afede39-1776963110625;Beyit Şerhi-8;Kurum Girilecek
5f33e0798bfc33b97712c13fa2e80292f86d6563-1702056737455;Coğrafya Konu: ;Kurum Girilecek
6d4504fe20c244dab5d69784c047c0c8bd87bb01-1746208728253;Coğrafya:;Kurum Girilecek
569227d8b1048b533bc9ba0fdd3c7e12e549314e-1721234333831;Yeni Türk Edebiyatı -3;Kurum Girilecek
886d2d53a2b4abefb905239d39e83fc4dd61285f-1671034166180;Yeni Türk Edebiyatı 9,;Kurum Girilecek
d5a49c3ab0991a06073f0f2931a2fc49ad269629-1770313096560;Nazım Türleri-4;Kurum Girilecek
d3b019e92785911576904e1bfbe40bd8c4d1dbe8-1703525759715;Osmanlı Tarihi Konu: ;Kurum Girilecek
1c86565df3ee8541f9de070287b5c85b6aa01c32-1696261513789;Matematik 5 konu: Basamak Kavramı;Kurum Girilecek
63f2e14f54fa66ec3aceda1ecb023cfc40028865-1765557958969;EDİM DİL BİLİM - 4;Kurum Girilecek
58fee96126fbde0c4f5e3c147df457ad979a56d4-1707328330569;mazmunlar;Kurum Girilecek
42d6e83afe217ba33d5db870e6044fb22882b8f6-1703692633005;Osmanlı Tarihi Konu: ;Kurum Girilecek
128ee7ae1c5f41fe88f16172049e1ab7f7dee599-1737475229210;Anayasa: ;Kurum Girilecek
dfb704ca01640e7fc6de2cdfecda7b07b97c9dea-1701186811336;TANZİMAT EDEBİYATI 2. DÖNEM 2.DERS;Kurum Girilecek
49f8c5d0702c72ba73ad265e410f51db88dbc84e-1704907538544;Türkçe Konu: Fiilimsi / Fiilde Çatı;Kurum Girilecek
d5a49c3ab0991a06073f0f2931a2fc49ad269629-1763053327307;Eski Türk Edebiyatında Âşık- Sevgili- Rakip-1;Kurum Girilecek
0227ecef24ffd5f993e3a594193ec0e6cca913b3-1775493898388;ÇOCUK EDEBİYATI-8;Kurum Girilecek
3d09b57894cf4a272e1438881bd0e6ae80e0d5ac-1706370768927;YTE Konu: ;Kurum Girilecek
6d536a6c5a19dabdbbd3d76937f43b4eaceee54c-1711566903186;SEZDİRME YÖNTEMİ;Kurum Girilecek
fe534ba2be486200b29eba3998f61d35ede4b765-1740594714650;şair yazar eser;Kurum Girilecek
6d536a6c5a19dabdbbd3d76937f43b4eaceee54c-1710358052555;ÖLÇME VE DEĞERLENDİRME;Kurum Girilecek
6d536a6c5a19dabdbbd3d76937f43b4eaceee54c-1716397062778;DİL ÖĞRETİM YÖNTEMLERİ - 1;Kurum Girilecek
f2cbea88fd85117b36715ad29b52afd6488b00e6-1747328215404;cıkmış sorular analiz;Kurum Girilecek
2bdf1a7a94ad11ef4f9d9ed6ba438e63ab934570-1703258701025;Halk Edebiyatı Konu: Masallar ( Türleri, sınıflandırılması...);Kurum Girilecek
51ff007f49e5d77e56517d69fb5c853e9d09bd18-1775666624559;OKUMA ÖĞRENME ÇIKTILARI - 2;Kurum Girilecek
5ce51cb54810a16d8a1e6a23f06074436bc95ff3-1707321554951;Vatandaşlık Konu: ;Kurum Girilecek
d305edf349e169ec0d4a1cea4b4c9bd37694e4b4-1690549298184;Eski Dil Genel Tekrar 5;Kurum Girilecek
dfb704ca01640e7fc6de2cdfecda7b07b97c9dea-1707235080618;MİLLİ EDEBİYAT-4;Kurum Girilecek
a7bb88795d338b5aaf53e13882b28f159d978cf6-1735400630576;DİNLEMEYİ ETKİLEYEN FAKTÖRLER -2;Kurum Girilecek
b340efac74f7dc992571801e63391eccb2e4cd2e-1714385739270;AYT Biyoloji: ;Kurum Girilecek
43e0c24a708ac8def75adeaf6b9f65e130d4bdd0-1718034700343;Türk Çocuk Edebiyatı;Kurum Girilecek
2a3118bee8adb487c610585b9ef9cfb19b60625b-1702050869198;dil bilim okullar;Kurum Girilecek
63f2e14f54fa66ec3aceda1ecb023cfc40028865-1761324082003;DİLLERİN SINIFLANDIRILMASI;Kurum Girilecek
cd7d05e68c71654dbb3a45bdd22d1431e50099eb-1670176154459;SERVETİ FÜNUN DÖNEMİ GENEL ÖZELLİKLERİ;Kurum Girilecek
d5a49c3ab0991a06073f0f2931a2fc49ad269629-1772127915178;Klasik Türk Edebiyatı Tarihi-2;Kurum Girilecek
d76a981eef0e67a6cebad34e8b74129225f195e1-1715500763804;AYT Coğrafya: ;Kurum Girilecek
63f2e14f54fa66ec3aceda1ecb023cfc40028865-1763743493687;METİN DİL BİLİM;Kurum Girilecek
bf34a30375919b679162e745b11e71cb60b00db8-1717944090579;Türk ve Şekil;Kurum Girilecek
7fd2f948a1f6cecb3e54a9c3e53f5c712948fe53-1746978567991;SORU ÇÖZÜMÜ -3;Kurum Girilecek
7350dccdbca09ba216240f24998cf57cf32f7f93-1735061453870;Tarih : ;Kurum Girilecek
58fee96126fbde0c4f5e3c147df457ad979a56d4-1707929724868;mazmunlar;Kurum Girilecek
bf34a30375919b679162e745b11e71cb60b00db8-1715525279092;şerh 8;Kurum Girilecek
80b76a73d9fdf418aed6e143de1468fe9615c84a-1778260988010;CUMHURİYET ROMANI-14 VE CUMHURİYET TİYATROSU-1;Kurum Girilecek
569227d8b1048b533bc9ba0fdd3c7e12e549314e-1722004286190;çocuk edebiyatı soru çözümü DIAMOND...:);Kurum Girilecek
fe534ba2be486200b29eba3998f61d35ede4b765-1734540591369;sanatlar;Kurum Girilecek
419ebcb60189148a2d67b525978fd9ffa740a5a0-1754365642507;Verimlilik ve Endüstriyel Uygulamalar;Kurum Girilecek
85d021393f998d930f299afa2278d65c92aed56a-1717679542697;AYT Edebiyat: ;Kurum Girilecek
4e115b4f2f6895ce8fc92bc882a966a33afede39-1778776855673;Beyit Şerhi-17;Kurum Girilecek
63f2e14f54fa66ec3aceda1ecb023cfc40028865-1764949522886;METİN DİLBİLİM - 3;Kurum Girilecek
2a04ca2680c02b26afa6585d388c65006525f8c5-1710005121833;Eski Dil Konu: Türk Dillerinin Tarihi Gelişimi ;Kurum Girilecek
059f2ad29732c04932217af6f0290782094cecca-1751647872912;İlker Hayat-Eski Türk Edebiyatı Yıl Sonu Kampı-5;Kurum Girilecek
2b34ff093a4fe562ccbd4d1dec9defa11fabe2e9-1778949958698;DİL BİLGİSİ ANLAYIŞLARI;Kurum Girilecek
58fee96126fbde0c4f5e3c147df457ad979a56d4-1709740318662;şair yazar ve eserler;Kurum Girilecek
47adf0b812c86facf741166ada80e69a0b1221c8-1673461313456;Yeni Türk Edebiyatı REFİK HALİT - ÖMER SEYFETTİN 21,;Kurum Girilecek
35055dac95adb3f6c0c8afe1593ea9f87912dc72-1765121850500;fransız 10;Kurum Girilecek
bf34a30375919b679162e745b11e71cb60b00db8-1713717839288;aruz 3;Kurum Girilecek
bf34a30375919b679162e745b11e71cb60b00db8-1713714459651;aruz 2;Kurum Girilecek
76049fe92b6c998ad11f4ee8b705868a7863a504-1701615534747;Geometri Konu: ;Kurum Girilecek
d39446f272688d5e772f0ac8214efd6620555449-1704556103444;halk edebiyatı tür ve şekiler;Kurum Girilecek
a7bb88795d338b5aaf53e13882b28f159d978cf6-1739637791870;ZİHİNSEL SÖZLÜK GELİŞTİRME;Kurum Girilecek
5c288540cc4a3963fdae332c9d03f4a623c474ee-1736696902271;Rus ED. DEVAM;Kurum Girilecek
cd7d05e68c71654dbb3a45bdd22d1431e50099eb-1679248062779;cumhuriyet dönemi sanatçıları 3;Kurum Girilecek
b854da7ac240635275ba16d215389794aede8250-1690197500630;Eski Dil 2019;Kurum Girilecek
6debbf1ac3f8c0ba6c516f4699204a07a3c8bd65-1715960495007;Diğer milletlerin edebiyatı;Kurum Girilecek
299cbd7fac79e094a9bc3b87c31b8813983b41dd-1736874283572;MİLLİ EDEBİYAT DÖNEMİ-7;Kurum Girilecek
5e51b6fae5ff8644515ade4f1f0d50336b7fbe93-1699187517801;Coğrafya Konu: ;Kurum Girilecek
f67b4948b1592313c2fb1206ef8b9f23a7902842-1713983088280;ÇOCUK EDBİYATI TÜRLERİ-4;Kurum Girilecek
15a2ee8b633f754e598185dfa9a9fcf803a820c1-1717711178805;5. DENEME (DİL BİLGİSİ - DİL BİLİM ÇÖZÜM);Kurum Girilecek
892b584343d0c9fc7ab552c5c90bbfd699dca74d-1733155167986;FERDİNAND DE SAUSSURE *ÇOK ÖNEMLİ*;Kurum Girilecek
04f7da024f41953b6dfc87d4919aa3f8026dd021-1700405449978;Kimya Konu: ;Kurum Girilecek
80b76a73d9fdf418aed6e143de1468fe9615c84a-1770223964830;TANZİMAT EDEBİYATI-4;Kurum Girilecek
569227d8b1048b533bc9ba0fdd3c7e12e549314e-1721485601351;Dil bilgisi-dil dilimi yıl sonu soru çözümlü genel tekrar 1;Kurum Girilecek
6d536a6c5a19dabdbbd3d76937f43b4eaceee54c-1714840816809;DİL ÖĞRENME DÜZEYLERİ - 1;Kurum Girilecek
63f2e14f54fa66ec3aceda1ecb023cfc40028865-1773510552492;Edim Bilimi (Pragmatik) - 3;Kurum Girilecek
2836aecd84f30714f31890677ac9587673c87b13-1752150460137;2025 Halk Edebiyatı 4. ders;Kurum Girilecek
7d856a5528132d97c75d058e84f41111ba0cfb69-1746640195136;beyit şerhleri 2;Kurum Girilecek
63f2e14f54fa66ec3aceda1ecb023cfc40028865-1762530623832;PARÇAÜSTÜ SESBİRİMLER;Kurum Girilecek
80b76a73d9fdf418aed6e143de1468fe9615c84a-1772211349006;MİLLİ EDEBİYAT-2;Kurum Girilecek
fc9b8eae60679181d9e13d09842e29a8cc92542f-1698853691763;Kimya Konu:;Kurum Girilecek
dc12c9d877c70209ea7d0274e884c99ee397001f-1765303658813;Sözcük türleri (Fiil, ek-fiil, fiilimsi)-11;Kurum Girilecek
c884aab3abc17f127d58528f1a597a3448670eef-1710954661167;AYT Kimya Konu: ;Kurum Girilecek
a7bb88795d338b5aaf53e13882b28f159d978cf6-1737215863006;SES ÖZELLİKLERİ;Kurum Girilecek
1b757f7df44048a5014f491d2074936d629d0f09-1698428477848;TYT Coğrafya Konu: ;Kurum Girilecek
7a0686e8d44912105398afed4ef4f2828c3c3073-1701365761154;AYT Matematik Konu: ;Kurum Girilecek
15a2ee8b633f754e598185dfa9a9fcf803a820c1-1712686081988;3. DENEME (EDEBİYAT DERSLERİ);Kurum Girilecek
6d536a6c5a19dabdbbd3d76937f43b4eaceee54c-1720543651124;Yabancılara Türkçe öğretimi  kazanımlar;Kurum Girilecek
2b34ff093a4fe562ccbd4d1dec9defa11fabe2e9-1769880981213;OKUMA STRATEJİLERİ;Kurum Girilecek
470b10ddba8ce991cf01f5f499d3ace25d18468c-1704005364116;Fizik Konu: ;Kurum Girilecek
c3c9f6daeeaa7602a301bc110e9fa48fa241f490-1740002780555;maetmatikdersix;Kurum Girilecek
7ff37f8f0bbe7670f33b12de813f029b29fa5a78-1701273342549;Türkçe Konu: Fiiller ve Fiilin Yapısı;Kurum Girilecek
f67b4948b1592313c2fb1206ef8b9f23a7902842-1713381356575;ÇOCUK EDEBİYATI TÜRLERİ-3;Kurum Girilecek
a272d95b5a8562676378491191adf1e7a5edd179-1717862064057;Halk Edebiyatı Soru Çözümü ;Kurum Girilecek
c448cf7c3d21727c59ff7520b1e6d64bb8d26da4-1741544303046;5- SES BİLGİSİ;Kurum Girilecek
2a3118bee8adb487c610585b9ef9cfb19b60625b-1702655671615;dil bilim okulları- Yeter ki Onursuz Olmasın AŞK;Kurum Girilecek
78d8769d375fd59e6554a984dfe43897d1a3bfec-1704639497454;Geometri Konu: ;Kurum Girilecek
63f2e14f54fa66ec3aceda1ecb023cfc40028865-1770137328869;DİL, DİL TEORİLERİ VE DİL AİLELERİ-2;Kurum Girilecek
85cf7f78d52f24b1855c37e9a252bd190adc9774-1682790914871;OKUMA KAZANIMLARI;Kurum Girilecek
b2714eecb3cbe8e409fe34b0820d9e0af05d6a99-1670341542069;Yeni Türk Dili 6, Sözcük Türleri;Kurum Girilecek
8797722914e101baa4578694025ea8348a748303-1782402851175;YENİ TÜRK EDEBİYATI-1;Kurum Girilecek
2a3118bee8adb487c610585b9ef9cfb19b60625b-1700849928964;dil bilim devam 2;Kurum Girilecek
35055dac95adb3f6c0c8afe1593ea9f87912dc72-1761501111805;AKIMLAR 3;Kurum Girilecek
51ff007f49e5d77e56517d69fb5c853e9d09bd18-1777135282441;YAZMA ÖĞRENME ÇIKTILARI - 2;Kurum Girilecek
dfb704ca01640e7fc6de2cdfecda7b07b97c9dea-1699980530747;TANZİMAT EDEBİYATI 1. DÖNEM -3;Kurum Girilecek
dfb704ca01640e7fc6de2cdfecda7b07b97c9dea-1713887907440;CUMHURİYET ROMANI-3;Kurum Girilecek
dfb704ca01640e7fc6de2cdfecda7b07b97c9dea-1711473760339;CUMHURİYET ŞİİRİ- 13;Kurum Girilecek
fe534ba2be486200b29eba3998f61d35ede4b765-1736355232821;sanatlar;Kurum Girilecek
238e8a9acdb270213a8448bf824e90821ec2d559-1751544308021;2025 Eski Türk Dili Soru Çözümü ;Kurum Girilecek
a7bb88795d338b5aaf53e13882b28f159d978cf6-1735404522216;DİNLEMEYİ ETKİLEYEN FAKTÖRLER- 3;Kurum Girilecek
d5a49c3ab0991a06073f0f2931a2fc49ad269629-1763660767074;Nazım Şekilleri-3;Kurum Girilecek
99cbc256200ac710e8fb506fbe2a08557840c1be-1732902483305;YKS Tarih: ;Kurum Girilecek
885cd183396123664aae15258f36ab40589223ad-1741375201299;222 SAYILI KANUN 3. DERS;Kurum Girilecek
8b04ea855d9d5c790faa74e3a476ed6085b6364e-1707495033143;DÜNYA EDEBİYATI- GARBIN AFAKI GİBİ BİR EDEBİYAT...;Kurum Girilecek
a7bb88795d338b5aaf53e13882b28f159d978cf6-1747500350566;DİL YAPILARI VE STRATEJİLER - 2;Kurum Girilecek
0581e481adea56f88e0f5afd3b2ba14c5fa6c51c-1711212962954;YTE Konu: ;Kurum Girilecek
3952b1ba6290cff1170a97c1b872549e03a00571-1736529174814;32) Dil bilgisi [Sözcük Türleri (fiil, ek-fiil, fiilimsi)]-4;Kurum Girilecek
6debbf1ac3f8c0ba6c516f4699204a07a3c8bd65-1715355678880;Rus edebiyatına devem;Kurum Girilecek
f67b4948b1592313c2fb1206ef8b9f23a7902842-1712428169031;İÇ YAPI ÖZELLİKLERİ DEVAM;Kurum Girilecek
80b76a73d9fdf418aed6e143de1468fe9615c84a-1779127557813;YTE SORU ÇÖZÜMÜ-3;Kurum Girilecek
0b39fa7964b7e6a1c4d6189b8ce131b2a4f28d79-1700931584080;PARÇAÜSTÜ SESBİRİMLERİ;Kurum Girilecek
9550101aae27572adda4303134058a03a286dcf7-1701586547743;Fizik Konu: ;Kurum Girilecek
dbf84d9d6191c79fb1bcac21a040b2d937978736-1710867674940;YKS Tarih Konu: (ATATÜRK İLKELERİ VE ATATÜRK'ÜN HAYATI);Kurum Girilecek
1361a6211091236e7e6ceaf55d8f963e134d1268-1750523239135;2025 Eski Türk Edebiyatı Soru Çözümü;Kurum Girilecek
0b30102aaa8f54593b0ec936b8469940d49848da-1731339928617;Türkçe Soru Çözümü Yapı Bilgisi 1;Kurum Girilecek
dfb704ca01640e7fc6de2cdfecda7b07b97c9dea-1702396320983;SERVETİFÜNÜN EDEBİYATI- 3;Kurum Girilecek
d5a49c3ab0991a06073f0f2931a2fc49ad269629-1768498979579;Edebi Sanatlar-6;Kurum Girilecek
dfb704ca01640e7fc6de2cdfecda7b07b97c9dea-1715702615764;ÖĞRETİCİ METİNLER -1;Kurum Girilecek
f67b4948b1592313c2fb1206ef8b9f23a7902842-1715801811603;TÜRKİYEDE ÇOCUK EDEBİYATI TARİHÇESİ -6;Kurum Girilecek
7d856a5528132d97c75d058e84f41111ba0cfb69-1747849740807;beyit şerhleri;Kurum Girilecek
4e115b4f2f6895ce8fc92bc882a966a33afede39-1775758415712;Beyit Şerhi-3;Kurum Girilecek
fe534ba2be486200b29eba3998f61d35ede4b765-1738169163706;aruz ve işlemler;Kurum Girilecek
0b39fa7964b7e6a1c4d6189b8ce131b2a4f28d79-1700938316664;KONUŞMA BOZUKLUKLARI - 2;Kurum Girilecek
38883c1947af7819147d3f2d45e2fb674b2df191-1708450704645;4 Temel Beceri: ;Kurum Girilecek
b81116fbdb9b314386c5bc88ff901f8371e30c61-1671124700035;Eski Türk Dili 10, İsim Çekim Ekleri;Kurum Girilecek
b22054294433ad61bf2d3a1e9b15e693c8e416da-1713804359277;GYGK matematik: ;Kurum Girilecek
63f2e14f54fa66ec3aceda1ecb023cfc40028865-1761929156139;DİL BİLİM ALT DALLARI - 2;Kurum Girilecek
b50c0b8edffe2de19299cfcb7f7bd223de5d536e-1672160960753;Eski Türk Dili 16, Fiilde Çatı-Yapım Ekleri;Kurum Girilecek
58fee96126fbde0c4f5e3c147df457ad979a56d4-1703087348821;beyit incelemesi - söz sanatları;Kurum Girilecek
7af1b49285c0b8a3a300208d8db3e5ae9ef124d5-1677771853664;Eski Türk Dili 41 Harezm Türkçesi;Kurum Girilecek
30045c4a457637d3e6dca39ff0e37852f438a8a8-1700589347791;Fizik Konu: termometre;Kurum Girilecek
96799d44ee03757118ca942f4420977e2fa2f2a2-1719251513291;CİHANGİR - 2;Kurum Girilecek
dc12c9d877c70209ea7d0274e884c99ee397001f-1768322916254;CÜMLE BİLGİSİ (Cümle Çeşitleri)-11;Kurum Girilecek
cf97e4f780cc17b2e47744727b5f23e1a763c3ce-1707753466816;Paragraf : Paragrafta Anlam;Kurum Girilecek
63f2e14f54fa66ec3aceda1ecb023cfc40028865-1775404542888;Metin Dil Bilimi -2;Kurum Girilecek
3952b1ba6290cff1170a97c1b872549e03a00571-1734717429791;24) Dil bilgisi [Sözcük Türleri (isim, zamir, sıfat, zarf)]-6;Kurum Girilecek
bf34a30375919b679162e745b11e71cb60b00db8-1716741018743;şerh 16;Kurum Girilecek
cd7d05e68c71654dbb3a45bdd22d1431e50099eb-1680458216271;cumhuriyet dönemi sanatçıları;Kurum Girilecek
c31e8f422ae72972ef92770f033884b8dc3c71dc-1739808030980;Anayasa: ;Kurum Girilecek
d8e321fa4e051f8e769075249905b534f3ae347f-1690208769641;Halk Edebiyatı Genel Tekrar 2-2 ;Kurum Girilecek
6debbf1ac3f8c0ba6c516f4699204a07a3c8bd65-1711135272902;EKSPRESYONİZM (DIŞAVURUMCULUK), FÜTÜRİZM (GELECEKÇİLİK), KÜBİZM;Kurum Girilecek
49d046f9c392763e25aa935b2b3c862dedbc1727-1698582109439;TYT Coğrafya Konu: ;Kurum Girilecek
3bc7175d774a8f92cb5a664e15d48df4fa1d9aef-1742921637818;İnkılap Tarihi;Kurum Girilecek
63f2e14f54fa66ec3aceda1ecb023cfc40028865-1766767793985;MODERN DİL BİLİM OKULLARI;Kurum Girilecek
31c64c88477292cfe3fc19b470709b2de3359805-1708878369272;Paragraf : Paragrafta Anlam;Kurum Girilecek
80b76a73d9fdf418aed6e143de1468fe9615c84a-1772038444638;FECRİATİ EDEBİYATI-2;Kurum Girilecek
7d856a5528132d97c75d058e84f41111ba0cfb69-1744817705021;Aruz Risalesi;Kurum Girilecek
403e7c4599e9a25f7617b1b86e974585ad29418a-1713804675133;5. SÖZCÜK TÜRLERİ (İSİM, ZAMİR, SIFAT, ZARF);Kurum Girilecek
c03f5eaf43914dac8519cd9b1144cdfeed8ece8a-1680628227500;Yeni Türk Edebiyatı 45,;Kurum Girilecek
9800aa6a77e84cf6435eca51d65af76bf27b4116-1679421777879;Yeni Türk Edebiyatı 41,;Kurum Girilecek
dc12c9d877c70209ea7d0274e884c99ee397001f-1761670764877;SES BİLGİSİ/FONETİK (Ünsüzlerin Sınıflandırılması, Ses Olayları)-2;Kurum Girilecek
41e095c55bd9321689f474d053a57c53baf09ca4-1745083639135;Coğrafya: ;Kurum Girilecek
85cf7f78d52f24b1855c37e9a252bd190adc9774-1683737122046;SORU ÇÖZÜMÜ - 3;Kurum Girilecek
15a2ee8b633f754e598185dfa9a9fcf803a820c1-1721006649831;7. DENEME (DÖRT TEMEL BECERİ ÇÖZÜM);Kurum Girilecek
759036414e752a1c2169ed583e509525db7fe50a-1696607490225;Kimya 2 Konu: ;Kurum Girilecek
88d69de1a3b9f514bd92c3c9a1f91277fccb196d-1754330728064;Savunma Sanayii, Robotik ve Uzay Teknolojileri;Kurum Girilecek
cd7d05e68c71654dbb3a45bdd22d1431e50099eb-1678035372074;cumhuriyet dönemi 1945 sonrası şiir devam;Kurum Girilecek
2b34ff093a4fe562ccbd4d1dec9defa11fabe2e9-1771346827788;OKUMA TÜRLERİ;Kurum Girilecek
0b39fa7964b7e6a1c4d6189b8ce131b2a4f28d79-1696348167041;2019 TÜRKÇE DERSİ ÖĞRETİM PROGRAMI GİRİŞ;Kurum Girilecek
dfb704ca01640e7fc6de2cdfecda7b07b97c9dea-1699984273940;TANZİMAT EDEBİYATI 1. DÖNEM -4;Kurum Girilecek
8797722914e101baa4578694025ea8348a748303-1782489006836;Halk 1;Kurum Girilecek
63f2e14f54fa66ec3aceda1ecb023cfc40028865-1766165821699;SAUSSURE - 3;Kurum Girilecek
c448cf7c3d21727c59ff7520b1e6d64bb8d26da4-1776531208328;SORU ÇÖZÜMÜ-10;Kurum Girilecek
248eeae2d4ec5e76af5f13bd1e1edb25df38cc28-1740160655903;YKS Tarih: ;Kurum Girilecek
4ef6054728ccf580f168999bbb164f73c09b3f62-1719558019030;GYGK Geometri 2;Kurum Girilecek
c448cf7c3d21727c59ff7520b1e6d64bb8d26da4-1744994910080;SÖZCÜK, CÜMLE BİLGİSİ 5;Kurum Girilecek
e60003cc242983d50a26e43e5ba9f6b8871a0f8c-1738780368786;AGS SEMİNERİ;Kurum Girilecek
e1f43888556038e57bfec73a2dd08f03328e0511-1703778173273;YTE Konu: ;Kurum Girilecek
3952b1ba6290cff1170a97c1b872549e03a00571-1733504448668;17) Dil bilgisi (Biçim/Şekil/Yapı Bilgisi-Sözcükte Yapı)-5;Kurum Girilecek
e4e8465e4b553a0b10dcc6b5c215db69f5fd1d2c-1704382818584;YTE Konu: E.CEDİDE DIŞI ROMAN VE FECRİATİ;Kurum Girilecek
dfb704ca01640e7fc6de2cdfecda7b07b97c9dea-1710267245924;CUMHURİYET ŞİİR- 8;Kurum Girilecek
b938711a95141502bb11978767f71d8182d4581b-1714224036331;AYT Kimya: ELEKTROKİMYA II;Kurum Girilecek
d5a49c3ab0991a06073f0f2931a2fc49ad269629-1761234522072;Eski Türk Edebiyatı- Tanıtım- Üniteler- Kaynaklar...;Kurum Girilecek
7d856a5528132d97c75d058e84f41111ba0cfb69-1747241123363;şerh;Kurum Girilecek
e2e7a802097305c0fa62257e97c71b5e98391a52-1702802740675;AYT Matematik Konu: ;Kurum Girilecek
971e6032d23f110286d9d2a3a3df2092934636dc-1705849493172;Geometri konu: ;Kurum Girilecek
c2bdcd65896ccb7d920c772a7023ec30413ca386-1745171737180;TÜRKİYEDE ÇOCUK EDEBİYATI-2;Kurum Girilecek
2989cbd1040502c55f1f74f8b38fcfc5950fc4d1-1776881259051;2026 4;Kurum Girilecek
d64575d520f758902d8be186928b2c5886658d7d-1696613996066;Türkçe Konu: ;Kurum Girilecek
6fb816cac8d877ed782a082bbfb25c5eb5744b39-1765814183496;masallar;Kurum Girilecek
ad78a38c29199f401bf13a553bce2260c7d8987e-1708622745265;Eski Dil: Fiilde Çatı ;Kurum Girilecek
c2bdcd65896ccb7d920c772a7023ec30413ca386-1742753900709;ÇOCUK EDEBİYATINDA BULUNMASI GEREKEN ÖZELLİKLER-2;Kurum Girilecek
d23142a8efc29a8b28c5b29812d98816117f7018-1704994084337;Eski Dil Konu: ;Kurum Girilecek
892b584343d0c9fc7ab552c5c90bbfd699dca74d-1731343804360;DİL BİLİM 8 - DİL KAVRAMLARI;Kurum Girilecek
d6877d6244a8f2084ce2c43ad7294cf1c8817ca5-1690995199606;Eski Türk Edebiyatı Soru Çözümü;Kurum Girilecek
cd7d05e68c71654dbb3a45bdd22d1431e50099eb-1673196730568;milli edebiyat genel özellikler;Kurum Girilecek
8b04ea855d9d5c790faa74e3a476ed6085b6364e-1708108354276;ve sadece edebiyat...KELİMELER ALBAYIM...;Kurum Girilecek
70f1c9e903c0ae51a397a5a835e1fe9818040c46-1713974045775;AYT Coğrafya:;Kurum Girilecek
63f2e14f54fa66ec3aceda1ecb023cfc40028865-1763143085935;SEMANTİK - ANLAMBİLİM - 3;Kurum Girilecek
c938d227745321bd9076162be99d6c769f137257-1678819615546;Yeni Türk Edebiyatı 38;Kurum Girilecek
e0df914613b31e8bbf4ed4e73b791742d4018bc9-1743101120567;2025 İnkılap Tarihi;Kurum Girilecek
0b39fa7964b7e6a1c4d6189b8ce131b2a4f28d79-1696693548708;DİNLEME EĞİTİMİ KAZANIMLARI - 2;Kurum Girilecek
2c9c467309288b393c174b75223f4225b0d7472a-1764352404941;KASIM AYI REHBERLİK;Kurum Girilecek
29a5824930fc09742cba4b8523b7180ecefcb2dc-1701500393751;Biyoloji Konu: ;Kurum Girilecek
975229ad30f83f67fff0cb3430c313edfa6e64a6-1740314545751;soru çözüm 6;Kurum Girilecek
6fb816cac8d877ed782a082bbfb25c5eb5744b39-1762793119854;tür ve şekil;Kurum Girilecek
766072a3d13b1dcf1f940e234fdd7f46b250f683-1712423140266;Eski edebiyat: 15 YY ŞAİRLERİ;Kurum Girilecek
31428f79dc23045a5b7f841d72fb9ed20be8ea2f-1701712065359;KASIM AYI REHBERLİK;Kurum Girilecek
76e64df79103d1f4924c2496dec4a17741e91eef-1739112949183;Eğitim Temelleri: ;Kurum Girilecek
7d856a5528132d97c75d058e84f41111ba0cfb69-1744822341628;aruz dersi 2;Kurum Girilecek
a7bb88795d338b5aaf53e13882b28f159d978cf6-1734191125429;DİNLEME EĞİTİMİ GİRİŞ;Kurum Girilecek
2989cbd1040502c55f1f74f8b38fcfc5950fc4d1-1720371279630;halk 8;Kurum Girilecek
863ced49748a48d84b427c3505078ec885ef4b1b-1678812252048;Yeni Türk edebiyatı 36;Kurum Girilecek
569227d8b1048b533bc9ba0fdd3c7e12e549314e-1721226526907;Yeni Türk Edebiyatı -1;Kurum Girilecek
8b04ea855d9d5c790faa74e3a476ed6085b6364e-1705689391496;akımlar 3- seni sen yapan şeyler yahut deliliğe övgü.!;Kurum Girilecek
ee07a899f34bd91a043f6a69e86d77826c143deb-1698422403728;TYT Kimya Konu: ZAYIF ETKİLEŞİMLER;Kurum Girilecek
2b34ff093a4fe562ccbd4d1dec9defa11fabe2e9-1765644195425;DİNLEME YÖNTEM VE TEKNİKLERİ;Kurum Girilecek
892b584343d0c9fc7ab552c5c90bbfd699dca74d-1731347249961;DİL EDİNİMİ ÇOK ÖNEMLİ DERS (CHOMSKYE BİR GİRİŞ);Kurum Girilecek
15a2ee8b633f754e598185dfa9a9fcf803a820c1-1712589026342;3. DENEME (DÖRT TEMEL BECERİ ÇÖZÜM);Kurum Girilecek
f83486ca36ec820c517b9ad9e4de738a164a3191-1701877785736;Kimya Konu: ;Kurum Girilecek
885cd183396123664aae15258f36ab40589223ad-1743096208285;7528 ÖĞRETMENLİK MESLEK KANUNU 1. DERS;Kurum Girilecek
3af846574fd50b2f85a88fec4e1df1aa4af0361e-1739137079408;1. DENEME DİLBİLGİSİ- DİLBİLİM -EDEBİYAT ÇÖZÜMÜ;Kurum Girilecek
6d536a6c5a19dabdbbd3d76937f43b4eaceee54c-1720712722218;Yabancılara Türkçe öğretimi seviye ve kazanımlar- 2;Kurum Girilecek
0b39fa7964b7e6a1c4d6189b8ce131b2a4f28d79-1701535927490;KONUŞMA TÜR, YÖNTEM VE TEKNİKLERİ- 2;Kurum Girilecek
85cf7f78d52f24b1855c37e9a252bd190adc9774-1685205673766;SORU ÇÖZÜMÜ - 15;Kurum Girilecek
73caac9a240e0cb79dd5005d41e0d9637339b26f-1743187837992;7528 ÖMK son ders;Kurum Girilecek
caab485c0fde12d86d4e4840f9b6045fe7ca2a91-1735573682682;Sözel Beceri ;Kurum Girilecek
e236e8a36ff569a2ec448ff9f031c16dad0ec11b-1746632703241;2025 Coğrafya ;Kurum Girilecek
35055dac95adb3f6c0c8afe1593ea9f87912dc72-1762703812945;Edebi Akımlar 7;Kurum Girilecek
1452f4674216d3b7ba76ffdee1eedd133d28f781-1698591324007;TYT Geometri Konu: ;Kurum Girilecek
e2759910b91552bb10304186ba6ac683e6557954-1689000543843;Mehmet Akif Yardımcı  3  Çağdaş;Kurum Girilecek
d39446f272688d5e772f0ac8214efd6620555449-1708624129532;destanlar;Kurum Girilecek
bf34a30375919b679162e745b11e71cb60b00db8-1714320327050;ŞERH 5;Kurum Girilecek
cd7d05e68c71654dbb3a45bdd22d1431e50099eb-1670778057396;SERVETİ FÜNUN SANATÇILARI 2;Kurum Girilecek
80b76a73d9fdf418aed6e143de1468fe9615c84a-1777055086709;CUMHURİYET ROMANI-9;Kurum Girilecek
6debbf1ac3f8c0ba6c516f4699204a07a3c8bd65-1711905281006;Fransız Ed. devam;Kurum Girilecek
d5a49c3ab0991a06073f0f2931a2fc49ad269629-1771520112632;Klasik Türk Edebiyatında Mesnevi-2;Kurum Girilecek
c85a5ac27b82f29d25bdf31c1f54ce3663172118-1714232871361;Halk Edebiyatı Soru Çözümü 3;Kurum Girilecek
560a511b595e61662f6644e476bd3b3c5155c655-1686390311326;Eski Türk Edebiyatı Soru Çözümü 1;Kurum Girilecek
024deafbe893a3d74cc9f0e627eb4d9c432cc61c-1688914533838;Genel Tarih ;Kurum Girilecek
2c9c467309288b393c174b75223f4225b0d7472a-1767988876332;ARA DÖNEM REHBERLİK - 2;Kurum Girilecek
7d856a5528132d97c75d058e84f41111ba0cfb69-1744217971219;sorularla genel tekrar;Kurum Girilecek
a44394cfcc4bf3fdb3d0573d6d024b524bb9fa70-1678816379043;Yeni Türk edebiyatı 37;Kurum Girilecek
299cbd7fac79e094a9bc3b87c31b8813983b41dd-1731426004160;YENİ TÜRK EDEBİYATININ OLUŞUMU-4;Kurum Girilecek
9e3ee893fcbbd6a76897bc33992729a774f65761-1700673936661;Türkçe Konu: Edat- Bağlaç Ünlem ;Kurum Girilecek
3e93eb568490b34b066637b9c02b883d1a4ee2d6-1673452514008;MİLLİÎ EDEBİYAT ROMANI 19,;Kurum Girilecek
2b34ff093a4fe562ccbd4d1dec9defa11fabe2e9-1771958866270;SÖZ VARLIĞI ÇALIŞMALARI;Kurum Girilecek
fd5c21dfcef4665bb7e8b67c9d7f92cb619f22e0-1747932405805;DİNLEME EĞİTİMİ-2;Kurum Girilecek
4dc9d2f010b44bfb2cbb26604e2aab24e246a759-1720280827185;2024 Haziran EB Ölçme 2;Kurum Girilecek
2b34ff093a4fe562ccbd4d1dec9defa11fabe2e9-1769874843817;OKUMA ALT ALANLARI VE İLKELERİ;Kurum Girilecek
3952b1ba6290cff1170a97c1b872549e03a00571-1735923600281;29) Dil bilgisi [Sözcük Türleri (fiil, ek-fiil, fiilimsi)]-1;Kurum Girilecek
bf34a30375919b679162e745b11e71cb60b00db8-1718985552905;beyit şerhleri;Kurum Girilecek
0227ecef24ffd5f993e3a594193ec0e6cca913b3-1776099334252;ÇOCUK EDEBİYATI-11;Kurum Girilecek
b34f28adfe7b6d502259d0bac6e830ab04514421-1751473721746;2025 Eski Türk Dili Soru Çözümü ;Kurum Girilecek
80b76a73d9fdf418aed6e143de1468fe9615c84a-1770828990293;TANZİMAT EDEBİYATI-10;Kurum Girilecek
31428f79dc23045a5b7f841d72fb9ed20be8ea2f-1715449870554;MAYIS AYI REHBERLİK;Kurum Girilecek
c5b257da40a6cef6f932ef2ebc0bbdb4433f0db5-1701963639139;YTE Konu: TANZİMAT I. KUŞAK: ROMAN, TİYATRO, TENKİT;Kurum Girilecek
4f214c732a7efcb7631d0e19fef2d655038c9b18-1737993228416;Osmanlı Tarihi: ;Kurum Girilecek
859df58e449f32441cb8b75e37e1df83096e0970-1702482303381;TYT Türkçe Konu: ;Kurum Girilecek
dc12c9d877c70209ea7d0274e884c99ee397001f-1761069433362;SES BİLGİSİ/FONETİK (Ünlülerin Sınıflandırılması, Ünlü Olayları)-1;Kurum Girilecek
dfb704ca01640e7fc6de2cdfecda7b07b97c9dea-1707843142022;MİLLİ EDEBİYAT-8;Kurum Girilecek
a2aea0d411578d60957d32b23145820f50c7910f-1680027235861;CUMHURİYET DEVRİ HİKÂYE 43;Kurum Girilecek
58b27c15d5fbe5650ff77b1cdbb4db708a78c6d7-1714147038039;AYT Coğrafya: ;Kurum Girilecek
c3d54208737e4790e6ea83d4248f5465035de504-1674579460321;Eski Türk Dili 33 Göktürk Türkçesi;Kurum Girilecek
381aa1c52bf6ec3f383a8043a30e6718591aad6a-1749916859893;2025 Coğrafya Soru Çözümü ;Kurum Girilecek
a7bb88795d338b5aaf53e13882b28f159d978cf6-1736182326699;KONUŞMA EĞİTİMİ GİRİŞ;Kurum Girilecek
683323550a32b9baebbfb5af5ad3653f0dbb59ea-1704542083293;AYT Edebiyat: ;Kurum Girilecek
4e115b4f2f6895ce8fc92bc882a966a33afede39-1770570278361;aruz 5;Kurum Girilecek
b7e8f0ed0210244f3a7e6cf0090aac73573b8bfc-1690824507586;Eski Dil Genel Tekrar ;Kurum Girilecek
cd7d05e68c71654dbb3a45bdd22d1431e50099eb-1669564674478;TANZIMAT EDEBİYATI DEVAM;Kurum Girilecek
51ff007f49e5d77e56517d69fb5c853e9d09bd18-1781369151342;ÖĞRENME ÇIKTILARI SORU ÇÖZÜMÜ - 8;Kurum Girilecek
80b76a73d9fdf418aed6e143de1468fe9615c84a-1772218690921;MİLLİ EDEBİYAT-4;Kurum Girilecek
8a7c32a85cfe7b59f633a582a3aa93084a095de2-1677780038114;Eski Türk Dili 43 Harezm Türkçesi;Kurum Girilecek
92623d61318c3166280620a961858888d8febedf-1750956334279;2025 Eski Türk Edebiyatı Soru Kampı;Kurum Girilecek
4b39fd288dc2700c79d58ee85b39fd914c7ff7ef-1746547035784;SORU ÇÖZÜMÜ- 4;Kurum Girilecek
9704e288ed528b3f4829d81486b82438f06dfab5-1707500744743;Temel Matematik Konu: ;Kurum Girilecek
6d536a6c5a19dabdbbd3d76937f43b4eaceee54c-1712167898464;ANLAMA DÜZEYLERİ VE BLOOM TAKSONOMİSİ;Kurum Girilecek
299cbd7fac79e094a9bc3b87c31b8813983b41dd-1732639641960;TANZİMAT EDEBİYATI-6;Kurum Girilecek
e60003cc242983d50a26e43e5ba9f6b8871a0f8c-1748804281978;MAYIS AYI REHBERLİK;Kurum Girilecek
49627198b3301c7a6ad870577cb0d5f8b9cf6473-1741113846519;Osmanlı Tarihi ;Kurum Girilecek
c1cc3e67f92dab324097eac0a1c3e9bf0a61411b-1734112210547;YKS Tarih: ;Kurum Girilecek
2b34ff093a4fe562ccbd4d1dec9defa11fabe2e9-1773773320632;ANLATIM BİÇİMLERİNİN ÖĞRETİMİ;Kurum Girilecek
dfb704ca01640e7fc6de2cdfecda7b07b97c9dea-1709660927971;CUMHURİYET ŞİİRİ -6;Kurum Girilecek
79f05e118295ba293edb671850ae6492c1a53e13-1736695391308;Eğitimin Temelleri:;Kurum Girilecek
c5fd730685ce30fbef8aa430afba76a89e473b0f-1744818617650;Coğrafya: ;Kurum Girilecek
a7bb88795d338b5aaf53e13882b28f159d978cf6-1741454175650;YAZMA TEKNİKLERİ-1;Kurum Girilecek
0ef3638c0c1a553a841e2fade315e0237daeb1df-1719315918582;2024 Haziran EB Program Geliştirme ;Kurum Girilecek
35055dac95adb3f6c0c8afe1593ea9f87912dc72-1763312098477;Fransız Edebiyatı;Kurum Girilecek
488157bfd6ae9dd57de3a81a1982617d78b04938-1740504996791;Osmanlı Tarihi ;Kurum Girilecek
610191cd19e0ac8a4090faa00c580eb79e164f61-1719332796026;Eski Dil Soru Çözümü ;Kurum Girilecek
fd5c21dfcef4665bb7e8b67c9d7f92cb619f22e0-1748882635516;KONUŞMA EĞİTİMİ - 4;Kurum Girilecek
80b76a73d9fdf418aed6e143de1468fe9615c84a-1772816195920;MİLLİ EDEBİYAT-8;Kurum Girilecek
8b04ea855d9d5c790faa74e3a476ed6085b6364e-1709914908039;DUNYA EDEBİYATI-YARIM KALANLARA...;Kurum Girilecek
c2bdcd65896ccb7d920c772a7023ec30413ca386-1743955001620;ÇOCUK EDEBİYATINDA PLAN VE ÜSLUP;Kurum Girilecek
6fb816cac8d877ed782a082bbfb25c5eb5744b39-1762796369467;tür ve şekil;Kurum Girilecek
15a2ee8b633f754e598185dfa9a9fcf803a820c1-1721425929241;8. DENEME (EDEBİYAT DERSLERİ ÇÖZÜMÜ);Kurum Girilecek
bf34a30375919b679162e745b11e71cb60b00db8-1718988871752;beyit incelemeleri;Kurum Girilecek
f2cbea88fd85117b36715ad29b52afd6488b00e6-1739814873593;tür ve şekil;Kurum Girilecek
885cd183396123664aae15258f36ab40589223ad-1745510159857;1982 ANAYASASI 7. DERS;Kurum Girilecek
141ffae6c07d811a3ce22ccb1efda17ab4e944a5-1745682629839;Coğrafya: ;Kurum Girilecek
a592c2b6eca876231939f8072479846e9c441e5f-1709314541910;Eski Edebiyat Konu: ;Kurum Girilecek
dc12c9d877c70209ea7d0274e884c99ee397001f-1765302571856;Sözcük türleri (Tamlamalar)-10;Kurum Girilecek
80b76a73d9fdf418aed6e143de1468fe9615c84a-1771606792403;SERVETİFÜNUN EDEBİYATI-6;Kurum Girilecek
15a2ee8b633f754e598185dfa9a9fcf803a820c1-1710199603323;2. DENEME (ALAN EĞİTİMİ ÇÖZÜM);Kurum Girilecek
96799d44ee03757118ca942f4420977e2fa2f2a2-1720284837258;CİHANGİR-13;Kurum Girilecek
f01da302e2b3ef033bf606d50c208a25db2c49ba-1703173706132;Felsefe Konu: ;Kurum Girilecek
d39446f272688d5e772f0ac8214efd6620555449-1702137131005;halk biliminde kuramlar ve yöntemler;Kurum Girilecek
f2cbea88fd85117b36715ad29b52afd6488b00e6-1738606866463;islam öncesi tür ve şekiller;Kurum Girilecek
d6601ffcd1f8ea4cdf8dcc46b5624fc2e1fb5dee-1719989179999;2024 Haziran EB ÖYT 1;Kurum Girilecek
37aefa001f5ef33c14fdbbff4adaf0a280e8c07b-1740757537277;Yeni Türk Edebiyatı 1. Ders;Kurum Girilecek
9964781de9b810610e924ce126abc3896f0fdfc0-1736264705065;Türkçe Sözcük Türleri;Kurum Girilecek
80b76a73d9fdf418aed6e143de1468fe9615c84a-1770396434433;TANZİMAT EDEBİYATI-7;Kurum Girilecek
e9110848f53ff0139b2480f8a0eff73f726cf77b-1696440446036;Türkçe 1 Konu: ;Kurum Girilecek
43e0c24a708ac8def75adeaf6b9f65e130d4bdd0-1718043557353;devam video işlerine;Kurum Girilecek
acb0d8b3bfc8f2099018dc7284ee9b7c5cbbe152-1709055247861;AYT Fizik Konu: ;Kurum Girilecek
b7c42dae521d8092596b66c0f3f40fc0f452bd0b-1699370691007;TYT Tarih Konu: ;Kurum Girilecek
35eb2cbe501b7461a51be4c9ce1361d2797d90dd-1743781526032;Eski Türk Dili ;Kurum Girilecek
299cbd7fac79e094a9bc3b87c31b8813983b41dd-1742322316976;CUMHURİYET ROMAN-3;Kurum Girilecek
299cbd7fac79e094a9bc3b87c31b8813983b41dd-1739901055110;CUMHURİYET ŞİİRİ-6;Kurum Girilecek
d39446f272688d5e772f0ac8214efd6620555449-1702140931420;kuramlar yöntemler;Kurum Girilecek
403e7c4599e9a25f7617b1b86e974585ad29418a-1717517621850;28) Dil Bilgisi Çıkmış Sorular) 2;Kurum Girilecek
6fb816cac8d877ed782a082bbfb25c5eb5744b39-1767026665723;diğer anonim halk türleri realist halk hikayeleri fıkra vs;Kurum Girilecek
126daed65e09b0d0b93950e76767538397736a7d-1749994205797;2025 Eğitimin Temelleri ve Türk millî eğitim sistemi ;Kurum Girilecek
dfb704ca01640e7fc6de2cdfecda7b07b97c9dea-1704213928979;FECRİATİ EDEBİYATI-3;Kurum Girilecek
51ff007f49e5d77e56517d69fb5c853e9d09bd18-1776620373560;KONUŞMA ÖĞRENME ÇIKTILARI - 3;Kurum Girilecek
4e115b4f2f6895ce8fc92bc882a966a33afede39-1776355484548;Beyit Şerhi-4;Kurum Girilecek
dfb704ca01640e7fc6de2cdfecda7b07b97c9dea-1705420316120;SERVETİ FÜNUN VE FECR-İ ATİ SORU ÇÖZÜMÜ 1;Kurum Girilecek
7ba3f3c3da05d0886c8d71cbe1b5d5fe4e291d44-1707839644966;İnkılap Tarihi Konu: ;Kurum Girilecek
a7bb88795d338b5aaf53e13882b28f159d978cf6-1734194548723;DİNLEME STRATEJİLERİ;Kurum Girilecek
4843217fb17e7da945ac32a9b12b68e75535bed2-1745861319990;Maarif model ;Kurum Girilecek
63175c9bc1a07dc877cffb0f987d9d6585316670-1748108357172;GENEL DEĞERLENDİRME - 1;Kurum Girilecek
2a3118bee8adb487c610585b9ef9cfb19b60625b-1700240516993;dil bilim 5;Kurum Girilecek
a7bb88795d338b5aaf53e13882b28f159d978cf6-1742667471903;ÖLÇME VE DEĞERLENDİRME;Kurum Girilecek
8797722914e101baa4578694025ea8348a748303-1782142814641;Eski Türk Edebiyatı-1;Kurum Girilecek
4adec965cf9d34216d8c57fe62fbcdda0b7883c1-1685889922836;Başer Başok Rehberlik;Kurum Girilecek
f1cbfe73f54c5f8e7ea84ac4161fbabca35c7df9-1707673538326;Temel Matematik: ;Kurum Girilecek
f85966909d1f29c22ded1d5025b5e201d739c72a-1688818942047;2018 ESKİ DİL;Kurum Girilecek
dea4275ba419fb51dd1994240f5479fc2d8f7b54-1740584736272;Coğrafya: ;Kurum Girilecek
33099956389d432e3faa0e7a8e653b27622862df-1732297803221;YKS Tarih: ;Kurum Girilecek
f1b68c3f6df88b7db08c7d3072a2f9e6da11135f-1714672827612;AYT kimya: ;Kurum Girilecek
fe534ba2be486200b29eba3998f61d35ede4b765-1734537256693;Beyit incelemesi - sanatlar;Kurum Girilecek
dfb704ca01640e7fc6de2cdfecda7b07b97c9dea-1715705527529;ÖĞRETİCİ METİNLER -2;Kurum Girilecek
e27116f2f1bcc8256f8baafd81ad668dac7ebba6-1714319163044;Eski Edebiyat Soru Çözümü 5;Kurum Girilecek
3952b1ba6290cff1170a97c1b872549e03a00571-1738345669651;39. CÜMLE BİLGİSİ (Filde Çatı) -6;Kurum Girilecek
d5a49c3ab0991a06073f0f2931a2fc49ad269629-1764863623756;Aruz Bilgisi-1;Kurum Girilecek
885cd183396123664aae15258f36ab40589223ad-1746114667287;1982 ANAYASASI 7. DERS;Kurum Girilecek
c9fb682793020250e7128639d6d1c82b74b16d72-1737903573990;Eğitimin Temelleri ;Kurum Girilecek
3af846574fd50b2f85a88fec4e1df1aa4af0361e-1750631727239;6. DENEME DİLBİLGİSİ DİLBİLİM EDEBİYAT ÇÖZÜMÜ;Kurum Girilecek
15a2ee8b633f754e598185dfa9a9fcf803a820c1-1721854527810;9. DENEME (DİL BİLGİSİ - DİLBİLİM ÇÖZÜMÜ);Kurum Girilecek
65baf40f4303b0fb58c18b84597e08a60598e0d0-1721838089721;2024 Alan Eğitimi Soru Çözümü ;Kurum Girilecek
c5967c4fc9f898d6b3850b992bd73436d58e24df-1732808789879;Yeni Türk Dili Soru Çözümü  4;Kurum Girilecek
78f2e66c4016642facb062f797b0705514e18b9b-1708850268096;AYT Matematik Konu: ;Kurum Girilecek
fe86cfce13d050c22668f7ad0ee4cd2bddd8e76b-1701621925578;Türkçe Konu: Sıfat-Zarf;Kurum Girilecek
58fee96126fbde0c4f5e3c147df457ad979a56d4-1702489863284;söz sanatları teşbih türleri;Kurum Girilecek
f758a55faf0bb80534e91f645d498af084116fbe-1700846534896;Coğrafya Konu: ;Kurum Girilecek
fe534ba2be486200b29eba3998f61d35ede4b765-1735753242706;sanatlar;Kurum Girilecek
c2bdcd65896ccb7d920c772a7023ec30413ca386-1744563760507;ÇOCUK EDEBİYATININ TARİHÇESİ -1;Kurum Girilecek
f2d8df9546f8e0eef4ec96df252d5f351ad6bff4-1700840415348;Halk Edebiyatı Konu: Halk Bilimi Kuramlar ve Yöntemler;Kurum Girilecek
cf8539c75efb921b1961ecdf506822a09193f054-1740923926596;Eğitimin Temelleri ;Kurum Girilecek
bf4bf360585c8beadc8e655f38b824ded0148895-1702568811143;Felsefe Konu: ;Kurum Girilecek
0b39fa7964b7e6a1c4d6189b8ce131b2a4f28d79-1697298330966;OKUMA EĞİTİMİ KAZANIMLARI- 3;Kurum Girilecek
7065916682f84b43a32e1754bdc7d6bb24fd3bd8-1721389686549;2024 Alan Eğitimi Soru Çözümü 2;Kurum Girilecek
dc12c9d877c70209ea7d0274e884c99ee397001f-1767721140957;37. CÜMLE BİLGİSİ (Cümle Çeşitleri)-9;Kurum Girilecek
544290a16cca1f925668ab4e1a722ec4ff32b501-1711559492907;AYT Kimya: KİMYASAL DENGE 2;Kurum Girilecek
dfb704ca01640e7fc6de2cdfecda7b07b97c9dea-1707846952787;MİLLİ EDEBİYAT-9;Kurum Girilecek
80b76a73d9fdf418aed6e143de1468fe9615c84a-1772214820035;MİLLİ EDEBİYAT-3;Kurum Girilecek
e570092aabca935693076c2e8e38e165e8b99a0e-1711737452940;Eski Edebiyat: 13-14. YY sanatçıları;Kurum Girilecek
beef158e3d4c87266ee78d9bf2d8e9fecdcc5026-1705080310943;Eski Edebiyat Konu: Nazım Biçimleri 2;Kurum Girilecek
48a7cf6cd661cd9cc6d1db146ee6260d313c8070-1674747350046;Eski Türk Dili 35, Uygur Türkçesi;Kurum Girilecek
80b76a73d9fdf418aed6e143de1468fe9615c84a-1773424051663;CUMHURİYET ŞİİRİ-5;Kurum Girilecek
403e7c4599e9a25f7617b1b86e974585ad29418a-1716915628604;23) Cümle Bilgisi) Soru Çözümü-2;Kurum Girilecek
c04a9371d4320e4116dc6cf2ca0241731b345d49-1711801148886;AYT Edebiyat: ;Kurum Girilecek
7fd2f948a1f6cecb3e54a9c3e53f5c712948fe53-1746986701452;SORU ÇÖZÜMÜ- 5;Kurum Girilecek
0cdf6bd3767fc474a2e0c22b9a51e32190be8922-1705853929513;Dev Paragraf Kampı : Sözcükte Anlam;Kurum Girilecek
0227ecef24ffd5f993e3a594193ec0e6cca913b3-1774892872315;ÇOCUK EDEBİYATI-6;Kurum Girilecek
975229ad30f83f67fff0cb3430c313edfa6e64a6-1742129041142;çözüm 12;Kurum Girilecek
58fee96126fbde0c4f5e3c147df457ad979a56d4-1709137432277;şair yazar ve eserler;Kurum Girilecek
63f2e14f54fa66ec3aceda1ecb023cfc40028865-1770134335596;DİL, DİL TEORİLERİ VE DİL AİLELERİ-1;Kurum Girilecek
00fe88eb8e724e753e45df51acf9b3196ba82106-1711472567170;TYT Tarih : ;Kurum Girilecek
fb393599a4d4dede4080633f31fdd7ef975a8405-1713196602056;GYGK matematik: ;Kurum Girilecek
3d8d0218de4a80dbae53591f0c51d550ad5b4638-1744182016362;Matematik: ;Kurum Girilecek
569227d8b1048b533bc9ba0fdd3c7e12e549314e-1722356666104;halk sorularla genel tekrar;Kurum Girilecek
9a9ced7bcd6aa9448db1f96f71b5d557c8b77b9c-1682612675342;Eski Türk edebiyatı 7 Söz Sanatları;Kurum Girilecek
a7bb88795d338b5aaf53e13882b28f159d978cf6-1730999483760;ÖĞRENME VE ÖĞRETME YAKLAŞIMI;Kurum Girilecek
569227d8b1048b533bc9ba0fdd3c7e12e549314e-1721052998687;DÖRT TEMEL BECERİ - 1;Kurum Girilecek
eeda7373576b5e36145f803f85b9f0aaf9a9717a-1699464300369;GYGK Türkçe Konu: Noktalama İşaretleri;Kurum Girilecek
6fb816cac8d877ed782a082bbfb25c5eb5744b39-1766415351129;halkhikayeleri;Kurum Girilecek
0227ecef24ffd5f993e3a594193ec0e6cca913b3-1777314563972;ÇOCUK EDEBİYATI-18;Kurum Girilecek
a7bb88795d338b5aaf53e13882b28f159d978cf6-1730562346683;GİRİŞ - TANIŞMA;Kurum Girilecek
dc12c9d877c70209ea7d0274e884c99ee397001f-1762279879029;ŞEKİL/YAPI/BİÇİM BİLGİSİ (Kök + Ek Bilgisi)-2;Kurum Girilecek
d5a49c3ab0991a06073f0f2931a2fc49ad269629-1772736022182;Klasik Türk Edebiyatı Tarihi-5;Kurum Girilecek
7d856a5528132d97c75d058e84f41111ba0cfb69-1746027718246;aruz 4 söz sanatları 1;Kurum Girilecek
299cbd7fac79e094a9bc3b87c31b8813983b41dd-1736265773357;FECRİATİ EDEBİYATI-3;Kurum Girilecek
dfb704ca01640e7fc6de2cdfecda7b07b97c9dea-1706025371019;MİLLİ EDEBİYAT -1;Kurum Girilecek
fe97c26ad707b200947e4b32aa1cd2caef4f7664-1702921044773;Tarih Konu: ;Kurum Girilecek
80b76a73d9fdf418aed6e143de1468fe9615c84a-1769623183330;YENİ TÜRK EDEBİYATININ OLUŞUMU-2;Kurum Girilecek
2b34ff093a4fe562ccbd4d1dec9defa11fabe2e9-1778953008558;METİN VE ANLAM KURMA;Kurum Girilecek
6b20b8a70e36f7654e5448bd3e190e3ee7dfab7e-1674056801178;MİLLİ EDEBİYAT DİĞER ROMANCILARYeni Türk Edebiyatı 22,;Kurum Girilecek
009044a3a0db6bedefc17d61dd56b21905091e2b-1696866629313;Matematik Konu: ;Kurum Girilecek
8ec9e330b97cc8678176cb4cde8dc4198504c698-1754337583959;KONYA TEKNİK ÜNİVERSİTESİ;Kurum Girilecek
63f2e14f54fa66ec3aceda1ecb023cfc40028865-1767372360266;NOAM CHOMSKY - 2;Kurum Girilecek
d90157ea40f16f41521275a6bc0d80efe5fd5fa4-1683048901219;Eski Türk Edebiyatı 11 Söz Sanatları;Kurum Girilecek
6d536a6c5a19dabdbbd3d76937f43b4eaceee54c-1710955329729;DİL BİLGİSİ ÖĞRETİMİ;Kurum Girilecek
569227d8b1048b533bc9ba0fdd3c7e12e549314e-1721147124681;eski edebiyat sorularla genel tekrar;Kurum Girilecek
2c9c467309288b393c174b75223f4225b0d7472a-1757177436262;TANIŞMA DERSİ;Kurum Girilecek
dfb704ca01640e7fc6de2cdfecda7b07b97c9dea-1698767744720;YENİ TÜRK EDEBİYATININ OLUŞUMU-1;Kurum Girilecek
885cd183396123664aae15258f36ab40589223ad-1743700116588;7528 SAYILI KANUN 5. DERS;Kurum Girilecek
3952b1ba6290cff1170a97c1b872549e03a00571-1735927413534;30) Dil bilgisi [Sözcük Türleri (fiil, ek-fiil, fiilimsi)]-2;Kurum Girilecek
f6972178b42e43351c55d12b4dd8450d6a45806b-1709740791347;Vatandaşlık Konu: ;Kurum Girilecek
91e0c06bcf3cc51eebdc06b505b7d9f137f644db-1701539705231;Yeni Türk Dili: Türkçenin Özellikleri ;Kurum Girilecek
d69442712f02f7c0620a2e9cf550e6e0c52fea42-1720108683856;2024 Haziran GYGK Vatandaşlık Soru Çözümü 1;Kurum Girilecek
6e97c912b560ec00e070b532a7141b0879fae4c1-1703429994933;Geometri Konu: ;Kurum Girilecek
63f2e14f54fa66ec3aceda1ecb023cfc40028865-1774799766178;Gösterge Bilimi (Semiyotik) - 2;Kurum Girilecek
96799d44ee03757118ca942f4420977e2fa2f2a2-1719935690282;CİHANGİR - 9;Kurum Girilecek
3952b1ba6290cff1170a97c1b872549e03a00571-1738338933449;37. CÜMLE BİLGİSİ (ÖGELER) -4;Kurum Girilecek
a6d22ae351213dc4b0f7487d59b75f1eb470e6d1-1702309452908;Matematik Konu: ;Kurum Girilecek
08d16232eddaa85b4b90438feaec58b21c6f26f1-1716911504850;AYT Coğrafya Soru Çözümü: ;Kurum Girilecek
8b04ea855d9d5c790faa74e3a476ed6085b6364e-1710095908644;DÜNYA EDEBİYATI SON 2;Kurum Girilecek
da8703a216e3a655280c2582a14bbaa2e80f2f6e-1708709395858;Eski Edebiyat Konu: ;Kurum Girilecek
4e115b4f2f6895ce8fc92bc882a966a33afede39-1777564858177;Beyit Şerhi-10;Kurum Girilecek
a7bb88795d338b5aaf53e13882b28f159d978cf6-1740852870309;YAZMA TÜRLERİ;Kurum Girilecek
42faebd61bbb420231b95ac6749f4ed5a0c51057-1673974656554;Eski Türk Dili 29 Dil Aileleri;Kurum Girilecek
d5a49c3ab0991a06073f0f2931a2fc49ad269629-1765475008005;Aruz Bilgisi-6;Kurum Girilecek
fd5c21dfcef4665bb7e8b67c9d7f92cb619f22e0-1748277166535;KONUŞMA EĞİTİMİ-1;Kurum Girilecek
d5a49c3ab0991a06073f0f2931a2fc49ad269629-1767285677516;Günümüz Türkçesine Aktarım-5;Kurum Girilecek
37436fa23c3e2a43a38faed3fd27cff478431962-1705945027515;İnkılap Tarihi Konu: ;Kurum Girilecek
4e115b4f2f6895ce8fc92bc882a966a33afede39-1778172398485;Beyit Şerhi-14;Kurum Girilecek
007fe11743ea2c2064b2dac4ad67b15f3b1f861c-1711213712662;Geometri Konu: ;Kurum Girilecek
3952b1ba6290cff1170a97c1b872549e03a00571-1734714076542;23) Dil bilgisi [Sözcük Türleri (isim, zamir, sıfat, zarf)]-5;Kurum Girilecek
3952b1ba6290cff1170a97c1b872549e03a00571-1730476386907;1. Dil bilgisi (Tanışma ve Türk Ses Bilgisi);Kurum Girilecek
892b584343d0c9fc7ab552c5c90bbfd699dca74d-1739721022181;EDİM BİLİMİ 2 (TELAFİ);Kurum Girilecek
d196b35baf7e6d8d21f26e47841194f048319bb9-1697649611838;Türkçe Konu: ;Kurum Girilecek
80b76a73d9fdf418aed6e143de1468fe9615c84a-1772823699886;MİLLİ EDEBİYAT-10 (BAĞIMSIZ SANATÇILAR);Kurum Girilecek
569227d8b1048b533bc9ba0fdd3c7e12e549314e-1722011317770;ÇOCUK EDEBİYATI  SORU ÇÖZÜMÜ VEDASAL BİR ŞEYLER:(;Kurum Girilecek
9bc572b60e9e746abd97472a7b907c8a93395411-1746381638548;Eğitimin Temelleri ;Kurum Girilecek
299cbd7fac79e094a9bc3b87c31b8813983b41dd-1741714023767;CUMHURİYET ŞİİRİ-13;Kurum Girilecek
5c288540cc4a3963fdae332c9d03f4a623c474ee-1734880849513;İngiliz Ed. Devam;Kurum Girilecek
f2cbea88fd85117b36715ad29b52afd6488b00e6-1739212789940;halk edebiyatı tür ve şekil;Kurum Girilecek
059f2ad29732c04932217af6f0290782094cecca-1750959501050;DÖRT TEMEL BECERİ - 3;Kurum Girilecek
2a0a83defb2bbc4670c0d194377c86b8f149abec-1669910334627;Eski Türk Dili 3, Şahıs Ekleri;Kurum Girilecek
b51a554fa997a9caed37a68764f40cbbe1a3af04-1742972152842;2025 Matematik ;Kurum Girilecek
dfb704ca01640e7fc6de2cdfecda7b07b97c9dea-1715097577922;CUMHURİYET ROMANI-9;Kurum Girilecek
f2cbea88fd85117b36715ad29b52afd6488b00e6-1747324556433;halk edebiyatı kaynakları;Kurum Girilecek
85cf7f78d52f24b1855c37e9a252bd190adc9774-1685202445584;SORU ÇÖZÜMÜ - 14;Kurum Girilecek
15a2ee8b633f754e598185dfa9a9fcf803a820c1-1710181630558;2. DENEME (DÖRT TEMEL BECERİ ÇÖZÜM);Kurum Girilecek
a7bb88795d338b5aaf53e13882b28f159d978cf6-1734198102825;DİNLEME STRATEJİLERİ - 2;Kurum Girilecek
69891d4118df6e2b5267a4a8058923b15a118289-1686322398638;İbrahim Beyter Genel Tarih;Kurum Girilecek
cd7d05e68c71654dbb3a45bdd22d1431e50099eb-1680544362109;cumhuriyet dönemi sanatçıları;Kurum Girilecek
ae7ea0e83f34ac108455b620db18edc414a3da34-1713284683730;4 Temel Beceri: ;Kurum Girilecek
bf34a30375919b679162e745b11e71cb60b00db8-1720112290478;beyit incelemeleri;Kurum Girilecek
07ed09fae5a10e14d1980e754cfed4c63a2944d9-1701187008282;Vatandaşlık Konu: ;Kurum Girilecek
1cace4cb383e4b2f18fe33a972b8c7e666df302a-1721720872345;2024 Temmuz Halk Edebiyatı Soru Çözümü 2;Kurum Girilecek
0b39fa7964b7e6a1c4d6189b8ce131b2a4f28d79-1696351988516;DİNLEME EĞİTİMİ KAZANIMLARI;Kurum Girilecek
5347efc7fe3feb8660f9398a122bc02925977be8-1697352623666;TYT Fizik Konu: ;Kurum Girilecek
0b39fa7964b7e6a1c4d6189b8ce131b2a4f28d79-1696956361514;OKUMA EĞİTİMİ KAZANIMLARI- 2;Kurum Girilecek
059f2ad29732c04932217af6f0290782094cecca-1751125762352;DÖRT TEMEL BECERİ - 4;Kurum Girilecek
2a3118bee8adb487c610585b9ef9cfb19b60625b-1703864947054;dil bilim - kop gel günahlarından vol1;Kurum Girilecek
ecaa3954da8b6e86bbe2d6ae5155126ebbdf404a-1705598940299;Eski Dil Konu: İsim Çekim Ekleri 2;Kurum Girilecek
059f2ad29732c04932217af6f0290782094cecca-1752083388343;halk tekrar;Kurum Girilecek
8797722914e101baa4578694025ea8348a748303-1782493042891;halk 2;Kurum Girilecek
c448cf7c3d21727c59ff7520b1e6d64bb8d26da4-1777823779953;SORU ÇÖZÜMÜ-14 ASIM KARA;Kurum Girilecek
0ca411c77b1d558057fe2f92b8efa4fab8216a0e-1703919430390;Biyoloji Konu: ;Kurum Girilecek
ca3bf90073145d8f55d126324d9d1e2a50545bd0-1742662715836;Eski Dil Soru Çözümü;Kurum Girilecek
d39446f272688d5e772f0ac8214efd6620555449-1703955232525;halk edebiyatı türler;Kurum Girilecek
d39446f272688d5e772f0ac8214efd6620555449-1705168268356;aşık edebiyatı halk ozanları;Kurum Girilecek
9483f9b4c8f357f74b159e62b0bb261e025c62ff-1700149138832;Ses olayları 1;Kurum Girilecek
4f92185b146000ecccc98354989a8ee23176cc9b-1695830089577;Tarih 4;Kurum Girilecek
dc12c9d877c70209ea7d0274e884c99ee397001f-1767714711064;CÜMLE BİLGİSİ (Fiilde Çatı, o biterse cümle çeşitleri:) )-7;Kurum Girilecek
5c288540cc4a3963fdae332c9d03f4a623c474ee-1731255204947;AKIMLAR 5;Kurum Girilecek
8b7b364454dda2eb528c78754ff5142321d7063d-1697564788357;TYT Fizik Konu: ;Kurum Girilecek
6fb816cac8d877ed782a082bbfb25c5eb5744b39-1762789993125;halk edebiyatında tür ve şekil;Kurum Girilecek
17f6bffe37d2d36ff2b58bd30aa524ce82e98693-1699464688343;Türkçe Konu: Sözcük Türleri Zarf;Kurum Girilecek
35055dac95adb3f6c0c8afe1593ea9f87912dc72-1766339542424;amerikan 3;Kurum Girilecek
f6e470e6e83e799ae648e0169a1c2573b311ad2e-1716739341157;TYT Tarih Soru Çözümü ;Kurum Girilecek
c448cf7c3d21727c59ff7520b1e6d64bb8d26da4-1746207488069;"2024 SORULARININ ÇÖZÜMLERİ - ANALİZİ VE ""VEDAMIZ""";Kurum Girilecek
c0410ab4fe0f2fb194e9f55dedc65a87c4486118-1680632389768;Yeni Türk Edebiyatı ELEŞTİRİ KURAMLARI 46,;Kurum Girilecek
7d856a5528132d97c75d058e84f41111ba0cfb69-1746031647725;Söz Sanatları 1;Kurum Girilecek
6d536a6c5a19dabdbbd3d76937f43b4eaceee54c-1712164633182;ANLAMA MODELLERİ;Kurum Girilecek
0a8b380337115436682e2dd7c0e2ea94b950ac84-1669831367010;Yeni Türk Edebiyatı 5,;Kurum Girilecek
dfb704ca01640e7fc6de2cdfecda7b07b97c9dea-1705423381065;SERVETİ FÜNUN VE FECRİ ATİ SORU ÇÖZÜMÜ 2;Kurum Girilecek
bf34a30375919b679162e745b11e71cb60b00db8-1719510166784;beyit incelemeleri;Kurum Girilecek
299cbd7fac79e094a9bc3b87c31b8813983b41dd-1742326085533;CUMHURİYET ROMAN- 4;Kurum Girilecek
85cf7f78d52f24b1855c37e9a252bd190adc9774-1681561139168;2019 TÜRKÇE DERSİ ÖĞRETİM PROGRAMI;Kurum Girilecek
15a2ee8b633f754e598185dfa9a9fcf803a820c1-1722117182838;9.DENEME(DÖRT TEMEL BECERİ ÇÖZÜM);Kurum Girilecek
cd7d05e68c71654dbb3a45bdd22d1431e50099eb-1671382067946;SERVERTİ FÜNUN SANATÇILARI DEVAM 2;Kurum Girilecek
4e115b4f2f6895ce8fc92bc882a966a33afede39-1770565818804;ARUZ 4;Kurum Girilecek
2b34ff093a4fe562ccbd4d1dec9defa11fabe2e9-1764434976340;DİNLEME BECERİSİNİ GELİŞTİRME ÇALIŞMALARI - 2;Kurum Girilecek
3af846574fd50b2f85a88fec4e1df1aa4af0361e-1751400501802;10. DENEME DİLBİLİM DİLBİLGİSİ EDEBİYAT ÇÖZÜM;Kurum Girilecek
63f2e14f54fa66ec3aceda1ecb023cfc40028865-1769533101478;DİL BİLİMİ KURAMLARI VE DİL BİLİMİNİN ALT DALLARI - 2;Kurum Girilecek
a7bb88795d338b5aaf53e13882b28f159d978cf6-1741285218830;YAZMA HATALARININ SINIFLANDIRILMASI;Kurum Girilecek
3782f0e4530f4e62af8384aec07aae4f0e7422f7-1712077596109;Eski dil soru çözümü 2 ;Kurum Girilecek
c2bdcd65896ccb7d920c772a7023ec30413ca386-1742149556472;ÇOCUK EDEBİYATININ ÖNEMİ VE AMAÇLARI;Kurum Girilecek
dd091fb3ceeb6bc0df7b7a778c56d22364201521-1742841918310;7528 ÖMK ;Kurum Girilecek
88d69de1a3b9f514bd92c3c9a1f91277fccb196d-1754336575521;Savunma Sanayii, Robotik ve Uzay Teknolojileri;Kurum Girilecek
403e7c4599e9a25f7617b1b86e974585ad29418a-1713196821119;giriş;Kurum Girilecek
b5bc6818a467abbca3c650f83325e51fbffb1bc7-1707567519519;AYT Edebiyat: ;Kurum Girilecek
a7bb88795d338b5aaf53e13882b28f159d978cf6-1745081598969;MAARİF PROGRAMI-2;Kurum Girilecek
63f2e14f54fa66ec3aceda1ecb023cfc40028865-1766159447573;SAUSSURE - 1;Kurum Girilecek
892b584343d0c9fc7ab552c5c90bbfd699dca74d-1730735702983;DİL BİLİM 4. DERS;Kurum Girilecek
dfb704ca01640e7fc6de2cdfecda7b07b97c9dea-1703004634036;SERVETİFÜNUN EDEBİYATI- 7;Kurum Girilecek
fe534ba2be486200b29eba3998f61d35ede4b765-1740588509081;şair yazar eser;Kurum Girilecek
f1d0be30a827174c968d2495326d1d407496497f-1702309939465;Türkçe: Yazım Kuralları ;Kurum Girilecek
6fb816cac8d877ed782a082bbfb25c5eb5744b39-1766421667521;halk hikayeler;Kurum Girilecek
569227d8b1048b533bc9ba0fdd3c7e12e549314e-1721579412973;çocuk edebiyatı soru çözümü 3;Kurum Girilecek
cc76713d0deb5833470e54e42e8801652422a06d-1713975050995;AYT Kimya: ;Kurum Girilecek
fe534ba2be486200b29eba3998f61d35ede4b765-1735746880369;beyit incelemesi- sanatlar;Kurum Girilecek
5a9388083e70d238c1d62416f251f688902617c1-1711558580272;Paragraf Soru Çözümü;Kurum Girilecek
6d536a6c5a19dabdbbd3d76937f43b4eaceee54c-1716392388072;DİL ÖĞRENME DÜZEYLERİ - 5;Kurum Girilecek
1eeab9f3cb1bc8815baff6683af6e6012c764d6a-1712596531399;Eski Edebiyat : 16 YY sanatçıları ;Kurum Girilecek
5d4d41843da46ffd753633c2db449ce95af16f5a-1669140896715;Yeni Türk Dili 2 Ses Bilgisi;Kurum Girilecek
63f2e14f54fa66ec3aceda1ecb023cfc40028865-1776012514117;Dil Bilimi Okulları ve Temsilcileri - 5 GALİBA SON:((;Kurum Girilecek
50839fcb054f2b697cdce26fe4e69627f7986dd6-1701451561466;Coğrafya Konu: ;Kurum Girilecek
dfb704ca01640e7fc6de2cdfecda7b07b97c9dea-1714495996070;CUMHURİYET ROMANI -7;Kurum Girilecek
2b34ff093a4fe562ccbd4d1dec9defa11fabe2e9-1770479177330;OKUMA EĞİTİMİNİN AMAÇLARI;Kurum Girilecek
85cf7f78d52f24b1855c37e9a252bd190adc9774-1684597755449;SORU ÇÖZÜMÜ - 8;Kurum Girilecek
51ff007f49e5d77e56517d69fb5c853e9d09bd18-1774632927262;DİNLEME ÖĞRENME ÇIKTILARI - 1;Kurum Girilecek
9bde5fbf3903b80d74b80ce22aa36584a5bf18b4-1716702432034;TYT Fizik Soru Çözümü ;Kurum Girilecek
d5a49c3ab0991a06073f0f2931a2fc49ad269629-1768495692078;Edebi Sanatlar-5;Kurum Girilecek
f2cbea88fd85117b36715ad29b52afd6488b00e6-1738003231910;kuramlar;Kurum Girilecek
63f2e14f54fa66ec3aceda1ecb023cfc40028865-1765554353975;EDİM DİL BİLİM - 3;Kurum Girilecek
9986aa6c5b47b825283ff24f2909c384c1470e69-1734968611486;Türkçe Sözcükte Anlam ;Kurum Girilecek
fe534ba2be486200b29eba3998f61d35ede4b765-1733330881753;nazım şekilleri türleri ve sorularla genel tekrar ve analiz;Kurum Girilecek
6d536a6c5a19dabdbbd3d76937f43b4eaceee54c-1714240371787;STRATEJİLER;Kurum Girilecek
569227d8b1048b533bc9ba0fdd3c7e12e549314e-1721831302911;Yeni Türk Edebiyatı -4;Kurum Girilecek
680a26b21622183cbf7706502ded8b9dd9d9008d-1741718399979;2025 Osmanlı Tarihi;Kurum Girilecek
4e115b4f2f6895ce8fc92bc882a966a33afede39-1769965826676;aruz 2;Kurum Girilecek
d39446f272688d5e772f0ac8214efd6620555449-1704559926994;halk edebiyatı tür ve şekiller;Kurum Girilecek
dfb704ca01640e7fc6de2cdfecda7b07b97c9dea-1712085112876;CUMHURİYET ŞİİRİ -18;Kurum Girilecek
f33d3c6a69f18e398dd01581baed21be812f761f-1701791876689;Vatandaşlık Konu: ;Kurum Girilecek
5b0ac230805f974e2d9b8975484c469f3ee5d5f7-1736444084488;Eski Türk Dili İsim Çekim Ekleri ;Kurum Girilecek
c85821f6a55b86a3a840b2f6ced2a387c7fdc014-1713369517575;AYT Kimya: ASİT-BAZ DENGESİ;Kurum Girilecek
f67b4948b1592313c2fb1206ef8b9f23a7902842-1711823441608;DIŞ YAPI ÖLÇÜTLERİ;Kurum Girilecek
15f3a07bd43502dd4c45b3410dbd081ed8746f65-1735666235152;İslamiyet Öncesi ve Türk İslam Tarihi ;Kurum Girilecek
8b04ea855d9d5c790faa74e3a476ed6085b6364e-1706293536684;edebi akımlar 4- sanattan anlamayan nesle yeto...;Kurum Girilecek
d5a49c3ab0991a06073f0f2931a2fc49ad269629-1763654482058;Nazım Şekilleri-1;Kurum Girilecek
f67b4948b1592313c2fb1206ef8b9f23a7902842-1715189463545;TÜRKİYEDE ÇOCUK EDEBİYATI TARİHÇESİ-1;Kurum Girilecek
dc12c9d877c70209ea7d0274e884c99ee397001f-1762883396800;ŞEKİL/YAPI/BİÇİM BİLGİSİ ( Ek Bilgisi)-5;Kurum Girilecek
885cd183396123664aae15258f36ab40589223ad-1744304917768;1982 ANAYASASI - 2.DERS;Kurum Girilecek
eacd5a3e3bf5a8616474e0d13a8d796b5add2b4a-1737215769812;Yeni Türk Dili ;Kurum Girilecek
3befa32fc9cfc93bb0d7c92b524456642a98a127-1748102517090;2025 Eski Türk Edebiyatı ;Kurum Girilecek
0b39fa7964b7e6a1c4d6189b8ce131b2a4f28d79-1697911540858;YETKİNLİKLER VE ÖLÇME DEĞERLENDİRME;Kurum Girilecek
2b34ff093a4fe562ccbd4d1dec9defa11fabe2e9-1779642590344;BLOOM TAKSONOMİSİ;Kurum Girilecek
63f2e14f54fa66ec3aceda1ecb023cfc40028865-1776008977692;Dil Bilimi Okulları ve Temsilcileri - 4;Kurum Girilecek
b1803d4000c894263f169b07b67df49c3e5d65c1-1695318012791;Matematik 2;Kurum Girilecek
7d856a5528132d97c75d058e84f41111ba0cfb69-1746809575309;şerh;Kurum Girilecek
11c3104afa36e4eab764445b718d8347f5c99ba2-1698169064965;Tarih Konu: ;Kurum Girilecek
f67b4948b1592313c2fb1206ef8b9f23a7902842-1713378513454;ÇOCUK EDEBİYATI TÜRLERİ -2;Kurum Girilecek
f67b4948b1592313c2fb1206ef8b9f23a7902842-1711222149328;YAŞA GÖRE OKUMA EĞİLİMLERİ;Kurum Girilecek
9483f9b4c8f357f74b159e62b0bb261e025c62ff-1698944653530;Türkiye Türkçesinin Ses Bilgisi 2;Kurum Girilecek
c2bdcd65896ccb7d920c772a7023ec30413ca386-1745168020832;TÜRKİYE'DE ÇOCUK EDEBİYATI-1;Kurum Girilecek
8797722914e101baa4578694025ea8348a748303-1782150456379;Eski Türk Edebiyatı-3;Kurum Girilecek
d39446f272688d5e772f0ac8214efd6620555449-1707058115685;masal türü;Kurum Girilecek
a7bb88795d338b5aaf53e13882b28f159d978cf6-1743271776772;ANLAM KURMA SÜREÇLERİ;Kurum Girilecek
27f044a05b708e44f74387f3b7e31df5a498c8c2-1720339084608;2024 Haziran EB Ölçme 3;Kurum Girilecek
d39446f272688d5e772f0ac8214efd6620555449-1703951805559;halk edebiyatında tür ve şekiller;Kurum Girilecek
6fb816cac8d877ed782a082bbfb25c5eb5744b39-1762188485793;tür ve şekil;Kurum Girilecek
80b76a73d9fdf418aed6e143de1468fe9615c84a-1770227662692;TANZİMAT EDEBİYATI-5;Kurum Girilecek
dfb704ca01640e7fc6de2cdfecda7b07b97c9dea-1714499568209;CUMHURİYET ROMANI-8;Kurum Girilecek
0ecaf97bd911e1f98e82f64c0154bbbb95b2ff8b-1744905291267;2025 Çağdaş Türk Tarihi;Kurum Girilecek
950df98b6627378556b9fea8b928154bf4c6fe84-1697987459308;TYT Geometri Konu: ;Kurum Girilecek
d236201059a690d19f22bcbb3e604d215956fcd0-1716838926440;AYT Matematik: ;Kurum Girilecek
ddde34b2024644a24b097a706a8324ecfd9b75aa-1751631814649;2025 Eski Türk Edebiyatı Soru Çözümü;Kurum Girilecek
8ff2a38cda2d997b02c7124a3fc2ce357987a723-1708172620573;AYT Edebiyat: ;Kurum Girilecek
d5a49c3ab0991a06073f0f2931a2fc49ad269629-1762447420167;Eski Türk Edebiyatında Mazmunlar-4;Kurum Girilecek
403e7c4599e9a25f7617b1b86e974585ad29418a-1715619033838;14. Sözcük Türleri (Fiil, Ek-fiil ve Fiilimsi)-2;Kurum Girilecek
7c61bdf6f4b57fc909ca3ef9ee4e78a67a2fee6b-1712163401443;AYT Coğrafya: ;Kurum Girilecek
cd7d05e68c71654dbb3a45bdd22d1431e50099eb-1673199583800;milli edebiyat genel özellikleri 2;Kurum Girilecek
0eacca94e2c85712a7c17192c6d5001c3da64638-1671733304041;Eski Türk Dili 14, Fiilimsiler ve Fiilde Çatı;Kurum Girilecek
3c6e5f0e70b0e730d4f4806f524c916f5b1ad81d-1677166899805;Eski Türk Dili 38 Karahanlı Türkçesi;Kurum Girilecek
15a2ee8b633f754e598185dfa9a9fcf803a820c1-1712677759474;3. DENEME (DİL BİLİM - DİL BİLGİSİ);Kurum Girilecek
fe534ba2be486200b29eba3998f61d35ede4b765-1739980458029;mazmunlar;Kurum Girilecek
6fe48bfa10978f15864a01c2efd9a72981dac545-1759039942667;Konferans;Kurum Girilecek
4e115b4f2f6895ce8fc92bc882a966a33afede39-1771783434668;Şerhh;Kurum Girilecek
58fee96126fbde0c4f5e3c147df457ad979a56d4-1701276885265;nazım şekilleri ve nazım türleri;Kurum Girilecek
0b39fa7964b7e6a1c4d6189b8ce131b2a4f28d79-1700408601459;KONUŞMA EĞİTİMİ GİRİŞ;Kurum Girilecek
299cbd7fac79e094a9bc3b87c31b8813983b41dd-1741720594091;CUMHURİYET ROMANI -1;Kurum Girilecek
e2acf74a5fbfddbde02bc16517fc35725eedfc89-1744309526206;2025 Eski Türk Dili;Kurum Girilecek
8797722914e101baa4578694025ea8348a748303-1782575413042;Halk 4;Kurum Girilecek
0b39fa7964b7e6a1c4d6189b8ce131b2a4f28d79-1698514969404;DİNLEME STRATEJİLERİ;Kurum Girilecek
35055dac95adb3f6c0c8afe1593ea9f87912dc72-1763916896238;FRANSI ED. 4;Kurum Girilecek
882c48384669cac52c50c870d6015245d18ee55a-1703612147939;Fizik Konu: ;Kurum Girilecek
d5a49c3ab0991a06073f0f2931a2fc49ad269629-1769701555942;Edebi Sanatlar-7;Kurum Girilecek
c37912f16b27a187cd62227c72869b8c25d0b6ee-1744991999914;2025 Yeni Türk Edebiyatı 8;Kurum Girilecek
dbdc93588ab3222c7447f072bbd5270bd25f93a3-1709049487482;İnkılap Tarihi Konu: ;Kurum Girilecek
6f42de2803d3a60a14163660835e8e6ac1e39279-1697644162777;TYT Kimya Konu: ;Kurum Girilecek
96799d44ee03757118ca942f4420977e2fa2f2a2-1719244301062;TEMA VE METİN ÖZELLİKLERİ;Kurum Girilecek
6fb816cac8d877ed782a082bbfb25c5eb5744b39-1760975596681;halk bilim kuram ve yöntemler;Kurum Girilecek
d39446f272688d5e772f0ac8214efd6620555449-1708620896725;destanlar;Kurum Girilecek
dfb704ca01640e7fc6de2cdfecda7b07b97c9dea-1714492507336;CUMHURİYET ROMANI-6;Kurum Girilecek
dfb704ca01640e7fc6de2cdfecda7b07b97c9dea-1708444731679;MİLLİ EDEBİYAT- 10;Kurum Girilecek
cd7d05e68c71654dbb3a45bdd22d1431e50099eb-1680461128283;cumhuriyet dönemi sanatçıları devam;Kurum Girilecek
15a2ee8b633f754e598185dfa9a9fcf803a820c1-1708805989537;1.DENEME REHBERLİK;Kurum Girilecek
885cd183396123664aae15258f36ab40589223ad-1746118676474;1982 ANAYASASI 8. DERS;Kurum Girilecek
a56d30b34386dd8747148eeb602b1c0bd563bd4f-1734020127917;2025 Yeni Türk Dili Soru Çözümü ;Kurum Girilecek
e60003cc242983d50a26e43e5ba9f6b8871a0f8c-1725639382306;TANIŞMA;Kurum Girilecek
15a2ee8b633f754e598185dfa9a9fcf803a820c1-1722375484435;10. DENEME (EDEBİYAT DERSLERİ ÇÖZÜMÜ);Kurum Girilecek
d5a49c3ab0991a06073f0f2931a2fc49ad269629-1766681380570;Günümüz Türkçesine Aktarım-3;Kurum Girilecek
85cf7f78d52f24b1855c37e9a252bd190adc9774-1683388364415;ANLAMA KAZANIMLARI;Kurum Girilecek
58fee96126fbde0c4f5e3c147df457ad979a56d4-1708537894092;tezkireler;Kurum Girilecek
63f2e14f54fa66ec3aceda1ecb023cfc40028865-1763747072004;METİN DİLBİLİM - 2;Kurum Girilecek
112263000b8be6c8d0b4be27101c7163baab4c13-1677175556788;Eski Türk Dili 40 Karahanlı Türkçesi;Kurum Girilecek
bf34a30375919b679162e745b11e71cb60b00db8-1720115497018;beyit incelemeleri;Kurum Girilecek
2b34ff093a4fe562ccbd4d1dec9defa11fabe2e9-1766853929233;PARÇAÜSTÜ SESBİRİMLERİ;Kurum Girilecek
885cd183396123664aae15258f36ab40589223ad-1741890456489;222 SAYILI KANUN 5. DERS;Kurum Girilecek
14a495712d677bd3ac07a8cc907eabba7f8446a3-1701970400103;Eski Dil: Kip Ekleri ;Kurum Girilecek
a84460759d4127d9d7586c956fc4f26f1cca5eca-1673373188988;Yeni Türk Dili 17 Soru Çözümü;Kurum Girilecek
28e302c5c8b636fde4868a6df4bf3880dd898de8-1697381989035;TYT Geometri: ;Kurum Girilecek
569227d8b1048b533bc9ba0fdd3c7e12e549314e-1722089680071;DİLBİLİM -1;Kurum Girilecek
fe534ba2be486200b29eba3998f61d35ede4b765-1739986719129;tezkireler;Kurum Girilecek
15a2ee8b633f754e598185dfa9a9fcf803a820c1-1711329230581;2.DENEME REHBERLİK;Kurum Girilecek
2c9c467309288b393c174b75223f4225b0d7472a-1779036251500;MAYIS AYI REHBERLİK;Kurum Girilecek
78ec749551df9aa73422a6653ed8538c18a00520-1712423867539;TYT Geometri: ;Kurum Girilecek
15a2ee8b633f754e598185dfa9a9fcf803a820c1-1721007544295;7. DENEME (ALAN EĞİTİMİ ÇÖZÜM);Kurum Girilecek
59529ae04f9a702b768d68d85033c6cbe334901a-1746269147979;Maarif model 5;Kurum Girilecek
059f2ad29732c04932217af6f0290782094cecca-1751564686356;eski edebiyat genel tekrar;Kurum Girilecek
fcba9f8121eab61fc258569ec171a1fee638b977-1709048741172;TYT Tarih Konu: ;Kurum Girilecek
58fee96126fbde0c4f5e3c147df457ad979a56d4-1706118543820;aruz ,işlemleri;Kurum Girilecek
4b39fd288dc2700c79d58ee85b39fd914c7ff7ef-1748361682386;SORU ÇÖZÜMÜ-13;Kurum Girilecek
3952b1ba6290cff1170a97c1b872549e03a00571-1736524599417;31) Dil bilgisi [Sözcük Türleri (fiil, ek-fiil, fiilimsi)]-3;Kurum Girilecek
cd7d05e68c71654dbb3a45bdd22d1431e50099eb-1674410056238;MİLLİ EDEBİYAT DÖNEMİ BAĞIMSIZLAR;Kurum Girilecek
c06f33725e8f7234e028b86d246bc2dde4646ca0-1674065687707;CUMHURİYET ŞİİRİ 2 Yeni Türk Edebiyatı 24,;Kurum Girilecek
6d536a6c5a19dabdbbd3d76937f43b4eaceee54c-1714837774454;STRATEJİLER - 2;Kurum Girilecek
448611f8dabc29c40eb6761c3c0ec8f01ff793b1-1738690745972;Osmanlı Tarihi: ;Kurum Girilecek
dff53bba9ffbd76ec62de0bb277db7f67e49c59e-1673538506285;Eski Türk Dili 26, Dil Aileleri;Kurum Girilecek
ef76c0d7c91622f68a8efed897e55f4488cf0b4b-1699890517845;Osmanlı Tarihi Konu: ;Kurum Girilecek
f5eda903bf09bbb7e0208eedda78dbb2f5063bcd-1703951339985;YTE Konu: EDEBİYATICEDİDE ROMANI;Kurum Girilecek
6c4d2a7b024b5ceb54ae86ee043ebc4c9e88195d-1689695413853;Eski Türk Edebiyatı 1 ;Kurum Girilecek
403e7c4599e9a25f7617b1b86e974585ad29418a-1717084667699;25) Ses Bilgisi -2;Kurum Girilecek
059f2ad29732c04932217af6f0290782094cecca-1750956020832;DÖRT TEMEL BECERİ - 2;Kurum Girilecek
c82949c221641991c2c8b8491ed91ab084057003-1702052871518;Eski Edebiyat: Aruz Kalıpları Uygulama ;Kurum Girilecek
58fee96126fbde0c4f5e3c147df457ad979a56d4-1707933047965;mazmunlar;Kurum Girilecek
3c3986fcee94ce0e1452ad66fd52429715545871-1745602707568;Sözel Mantık 2 ;Kurum Girilecek
abc9eb3080ac5615456a5e2186beec717f266cd2-1705826551344;AYT Matematik Konu: ;Kurum Girilecek
80b76a73d9fdf418aed6e143de1468fe9615c84a-1769792034204;TANZİMAT EDEBİYATI-1;Kurum Girilecek
fd5c21dfcef4665bb7e8b67c9d7f92cb619f22e0-1747928583778;DİNLEME EĞİTİMİ-1;Kurum Girilecek
07461200176cc6a890dcc8ca627649d2b6750c13-1701878008707;Osmanlı Tarihi: ;Kurum Girilecek
299cbd7fac79e094a9bc3b87c31b8813983b41dd-1732035532809;TANZİMAT EDEBİYATI-3;Kurum Girilecek
6debbf1ac3f8c0ba6c516f4699204a07a3c8bd65-1716569015077;batı ilaveler;Kurum Girilecek
81c1909e4d6e38098ef8027f8ab512839d44f4bf-1747065501555;2025 İnkılap Tarihi Soru Çözümü ;Kurum Girilecek
059f2ad29732c04932217af6f0290782094cecca-1751820710070;genel tekrar 2;Kurum Girilecek
bf34a30375919b679162e745b11e71cb60b00db8-1718297479604;beyit incelemeleri;Kurum Girilecek
63f2e14f54fa66ec3aceda1ecb023cfc40028865-1770738260127;DİL, DİL TEORİLERİ VE DİL AİLELERİ-2  VE BİTERSE SES BİLİMİ (FONOLOJİ) - 1;Kurum Girilecek
3f786d7fc3ee454ade237558b8c97f1f8a75c598-1714828335121;AYT Kimya: ;Kurum Girilecek
c448cf7c3d21727c59ff7520b1e6d64bb8d26da4-1741976402841;1 - BİÇİM BİLGİSİ;Kurum Girilecek
6d536a6c5a19dabdbbd3d76937f43b4eaceee54c-1712172231183;BLOOM TAKSONOMİSİ - 2;Kurum Girilecek
4e115b4f2f6895ce8fc92bc882a966a33afede39-1778175477108;Beyit Şerhi-15;Kurum Girilecek
6fb816cac8d877ed782a082bbfb25c5eb5744b39-1764604698839;halk şairler;Kurum Girilecek
4865fc2dc1446cfb7fb73534023a8aee963bcc14-1704035123150;Geometri konu: ;Kurum Girilecek
5c288540cc4a3963fdae332c9d03f4a623c474ee-1737308800974;Kuramlar 3;Kurum Girilecek
5c288540cc4a3963fdae332c9d03f4a623c474ee-1730650273767;edebi akımlar 2;Kurum Girilecek
f2cbea88fd85117b36715ad29b52afd6488b00e6-1739817823027;tür ve şekil;Kurum Girilecek
6cac5a360171a06727802780e2ef1e23ce086095-1747324246717;2025 Eski Türk Dili ;Kurum Girilecek
325653b749bd630bf0fe632601e8884de1ff63de-1669740756060;Yeni Türk Dili 4, Ses Bilgisi;Kurum Girilecek
3c6b3c2d3e81c9dc959f9d46c6a6d5a1a5549645-1731772841758;Yeni Türk Dili 1. Ders ( Ünlü -Ünsüzlerin özelikleri ve ses olayları);Kurum Girilecek
0227ecef24ffd5f993e3a594193ec0e6cca913b3-1777918485491;ÇOCUK EDEBİYATI-21;Kurum Girilecek
61372c63ae6d987f3e66783a10faf83fd45bfae4-1722268269890;2024 Alan Eğitimi Soru Çözümü ;Kurum Girilecek
1915c10105dfbd7555185247b1c232d5dd4b0df5-1705734404912;Biyoloji Konu: ;Kurum Girilecek
77a237464e7a152b59c80529a1453dc929f185ef-1708444809637;İnkılap Tarihi Konu: ;Kurum Girilecek
0b39fa7964b7e6a1c4d6189b8ce131b2a4f28d79-1706456922287;OKUMA TEKNİKLERİ-1;Kurum Girilecek
6fb816cac8d877ed782a082bbfb25c5eb5744b39-1765817200719;masallar;Kurum Girilecek
80b76a73d9fdf418aed6e143de1468fe9615c84a-1777660072120;CUMHURİYET ROMANI-12;Kurum Girilecek
55a007a7bd7f4dbdbb7245ed4ddcf8056db8d467-1711299574563;Eski Edebiyat Soru Çözüm Kampı;Kurum Girilecek
299cbd7fac79e094a9bc3b87c31b8813983b41dd-1734451205645;SERVETİFÜNUN EDEBİYATI-4;Kurum Girilecek
63f2e14f54fa66ec3aceda1ecb023cfc40028865-1762533907469;PARÇAÜSTÜ SESBİRİMLER - 2;Kurum Girilecek
b502863bc3fc5921943f4e5ac6bda89d71dbdb63-1710787287881;KPSS Matematik Konu: kümeler fonksiyonlar;Kurum Girilecek
059f2ad29732c04932217af6f0290782094cecca-1751993588966;Yeni Türk Edebiyatı Soru Çözümü - 5;Kurum Girilecek
49e5472ad525f22bae0fc30dc50a4f7d71dbfccf-1715358009599;AYT Matematik: ;Kurum Girilecek
2989cbd1040502c55f1f74f8b38fcfc5950fc4d1-1720374442997;halk 9;Kurum Girilecek
dfb704ca01640e7fc6de2cdfecda7b07b97c9dea-1701791797168;BATILI NAZIM ŞEKİLLERİ;Kurum Girilecek
cd7d05e68c71654dbb3a45bdd22d1431e50099eb-1681148178847;POSTMODERN YAZARLAR;Kurum Girilecek
14a8bbeee824e7d3d53fae329fb8d3650a40ac38-1742575579650;2025 Yeni Türk Edebiyatı 4;Kurum Girilecek
bf34a30375919b679162e745b11e71cb60b00db8-1718301202574;beyit incelemeleri;Kurum Girilecek
6d536a6c5a19dabdbbd3d76937f43b4eaceee54c-1720198327636;YABANCILARA TÜRKÇE öğretimi giriş;Kurum Girilecek
15a2ee8b633f754e598185dfa9a9fcf803a820c1-1721397037436;8. DENEME (ALAN EĞİTİMİ ÇÖZÜM);Kurum Girilecek
5c288540cc4a3963fdae332c9d03f4a623c474ee-1733066182901;Fransız Ed. devam;Kurum Girilecek
9483d726b5c8e010529d850c262b5f4ac716b5b1-1711472153904;Eski Dil Soru Kampı 2;Kurum Girilecek
0227ecef24ffd5f993e3a594193ec0e6cca913b3-1776700629663;ÇOCUK EDEBİYATI-13;Kurum Girilecek
a4c837e51dbbfd271c76d4a0ff07b501de770b98-1695403502768;TÜRKÇE 2;Kurum Girilecek
f57474deb0ee30d7ae70b8c5df39cea3dd4a1ddf-1679595773990;Eski Türk Dili 48 Çağatay Türkçesi;Kurum Girilecek
6debbf1ac3f8c0ba6c516f4699204a07a3c8bd65-1713549946795;İngiliz Ed. Defo'dan devam;Kurum Girilecek
5f4601f8bb160d50267e2c7fe4d35278b9459f3c-1713088837222;AYT Biyoloji: ;Kurum Girilecek
4ddade9f39e3f50cf885b419eb5dba202202d9ee-1711046704186;Eski dil Konu: ;Kurum Girilecek
05d77d0ecda2fba36f0207ae358d04c379fa0e90-1670350047676;Yeni Türk dili 8, Sözcük Türleri;Kurum Girilecek
80b76a73d9fdf418aed6e143de1468fe9615c84a-1775836321680;CUMHURİYET ROMAN-1;Kurum Girilecek
d5a49c3ab0991a06073f0f2931a2fc49ad269629-1766079664846;Günümüz Türkçesine Aktarım-2;Kurum Girilecek
def8a36784a800d9ee7824eef5b6b856100faac1-1701964317914;Felsefe Konu: ;Kurum Girilecek
dfb704ca01640e7fc6de2cdfecda7b07b97c9dea-1703613010838;FECRİATİ EDEBİYATI-1;Kurum Girilecek
0b39fa7964b7e6a1c4d6189b8ce131b2a4f28d79-1696952743814;OKUMA EĞİTİMİ KAZANIMLARI- 1;Kurum Girilecek
7e9aa4aa6c437aae65fe469b86c754710db5f563-1711991380034;"GYGK Matematik; ";Kurum Girilecek
35055dac95adb3f6c0c8afe1593ea9f87912dc72-1764517613474;fransız 6;Kurum Girilecek
24616c49c1e5c14b7b168c689bf2e158cb1f981e-1696526952394;Matematik Konu: ;Kurum Girilecek
25ad94ab0acdaee21e799dc102604f5f2fc5ee71-1708617271388;AYT Din Kültürü: ;Kurum Girilecek
6debbf1ac3f8c0ba6c516f4699204a07a3c8bd65-1711131932316;edebi akımlar parnasizm;Kurum Girilecek
569227d8b1048b533bc9ba0fdd3c7e12e549314e-1721933782519;5. ders;Kurum Girilecek
403e7c4599e9a25f7617b1b86e974585ad29418a-1713800829643;4. SÖZCÜK TÜRLERİ (İSİM, ZAMİR, SIFAT, ZARF);Kurum Girilecek
28da199794743b8dcc1eaa4fd33a57e8af8c0115-1715184609329;AYT Kimya: ;Kurum Girilecek
2a3118bee8adb487c610585b9ef9cfb19b60625b-1704480058244;DİL BİLİM -EN SESSİZ SINIFIN EN ARKA SIRASINDAKİ SESSİZ ÇOCUĞUNDAN BİR ÖĞRETMEN.;Kurum Girilecek
0b39fa7964b7e6a1c4d6189b8ce131b2a4f28d79-1698170436719;METİN ÖZELLİKLERİ;Kurum Girilecek
29142914a7c4dc11d9f7bcde51db237649e080e6-1680023690490;CUMHURİYET DEVRİ HİKÂYE 42,;Kurum Girilecek
58fee96126fbde0c4f5e3c147df457ad979a56d4-1701878176048;nazım türleri ve beyit incelemeleri;Kurum Girilecek
476f66699ee6c7948551ff4e1b52185a8ddde20e-1744300609123;Tarih: ;Kurum Girilecek
c716bff743c01557eab415f5b517a7e41f28d1f8-1705244403335;Geometri konu: ;Kurum Girilecek
f07800a4ba03d9b2294395f9a81db346447ff1e8-1717535977382;Dil Bilgisi Soru Çözümü ;Kurum Girilecek
dfb704ca01640e7fc6de2cdfecda7b07b97c9dea-1710869671076;CUMHURİYET ŞİİRİ - 10;Kurum Girilecek
d39446f272688d5e772f0ac8214efd6620555449-1703353682594;halk edebiyatı türler;Kurum Girilecek
c448cf7c3d21727c59ff7520b1e6d64bb8d26da4-1740935908753;1- SES BİLGİSİ;Kurum Girilecek
6868b86843d926f149198276f4130544d099c6a1-1698680650361;KPSS Matematik Konu: ;Kurum Girilecek
8b04ea855d9d5c790faa74e3a476ed6085b6364e-1706290347547;edebi akımlar 3- annesi üzülmesi diyen intihar etmeyenler:);Kurum Girilecek
ab4467cfbfc227d13028457cf753962dfe6727ba-1705339915491;İnkılap Tarihi Konu: ;Kurum Girilecek
80b76a73d9fdf418aed6e143de1468fe9615c84a-1777047918528;CUMHURİYET ROMANI-7;Kurum Girilecek
cf8d6a52af2bb269ff334d0fd8291f3b93dc11b0-1722426439686;2024 Temmuz Eski Edebiyat Soru Çözümü;Kurum Girilecek
4e0436a083fd880fb1dedaa7c3142ffb2be6d9e3-1704210955862;YKS Tarih Konu: ;Kurum Girilecek
c2bdcd65896ccb7d920c772a7023ec30413ca386-1745164902508;ÇOCUK EDEBİYATI TARİHÇESİ-3;Kurum Girilecek
9483f9b4c8f357f74b159e62b0bb261e025c62ff-1701967643781;Türkçenin biçim bilgisi 2;Kurum Girilecek
299cbd7fac79e094a9bc3b87c31b8813983b41dd-1734457504899;SERVETİFÜNUN EDEBİYATI-6;Kurum Girilecek
3952b1ba6290cff1170a97c1b872549e03a00571-1730480012340;2. Dil bilgisi (Türk Ses Bilgisi)-II;Kurum Girilecek
dfb704ca01640e7fc6de2cdfecda7b07b97c9dea-1709052550359;CUMHURİYET ŞİİRİ-2;Kurum Girilecek
fed38138012644650f069e96f428cbfb31dd67dc-1702105150340;Biyoloji Konu: ;Kurum Girilecek
51ff007f49e5d77e56517d69fb5c853e9d09bd18-1778341675531;DİL YAPILARI VE SÖZ VARLIĞI;Kurum Girilecek
d5a49c3ab0991a06073f0f2931a2fc49ad269629-1766677971867;Aruz Bilgisi-8;Kurum Girilecek
2b34ff093a4fe562ccbd4d1dec9defa11fabe2e9-1764438477006;DİNLEME ÖĞRETİMİNİN AMAÇLARI;Kurum Girilecek
fe534ba2be486200b29eba3998f61d35ede4b765-1735148196090;sanatlar;Kurum Girilecek
24bf8f76861ff4704691b831bbc3320196104735-1703266097668;Eski Edebiyat Konu: ;Kurum Girilecek
80b76a73d9fdf418aed6e143de1468fe9615c84a-1778264562548;CUMHURİYET TİYATROSU-2 VE ÖĞRETİCİ METİNLER-1;Kurum Girilecek
51ff007f49e5d77e56517d69fb5c853e9d09bd18-1780764541734;ÖĞRENME ÇIKTILARI SORU ÇÖZÜMÜ - 6;Kurum Girilecek
0d2ab2c4ab99e068462ec041f3179d1785e3cc23-1710614358029;Eski Dil Konu: Uygur Türkçesi;Kurum Girilecek
a0aa9c0cff9622a9075c349a13e32d8ccf9c93b5-1742230326834;Coğrafya:;Kurum Girilecek
71d445c7eb67cfc99363dea6499d3eaa01b9ad7d-1687013245153;Harun Hoca Vatandaşlık ;Kurum Girilecek
685b3a7bb13bed56f2dee634d8ba78a134b183e6-1752299878517;2025 Mevzuat Soru Çözümü ;Kurum Girilecek
d0684fcb596f6578fb1a5547e721df23cbef592d-1737561494493;Coğrafya: ;Kurum Girilecek
dfb704ca01640e7fc6de2cdfecda7b07b97c9dea-1707238103764;MİLLİ EDEBİYAT-5;Kurum Girilecek
fd5c21dfcef4665bb7e8b67c9d7f92cb619f22e0-1749836651259;OKUMA EĞİTİMİ - 4;Kurum Girilecek
2c9c467309288b393c174b75223f4225b0d7472a-1764356740105;KASIM AYI REHBERLİK -2;Kurum Girilecek
a7bb88795d338b5aaf53e13882b28f159d978cf6-1741461309832;YAZMA TÜR, YÖNTEM VE TEKNİKLERİ;Kurum Girilecek
7d856a5528132d97c75d058e84f41111ba0cfb69-1746632011032;aruz 3;Kurum Girilecek
63f2e14f54fa66ec3aceda1ecb023cfc40028865-1771699154733;TÜMCE BİLİMİ (SÖZ DİZİMİ /SENTAKS) - 2;Kurum Girilecek
bf34a30375919b679162e745b11e71cb60b00db8-1719503397510;beyit incelemeleri;Kurum Girilecek
58fee96126fbde0c4f5e3c147df457ad979a56d4-1707069222521;aruz işlemleri;Kurum Girilecek
cd7d05e68c71654dbb3a45bdd22d1431e50099eb-1670172892444;tanzimat edebiyatı soru çözümü;Kurum Girilecek
fe534ba2be486200b29eba3998f61d35ede4b765-1736351765599;beyit incelemesi- sanatlar;Kurum Girilecek
240cf5c749a2c92e7a987320f0af318625a65cda-1748621703451;2025 Eski Türk Edebiyatı;Kurum Girilecek
f2cbea88fd85117b36715ad29b52afd6488b00e6-1746463782398;anonim halk edeb. türler;Kurum Girilecek
a1d7645f34c2d86e3af7c2b1f37e5cc467a0ebc4-1690710376807;Eski Türk Edebiyatı Soru Çözümü ;Kurum Girilecek
5ac6606f065808181b8693cd7b3b2119e3edd90a-1713455300292;Eski edebiyat: 17-18 YY sanatçıları ;Kurum Girilecek
bf34a30375919b679162e745b11e71cb60b00db8-1717952197523;tür şekil 3;Kurum Girilecek
0b39fa7964b7e6a1c4d6189b8ce131b2a4f28d79-1700927359765;SESİN ÖZELLİKLERİ;Kurum Girilecek
a5a9ac90d7fd0fc150c2751e044a358a389542ff-1719849080668;2024 EB Haziran Rehberlik 2;Kurum Girilecek
35055dac95adb3f6c0c8afe1593ea9f87912dc72-1767553170247;DİĞER 2;Kurum Girilecek
403e7c4599e9a25f7617b1b86e974585ad29418a-1715010283647;10. Tamlamalar;Kurum Girilecek
80b76a73d9fdf418aed6e143de1468fe9615c84a-1775320616106;CUMHURİYET ŞİİRİ-13;Kurum Girilecek
63f2e14f54fa66ec3aceda1ecb023cfc40028865-1762537160324;MORFOLOJİ;Kurum Girilecek
d7dad2522028ff469750a8abf90d0e76e0a208d9-1703007031750;Fizik Konu: ;Kurum Girilecek
327f57a58202e6d136b9b303e803f1095b9e0766-1702220297710;Geometri Konu: ;Kurum Girilecek
6d536a6c5a19dabdbbd3d76937f43b4eaceee54c-1720540133970;Yabancılara Türkçe öğretimi seviyeler ve kazanımlar;Kurum Girilecek
a7bb88795d338b5aaf53e13882b28f159d978cf6-1739033387900;KONUŞMA YÖNTEMLERİ - 2;Kurum Girilecek
e26ad59b0854e604e62338cd1dca1184fd501c00-1747567030834;Maarif Model 8;Kurum Girilecek
92849f930e18ec1e911cf808a55d34cbc3d42e40-1719662218850;2024 Haziran GYGK Coğrafya 2;Kurum Girilecek
0b5fec1cc3849f834827a6bf61b61570b4433449-1709832906331;Eski Dil Konu: ;Kurum Girilecek
85cf7f78d52f24b1855c37e9a252bd190adc9774-1681564703991;YETKİNLİKLER;Kurum Girilecek
63f2e14f54fa66ec3aceda1ecb023cfc40028865-1771696131927;BİÇİM BİLİMİ (MORFOLOJİ) -4 YETİŞİRSE TÜMCE BİLİMİ;Kurum Girilecek
dfb704ca01640e7fc6de2cdfecda7b07b97c9dea-1713289818563;CUMHURİYET ROMANI-2;Kurum Girilecek
3af846574fd50b2f85a88fec4e1df1aa4af0361e-1747780378018;5. DENEME DİLBİLGİSİ DİLBİLİM EDEBİYAT ÇÖZÜMÜ;Kurum Girilecek
3acbb5da98d907657df7b36fe103344314c3ed27-1739289632429;Anayasa: ;Kurum Girilecek
892b584343d0c9fc7ab552c5c90bbfd699dca74d-1730133988299;DİL BİLİM 2. DERS;Kurum Girilecek
f68c14d1755690b9743566a8e83f5aa5aa5667e9-1743230728977;Eğitimin Temelleri ;Kurum Girilecek
a7bb88795d338b5aaf53e13882b28f159d978cf6-1730566234523;DEĞERLERİMİZ;Kurum Girilecek
58fee96126fbde0c4f5e3c147df457ad979a56d4-1700067036433;nazım şekilleri;Kurum Girilecek
fd63e13a7cf0ff13a699159d7f3b5036ffcbf938-1678205477600;Yeni Türk Edebiyatı 33;Kurum Girilecek
4e115b4f2f6895ce8fc92bc882a966a33afede39-1769961826097;Azur;Kurum Girilecek
d5a49c3ab0991a06073f0f2931a2fc49ad269629-1770914762439;Nazım Türleri-6;Kurum Girilecek
dfb704ca01640e7fc6de2cdfecda7b07b97c9dea-1704815728191;SORU ÇÖZÜMÜ -1;Kurum Girilecek
d5a49c3ab0991a06073f0f2931a2fc49ad269629-1763056035580;Eski Türk Edebiyatında Âşık- Sevgili- Rakip-2;Kurum Girilecek
c5ff79941cb27a5529ec475661a73c6c740b2c8d-1700993275914;Coğrafya Konu: ;Kurum Girilecek
7d856a5528132d97c75d058e84f41111ba0cfb69-1744214270182;sorularla genel tekrar;Kurum Girilecek
a4c5d3187139747c5af032e13de1837a5a2c3bc3-1700981642811;Fizik Konu: ;Kurum Girilecek
299cbd7fac79e094a9bc3b87c31b8813983b41dd-1735062587626;FECRİATİ EDEBİYATI-2;Kurum Girilecek
78b580e5ba88e8da5ff1055f24fba3146e11cdeb-1750350295171;2025 Eski Türk Edebiyatı Soru Çözümü;Kurum Girilecek
a7bb88795d338b5aaf53e13882b28f159d978cf6-1738433816484;KONUŞMA BOZUKLUKLARI- 2;Kurum Girilecek
bf34a30375919b679162e745b11e71cb60b00db8-1720107964100;beyit incelemeleri;Kurum Girilecek
c043b27a9478583f3e8d92171e697579569ed8a8-1739375136115;Coğrafya: ;Kurum Girilecek
4e115b4f2f6895ce8fc92bc882a966a33afede39-1771779017260;Serh 5;Kurum Girilecek
5c288540cc4a3963fdae332c9d03f4a623c474ee-1731862984833;edebi akımlar son ders. Batı edebiyatına giriş;Kurum Girilecek
3952b1ba6290cff1170a97c1b872549e03a00571-1738342455506;38. CÜMLE BİLGİSİ (ÖGELER) -5;Kurum Girilecek
da66a3d8e4f0b023a8f7e88f694b59867f8bdacf-1704383455109;Felsefe Konu: ;Kurum Girilecek
85615f0283eb6f6c3afd77b6da92c7279cf4730c-1673971153631;Eski Türk Dili 28 Dil Aileleri;Kurum Girilecek
2a3118bee8adb487c610585b9ef9cfb19b60625b-1699034559077;DİL BİLİM GİRİŞ 3;Kurum Girilecek
58fee96126fbde0c4f5e3c147df457ad979a56d4-1699466207089;nazım şekilleri beyit incelemeleri;Kurum Girilecek
75bab8dad20aa4140b2413dd9c8567342e773f19-1672333330010;Eski Türk Dili 19, Yapım Ekleri;Kurum Girilecek
2a3118bee8adb487c610585b9ef9cfb19b60625b-1702059396507;dil bilim okulları vs güllü-sabah olmadan;Kurum Girilecek
7d856a5528132d97c75d058e84f41111ba0cfb69-1743013143451;sorularla genel tekrara analiz;Kurum Girilecek
d39446f272688d5e772f0ac8214efd6620555449-1709826536555;halk edebiyatı kaynakları;Kurum Girilecek
3767e300b566f0bd0862e6e7694396d3de16a76c-1701446188750;Kimya Konu: ;Kurum Girilecek
299cbd7fac79e094a9bc3b87c31b8813983b41dd-1732039304045;TANZİMAT EDEBİYATI-4;Kurum Girilecek
cd7d05e68c71654dbb3a45bdd22d1431e50099eb-1669571725724;TANZİMAT 2.DNEM SANATÇILARI DEVAM;Kurum Girilecek
4e115b4f2f6895ce8fc92bc882a966a33afede39-1777567735270;Beyit Şerhi-11;Kurum Girilecek
85cf7f78d52f24b1855c37e9a252bd190adc9774-1684338249924;SORU ÇÖZÜMÜ - 5;Kurum Girilecek
2d72a02d2c6b56766222f0f9aaac876da50de3de-1700495578587;KPSS Matematik Konu: üslü sayılar;Kurum Girilecek
c173d191fc32c3451b2f5c5d2f4074e5f5de4ab5-1709468672652;AYT Edebiyat: ;Kurum Girilecek
892b584343d0c9fc7ab552c5c90bbfd699dca74d-1730130433987;DİL BİLİM 1. DERS;Kurum Girilecek
80b76a73d9fdf418aed6e143de1468fe9615c84a-1778518544884;ÖĞRETİCİ METİNLER-3;Kurum Girilecek
d5a49c3ab0991a06073f0f2931a2fc49ad269629-1764261899117;Nazım Şekilleri-5;Kurum Girilecek
c77d120d2d83fafbbe3cee46ba22f3a9119d496f-1701445249907;Halk Edebiyatı Konu: Anonim Halk Edebiyatı Nazım Türleri;Kurum Girilecek
8f53b065277daf63a072fc924217bd0fc7730312-1677599370866;Yeni Türk Edebiyatı 31;Kurum Girilecek
44baf6f79767a283d08b611488a26b4da8df1019-1719244167589;Haziran Kampı Rehberlik 1;Kurum Girilecek
885cd183396123664aae15258f36ab40589223ad-1741368596314;TANIŞMA;Kurum Girilecek
d30ca6e3f5aa5c463a81f65108f4eb5d088309d9-1732635917070;Yapı Bilgisi Soru Çözümü 3;Kurum Girilecek
b647b6af2890369a03f25b5a427b037a0c92e8d3-1681060066089;Eski Türk Dili 49 Eski Anadolu Türkçesi;Kurum Girilecek
a7bb88795d338b5aaf53e13882b28f159d978cf6-1740849536484;YAZMA MODELLERİ;Kurum Girilecek
8dea8ee14af0b626d69f05cf84cc0c52709151d5-1740847700751;Halk Edebiyatı 3. ders ;Kurum Girilecek
d5a49c3ab0991a06073f0f2931a2fc49ad269629-1774545730366;Klasik Türk Edebiyatı Tarihi-11;Kurum Girilecek
fe534ba2be486200b29eba3998f61d35ede4b765-1733327437854;beyit incelemesi nazım şekilleri türleri;Kurum Girilecek
9412fbfc181d2171e95bb3c507c0d7230807fc9c-1757576450771;Yer Bilimleri, İş Sağlığı ve Güvenliği ve Afet-Risk Yönetimi;Kurum Girilecek
e60003cc242983d50a26e43e5ba9f6b8871a0f8c-1745005708356;NİSAN AYI REHBERLİK;Kurum Girilecek
a7bb88795d338b5aaf53e13882b28f159d978cf6-1743275073752;METİNLER VE ÖZELLİKLERİ;Kurum Girilecek
4cb4037f842ec377ea2d7674e07c0c7ae897c671-1711645115461;YTE Konu: ;Kurum Girilecek
35055dac95adb3f6c0c8afe1593ea9f87912dc72-1764525093226;fransız 9;Kurum Girilecek
4bdac10fe5cde70923adad9f7026da530175d052-1706895912786;Temel Matematik: ;Kurum Girilecek
975229ad30f83f67fff0cb3430c313edfa6e64a6-1742121745539;çözüm 10;Kurum Girilecek
5c288540cc4a3963fdae332c9d03f4a623c474ee-1731856553016;Edebi akımlar 6;Kurum Girilecek
0cc546dbf1b055de673a5ffd3e16d02a15e0a7f3-1696661904812;Biyoloji 1 Konu: ;Kurum Girilecek
2b34ff093a4fe562ccbd4d1dec9defa11fabe2e9-1762011997895;KONUŞMA EĞİTİMİ KAZANIMLARI;Kurum Girilecek
80b76a73d9fdf418aed6e143de1468fe9615c84a-1772041953008;FECRİATİ EDEBİYATI-3;Kurum Girilecek
0b39fa7964b7e6a1c4d6189b8ce131b2a4f28d79-1697907330041;KAZANIMLAR SORU ÇÖZÜMÜ - 2;Kurum Girilecek
6debbf1ac3f8c0ba6c516f4699204a07a3c8bd65-1710531543014;ROMANTİZM-REALİZM;Kurum Girilecek
a31d7e047da842d6869bd391f22aebca1503d496-1719298562138;GYGK Haziran Kampı Matematik 2;Kurum Girilecek
63175c9bc1a07dc877cffb0f987d9d6585316670-1747503645273;METİN DİL BİLİM VE DİL BİLİM OKULLARI;Kurum Girilecek
dfb704ca01640e7fc6de2cdfecda7b07b97c9dea-1710875847700;CUMHURİYET ŞİİRİ- 12;Kurum Girilecek
f91c9dcc8b1f8cbb44397d34f730b632cd161de6-1744872411282;2025 Matematik ;Kurum Girilecek
c2bdcd65896ccb7d920c772a7023ec30413ca386-1745772830018;TÜRKİYE'DE ÇOCUK EDEBİYATI-4;Kurum Girilecek
cd7d05e68c71654dbb3a45bdd22d1431e50099eb-1670169318956;tanzimat edebiyatı ara nesil;Kurum Girilecek
299cbd7fac79e094a9bc3b87c31b8813983b41dd-1744130971804;CUMHURİYET ROMAN-9;Kurum Girilecek
ff710f3d809b5be78b57b31132d763cb028a59c1-1743576853558;2025 Matematik : ;Kurum Girilecek
9483f9b4c8f357f74b159e62b0bb261e025c62ff-1700157216622;Ses bilgisi 3;Kurum Girilecek
84873ad8ef0d659d474557b1a499d163394cdfa1-1705751681080;AYT edebiyat: ;Kurum Girilecek
96799d44ee03757118ca942f4420977e2fa2f2a2-1717868242415;YAZMA KAZANIMLARI;Kurum Girilecek
a7bb88795d338b5aaf53e13882b28f159d978cf6-1737222618887;PARÇAÜSTÜ BİRİMLERİ;Kurum Girilecek
cd7d05e68c71654dbb3a45bdd22d1431e50099eb-1680551122675;CUMHURİYET DÖNEMİ POST-MODERN SANATÇILAR 2;Kurum Girilecek
3952b1ba6290cff1170a97c1b872549e03a00571-1737137959768;CÜMLE BİLGİSİ (ÖGELER) -3;Kurum Girilecek
9ff839fffa2fa12345ee96221d7168d65c85f4ee-1698160819833;TYT Tarih Konu: (İlkçağ Uygarlıkları 2- Orta Asya Türk Tarihi);Kurum Girilecek
4e115b4f2f6895ce8fc92bc882a966a33afede39-1776966029336;Beyit Şerhi-9;Kurum Girilecek
92f9496857231613f2b7d1e06aded6240dc5831a-1700063725430;TYT Kimya Konu: KİMYASAL TEPKİMELERİN DENKLEŞTİRİLMESİ VE TEPKİME TÜRLERİ ;Kurum Girilecek
d5a49c3ab0991a06073f0f2931a2fc49ad269629-1769705372566;Edebi Sanatlar-8;Kurum Girilecek
96799d44ee03757118ca942f4420977e2fa2f2a2-1719943514489;CİHANGİR-11;Kurum Girilecek
a2f12778f610b60fce922d00481166c15ff01c2c-1691068749031;Halk Edebiyatı Çapraz Soru Çözümü ;Kurum Girilecek
9f4b60fe4c11d59750cc43e792fab85ddef0b802-1701106504929;Osmanlı Tarihi Konu: ;Kurum Girilecek
5c288540cc4a3963fdae332c9d03f4a623c474ee-1737909714189;denemeler 2;Kurum Girilecek
c6a8abe71eb210ccb27050dd30290d412c8e92c9-1720698309099;Sözel Mantık ;Kurum Girilecek
33f4b744d843fe89ab4300d05ff1a0f723940d47-1707413153799;Eski Dil Konu: Sözcük Türleri;Kurum Girilecek
ccbd18e153199f0ecad9bed9693d7a89ddee1a13-1714580649875;İnkılap Soru Çözümü;Kurum Girilecek
f2cbea88fd85117b36715ad29b52afd6488b00e6-1742232441922;mitler ve efsaneler;Kurum Girilecek
2b34ff093a4fe562ccbd4d1dec9defa11fabe2e9-1765640573155;DİNLEME TÜRLERİ - 2;Kurum Girilecek
e867e74031af69f902d5e833fd5a93c1c80d9e44-1736271019635;Tarih: İslamiyet Öncesi ve Türk İslam Tarihi;Kurum Girilecek
27765f5577edd7b20251dc5ef24fffaa7d225a96-1720262841749;2024 Haziran EB Gelişim ;Kurum Girilecek
c448cf7c3d21727c59ff7520b1e6d64bb8d26da4-1740939563532;2- SES BİLGİSİ;Kurum Girilecek
8b04ea855d9d5c790faa74e3a476ed6085b6364e-1707503684028;dünya edebiyatı- OĞLUM BEKİR...;Kurum Girilecek
a204457f7fae1bb05d1b0196cc3bcbe74943970f-1711392270320;GYGK matematik: ;Kurum Girilecek
c10dc7f7d58697965bb25b24a9e92d761ab2bc06-1682619284396;Eski Türk edebiyatı 9 Söz Sanatları;Kurum Girilecek
a7bb88795d338b5aaf53e13882b28f159d978cf6-1734803646920;DİNLEME ÖĞRETİMİNİN AMAÇLARI;Kurum Girilecek
dfb704ca01640e7fc6de2cdfecda7b07b97c9dea-1707839920412;MİLLİ EDEBİYAT-7;Kurum Girilecek
d7a33d2390ff16a30c2a8d47c6ee83cfa32f93e9-1757576527537;Kimya ve Çevre Teknolojileri;Kurum Girilecek
d5a49c3ab0991a06073f0f2931a2fc49ad269629-1766076809897;Günümüz Türkçesine Aktarım-1;Kurum Girilecek
892b584343d0c9fc7ab552c5c90bbfd699dca74d-1733161634027;FERDİNAND DE SAUSSURE VE ÖNEMLİ ÇALIŞMALARI (SORU POTANSİYELİ TAŞIYOR);Kurum Girilecek
e5b90f8efb0bfede8e49507f7dc163abff00aeff-1733420177211;2025 Eski Türk Dili ;Kurum Girilecek
10d325391ac866792dd3cfd5394b32e88b00566f-1746034304219;Maarif model 4;Kurum Girilecek
2a3118bee8adb487c610585b9ef9cfb19b60625b-1699631093395;DİL BİLİM 1;Kurum Girilecek
5247ab19797bccbbbe150aa275712e393bbf6014-1717257130286;Halk Edebiyatı Soru Çözümü ;Kurum Girilecek
51ff007f49e5d77e56517d69fb5c853e9d09bd18-1777743453092;ÖĞRENME ÇIKTILARI SORU ÇÖZÜMÜ - 4;Kurum Girilecek
f67b4948b1592313c2fb1206ef8b9f23a7902842-1714584093536;ÇOCUK EDEBİYATI TÜRLERİ-6;Kurum Girilecek
80b76a73d9fdf418aed6e143de1468fe9615c84a-1777051408884;CUMHURİYET ROMANI-8;Kurum Girilecek
a7bb88795d338b5aaf53e13882b28f159d978cf6-1745682257860;MAARİF PROGRAMI-4;Kurum Girilecek
903de23ba10d345e3978dc65465dda4ab0d902a2-1709468126323;PG+MATERYAL + Sınıf Yönetimi Kampı ;Kurum Girilecek
2021cc85b3e03bc48a9136245c9cead2e09d63e5-1746639258004;Maarif Model 6 ;Kurum Girilecek
c6b3fd41b1163c49f7640f4ca3215daabbce783e-1738684803051;Anayasa: ;Kurum Girilecek
1a4f0be72a24138100c3b23828c25998b28fe9fe-1715010303228;YTE Soru Çözümü 2;Kurum Girilecek
d5a49c3ab0991a06073f0f2931a2fc49ad269629-1764869984194;Aruz Bilgisi-3;Kurum Girilecek
3c90644c9019928e65d20d2443492c9f423483f7-1699167212895;TYT Fizik: hareket1;Kurum Girilecek
9b84c4611d619f92b375746a39db933df3160950-1696767932333;Coğrafya 2 Konu: ;Kurum Girilecek
ddc8afd0cd18448180f03962ff629e13914a98ce-1699685765937;TYT Biyoloji Konu: ;Kurum Girilecek
f2cbea88fd85117b36715ad29b52afd6488b00e6-1745855491095;anonim halk edebiyatı;Kurum Girilecek
059f2ad29732c04932217af6f0290782094cecca-1751474943878;halk edebiyatı;Kurum Girilecek
caee5b2d056aaa80f1f50bdc5499c0e508548aaa-1698076756953;KPSS Matematik Konu: ;Kurum Girilecek
975229ad30f83f67fff0cb3430c313edfa6e64a6-1739706790867;SORU ÇÖZÜM 2;Kurum Girilecek
58fee96126fbde0c4f5e3c147df457ad979a56d4-1707926335809;mazmunlar;Kurum Girilecek
e43c8fa406f120659442ac7db6a3be26969a7e93-1670514204013;Eski Türk Dili 6, Dönemlerin Biçim Özellikleri;Kurum Girilecek
4b39fd288dc2700c79d58ee85b39fd914c7ff7ef-1745949181429;SORU ÇÖZÜMÜ-3;Kurum Girilecek
299cbd7fac79e094a9bc3b87c31b8813983b41dd-1738083785929;Ara Soru Çözüm-1;Kurum Girilecek
7d856a5528132d97c75d058e84f41111ba0cfb69-1748450858026;çıkmış soru analizi ve beyit şerhleri;Kurum Girilecek
5c288540cc4a3963fdae332c9d03f4a623c474ee-1737913622515;soru çözüm 3;Kurum Girilecek
7d856a5528132d97c75d058e84f41111ba0cfb69-1747418194412;şerh  ve son;Kurum Girilecek
2989cbd1040502c55f1f74f8b38fcfc5950fc4d1-1720367954898;halk 7;Kurum Girilecek
a4810eee4a74c66b79d73abb4e1f05f2a21bad03-1702709840129;Biyoloji Konu: ;Kurum Girilecek
a7bb88795d338b5aaf53e13882b28f159d978cf6-1732985505160;OKUMA KAZANIMLARI-1;Kurum Girilecek
36c20e679912fab8047fc14cc8d80501501f7804-1709221913963;AYT Felsefe: ;Kurum Girilecek
dfb704ca01640e7fc6de2cdfecda7b07b97c9dea-1709049567647;CUMHURİYET ŞİİRİ-1;Kurum Girilecek
124a593d89ae596bb0f1298a4c354b2b5dd5fc60-1672242343934;Yeni Türk Edebiyatı 13,;Kurum Girilecek
6debbf1ac3f8c0ba6c516f4699204a07a3c8bd65-1714754661113;italyan ed ve rus edebiyatına giriş;Kurum Girilecek
936a1e5b14f7b13adc92ca4ec02f7b3fb4f1883c-1696434635148;Kimya 1 Konu: Kimya Bilimi;Kurum Girilecek
2989cbd1040502c55f1f74f8b38fcfc5950fc4d1-1776877237096;2026 3;Kurum Girilecek
63f2e14f54fa66ec3aceda1ecb023cfc40028865-1773513820855;Edim Bilimi (Pragmatik) - 4 SON ve yetişirse Gösterge Bilimi (Semiyotik) - 1;Kurum Girilecek
059f2ad29732c04932217af6f0290782094cecca-1752255794741;DÖRT TEMEL BECERİ -9;Kurum Girilecek
7eae9022ca26794f01120d67c67a857b33ca4bf5-1711991415320;AYT Matematik: ;Kurum Girilecek
e427eed0312f055da5f59eb8bc72f099cce47ed5-1711785066786;AYT Biyoloji: ;Kurum Girilecek
299cbd7fac79e094a9bc3b87c31b8813983b41dd-1745340966409;ÖĞRETİCİ METİNLER-3;Kurum Girilecek
0227ecef24ffd5f993e3a594193ec0e6cca913b3-1774889265412;ÇOCUK EDEBİYATI-5;Kurum Girilecek
4bc3b7c4c1b8552e9df579d80ebf8d405d3d5a64-1702655108801;Halk Edebiyatı Konu: Mitler, efsaneler, masallar...;Kurum Girilecek
fe534ba2be486200b29eba3998f61d35ede4b765-1733333933885;nazım şekilleri türleri sorularla tekrar ve analiz;Kurum Girilecek
63f2e14f54fa66ec3aceda1ecb023cfc40028865-1772304267414;TÜMCE BİLİMİ (SÖZ DİZİMİ /SENTAKS) - 5;Kurum Girilecek
d5a49c3ab0991a06073f0f2931a2fc49ad269629-1764866646752;Aruz Bilgisi-2;Kurum Girilecek
d39446f272688d5e772f0ac8214efd6620555449-1707411416564;halk hikayeleri;Kurum Girilecek
b8ab5df6db46a3b4428c1371bd00ccc276004d29-1698679371829;TYT Türkçe Konu: Sözcük Türleri İsimler ;Kurum Girilecek
6d536a6c5a19dabdbbd3d76937f43b4eaceee54c-1716652444352;DİL ÖĞRETİM YÖNTEMLERİ - 3;Kurum Girilecek
51ff007f49e5d77e56517d69fb5c853e9d09bd18-1775583536680;DİNLEME ÖĞRENME ÇIKTILARI - 4;Kurum Girilecek
298fae23f47b7ec735166b8e8021b879729a9d31-1714809426391;AYT Coğrafya: ;Kurum Girilecek
6d536a6c5a19dabdbbd3d76937f43b4eaceee54c-1714842232514;DİL ÖĞRENME DÜZEYLERİ - 1 REPLAY;Kurum Girilecek
96799d44ee03757118ca942f4420977e2fa2f2a2-1717861924736;SÖZ VARLIĞI KAZANIMLARI;Kurum Girilecek
cd7d05e68c71654dbb3a45bdd22d1431e50099eb-1677433987371;cumhuriyet dönemi sanatçılar 2;Kurum Girilecek
58fee96126fbde0c4f5e3c147df457ad979a56d4-1700063542523;nazım şekilleri;Kurum Girilecek
2a1b012d566aea16fea2d590c7108aeb7b7644f4-1707061503527;Paragraf : Cümlede Anlam;Kurum Girilecek
706807da5027aac65df8862c4acee3e629d0bdf6-1712490998573;AYT Edebiyat: ;Kurum Girilecek
9c1f55b2532fa471880ca5f1ea0397c75a4a090a-1708359024278;GYGK Matematik: ;Kurum Girilecek
299cbd7fac79e094a9bc3b87c31b8813983b41dd-1733248391540;BATILI NAZIM ŞEKİLLERİ VE SERVETİFÜNUNA GİRİŞ;Kurum Girilecek
fe534ba2be486200b29eba3998f61d35ede4b765-1735750088967;sanatlar;Kurum Girilecek
8f890081d56c4095d8c3eade5d84012b7ed94725-1737300380800;Eğitim temelleri: ;Kurum Girilecek
dfb704ca01640e7fc6de2cdfecda7b07b97c9dea-1699372800495;YENİ TÜRK EDEBİYATININ OLUŞUMU-4;Kurum Girilecek
07a4383daffa70712193ba3a9cca640f6b45599d-1701186538334;Tarih Konu: (Osmanlı Kuruluş Dönemi - Beylikten Devlete);Kurum Girilecek
d6030234c36ad7ea9e6db9ed3586bf7953fefff6-1721231153773;2024 Temmuz YTE 1 ;Kurum Girilecek
75b9b45b298410f9ebcf6b6359b35da7b8934725-1750177587805;2025 Paragraf Soru Çözümü ;Kurum Girilecek
35055dac95adb3f6c0c8afe1593ea9f87912dc72-1765125958472;ingiliz 2;Kurum Girilecek
35055dac95adb3f6c0c8afe1593ea9f87912dc72-1763913107250;Fransız 3;Kurum Girilecek
15a2ee8b633f754e598185dfa9a9fcf803a820c1-1722371854997;10. DENEME (DİLBİLGİSİ -DİLBİLİM ÇÖZÜM);Kurum Girilecek
f9c20ccecdf905d7950e44978dcefed2c75c5749-1696960208939;Fizik 2 Konu: ;Kurum Girilecek
059f2ad29732c04932217af6f0290782094cecca-1751997231524;Yeni Türk Edebiyatı Soru Çözümü -6 (Son - Biz Bitti Demeden Bitmez);Kurum Girilecek
fe534ba2be486200b29eba3998f61d35ede4b765-1731516470724;nazım şekilleri;Kurum Girilecek
f5ad4912cfeaa6067c430c91083080d54ce03f5b-1705161015495;YTE Konu: Soru Çözümü ve Millî Edebiyat;Kurum Girilecek
4e115b4f2f6895ce8fc92bc882a966a33afede39-1778779971740;"Beyit Şerhi-18 ""SON"" :(";Kurum Girilecek
1588fe3d65bf07466154a3d13e970dde48bd60d6-1702050924213;Kimya Konu: ;Kurum Girilecek
299cbd7fac79e094a9bc3b87c31b8813983b41dd-1733244407047;TANZİMAT EDEBİYATI-9;Kurum Girilecek
cd7d05e68c71654dbb3a45bdd22d1431e50099eb-1678031725126;cumhuriyet dönemi 1945 sonrası şiir;Kurum Girilecek
dc12c9d877c70209ea7d0274e884c99ee397001f-1764691059251;Sözcük türleri (zarf ve edat-bağlaç-ünlem)-5;Kurum Girilecek
495cb65ff5f6b8a77f78a51f12549071aa75e3d6-1712336930100;AYT coğrafya: ;Kurum Girilecek
805f8a9b1eb77b3fecd06df51b2d4cf7e35a0c9b-1743960330191;2025 Yeni Türk Edebiyatı 6;Kurum Girilecek
63f2e14f54fa66ec3aceda1ecb023cfc40028865-1767368858945;NOAM CHOMSKY - 1;Kurum Girilecek
de5706a641150ff08df9dddbe8b1713679ae97d1-1705939159031;GYGK Matematik: ;Kurum Girilecek
0b39fa7964b7e6a1c4d6189b8ce131b2a4f28d79-1709318735893;ANLATIM BİÇİMLERİNİN ÖĞRETİMİ;Kurum Girilecek
5c288540cc4a3963fdae332c9d03f4a623c474ee-1734279108821;ingiliz devam;Kurum Girilecek
06ae8634326403623da5d519f6f24b898f3fffd6-1719211911508;Matematik Haziran Kampı 1;Kurum Girilecek
e8a77be1551ab8ead045038bed95653dba8ba046-1710700417401;GYGK Coğrafya Soru Çözüm Kampı ;Kurum Girilecek
ce6fb9c4153612a1bf990b8abe03879bfe51ed26-1702402686877;Fizik Konu: ;Kurum Girilecek
c448cf7c3d21727c59ff7520b1e6d64bb8d26da4-1775923278868;SORU ÇÖZÜMÜ-6 ASIM KARA;Kurum Girilecek
299cbd7fac79e094a9bc3b87c31b8813983b41dd-1738691351359;Ara Soru Çözüm -5;Kurum Girilecek
8eb0f636e4e569e8b1f7c5a91f64e9cb48eb4cfe-1697471329180;Matematik Konu: ;Kurum Girilecek
80b76a73d9fdf418aed6e143de1468fe9615c84a-1778523189473;ÖĞRETİCİ METİNLER-4;Kurum Girilecek
a922c5fef06889faa30ce5537b335fe554b579a4-1712390294432;AYT Edebiyat: ;Kurum Girilecek
dc57c6f125a261e4fc2575f0af7015c7d17d6166-1722091547541;2024 Temmuz Halk Edebiyatı Engin Hoca 2;Kurum Girilecek
059f2ad29732c04932217af6f0290782094cecca-1751824532631;genel tekrar 3;Kurum Girilecek
5c288540cc4a3963fdae332c9d03f4a623c474ee-1734275942669;İngiliz ed. Devam;Kurum Girilecek
6b79b210ea3f97c1a58b9af109b1dee8cfa29914-1722005140564;2024 Temmuz Halk Edebiyatı Engin Hoca 1;Kurum Girilecek
8b04ea855d9d5c790faa74e3a476ed6085b6364e-1720454090319;ille de ROMAN olsun...;Kurum Girilecek
2989cbd1040502c55f1f74f8b38fcfc5950fc4d1-1719762414660;5. ders;Kurum Girilecek
a5cb9b520be2cc835a976d44b5adf10430a5375f-1701711398967;Osmanlı Tarihi Konu: ;Kurum Girilecek
1e2228c22bd9678daf85296c82b79a014a2a86a4-1714060534241;Eski Dil Soru Çözümü 4;Kurum Girilecek
58fee96126fbde0c4f5e3c147df457ad979a56d4-1704905668293;sanatlar;Kurum Girilecek
0b39fa7964b7e6a1c4d6189b8ce131b2a4f28d79-1706464557736;OKUMA TEKNİKLERİ- 3;Kurum Girilecek
fe534ba2be486200b29eba3998f61d35ede4b765-1730914898637;nazım şekilleri;Kurum Girilecek
64b57989d1b241dc2e829a4dc264a77ed3e953cc-1669914349534;Eski Türk Dili 4, Dönemlerin Biçim Özellikleri;Kurum Girilecek
0a58957eb391bb407fe1de6d30d0e4a95548e808-1700069153531;Türkçe Konu: SÖZCÜK TÜRLERİ (İSİM);Kurum Girilecek
c448cf7c3d21727c59ff7520b1e6d64bb8d26da4-1743189025833;8 - BİÇİM BİLGİSİ;Kurum Girilecek
80b76a73d9fdf418aed6e143de1468fe9615c84a-1772045742287;MİLLİ EDEBİYAT-1;Kurum Girilecek
589a38458905f25a9a962d7c55435647e896478b-1690736001885;Alan Eğitimi Genel Tekrar ;Kurum Girilecek
a015fbccbdbcf54aabfc5b5347817163a709963f-1740418317289;Sözel Mantık:;Kurum Girilecek
059f2ad29732c04932217af6f0290782094cecca-1751047614502;İlker Hayat-Eski Türk Edebiyatı Yıl Sonu Kampı-3;Kurum Girilecek
2989cbd1040502c55f1f74f8b38fcfc5950fc4d1-1719758822612;4. ders;Kurum Girilecek
85cf7f78d52f24b1855c37e9a252bd190adc9774-1682783718109;DİNLEME VE KONUŞMA KAZANIMLARI;Kurum Girilecek
15a2ee8b633f754e598185dfa9a9fcf803a820c1-1720841948890;6. DENEME (ALAN EĞİTİMİ ÇÖZÜM);Kurum Girilecek
2989cbd1040502c55f1f74f8b38fcfc5950fc4d1-1777485521187;2026 7;Kurum Girilecek
403e7c4599e9a25f7617b1b86e974585ad29418a-1717092678650;27) ÖABT ÇIKMIŞ SORULAR-1;Kurum Girilecek
059f2ad29732c04932217af6f0290782094cecca-1750952798969;DÖRT TEMEL BECERİ - 1;Kurum Girilecek
ce6e21638ce773fcfc571795103802a60f021a7c-1733245177371;Türkçe Yapı Bilgisi + Ses Bilgisi Soru Çözümü ;Kurum Girilecek
728def73b3afaf895a02a82d2770e96a3bb6f005-1745512139792;Eski Türk Dili ;Kurum Girilecek
4b39fd288dc2700c79d58ee85b39fd914c7ff7ef-1748368960054;SORU ÇÖZÜMÜ-15;Kurum Girilecek
8355a01eabccc816cfd0c81f9359c0d8cbcfbb63-1709913429895;Halk Edebiyatı Konu: Aşık edebiyatı, Kolları, İcra Geleneği;Kurum Girilecek
0b39fa7964b7e6a1c4d6189b8ce131b2a4f28d79-1698162473694;ÖLÇME VE DEĞERLENDİRME ANLAYIŞI;Kurum Girilecek
96799d44ee03757118ca942f4420977e2fa2f2a2-1717260854256;DİNLEME KAZANIMLARI;Kurum Girilecek
58fee96126fbde0c4f5e3c147df457ad979a56d4-1698860913747;nazım şekilleri beyitle yazılanlar gazel ve gazel şerhi;Kurum Girilecek
59cd461f6391e96140ea71b8e75dbee29cbc0a9c-1741206565733;TANIŞMA;Kurum Girilecek
299cbd7fac79e094a9bc3b87c31b8813983b41dd-1732636297115;TANZİMAT EDEBİYATI-5;Kurum Girilecek
d5a49c3ab0991a06073f0f2931a2fc49ad269629-1770911974775;Nazım Türleri-5;Kurum Girilecek
eee22085df3ec44eed1f14660138c9858945f998-1704729429011;Matematik Konu: ;Kurum Girilecek
5ef3802142b0d10c1d29fa110f77ddd77698aa47-1708702936660;Halk Edebiyatı Konu: ;Kurum Girilecek
6d536a6c5a19dabdbbd3d76937f43b4eaceee54c-1720194547271;Türkçenin Yabancı dil olarak öğretimi giriş;Kurum Girilecek
49ca1d0dbc82d92a83b50a5b3535acf193e8a618-1707580625490;TYT Din Kültürü: ;Kurum Girilecek
62b6323c4325a1a800434ef28f2109d4a07080d5-1746892557772;2025 Eski Türk Edebiyatı ;Kurum Girilecek
558ffacb34880f1d48f107ef95ba3003a2f0417a-1703348103603;YTE Konu: EDEBİYATICEDİDE ŞİİRİ;Kurum Girilecek
7d856a5528132d97c75d058e84f41111ba0cfb69-1741803761963;sorularla genel tekrar ve analiz;Kurum Girilecek
fe534ba2be486200b29eba3998f61d35ede4b765-1738774252004;aruz ve işlemler;Kurum Girilecek
1c5f445a59914c2aaab17d7bf29e700a39aa70b6-1709397420134;Geometri Konu: ;Kurum Girilecek
299cbd7fac79e094a9bc3b87c31b8813983b41dd-1733241479978;TANZİMAT EDEBİYATI-8;Kurum Girilecek
8b04ea855d9d5c790faa74e3a476ed6085b6364e-1708104896145;latin ve bir nevi edebiyat- siz benim neden atanmadığımı nerden bileceksiniz?;Kurum Girilecek
f2cbea88fd85117b36715ad29b52afd6488b00e6-1746467054130;anonim halk edeb. türleri;Kurum Girilecek
dc12c9d877c70209ea7d0274e884c99ee397001f-1767113329951;CÜMLE BİLGİSİ (Cümlenin Ögeleri ve yetişirse Fiilde Çatı:) )-5;Kurum Girilecek
819d7cea6d6d1ab27fde8dcfc12152f9ee6993ad-1672856041701;MİLLÎ EDEBİYAT DIŞI ŞAİRLER Yeni Türk Edebiyatı 18,;Kurum Girilecek
5c288540cc4a3963fdae332c9d03f4a623c474ee-1733677296436;fransız ed. devam;Kurum Girilecek
feab693301b558ff1f208af3cba0c3b09c007412-1702815553950;Coğrafya Konu: ;Kurum Girilecek
0b39fa7964b7e6a1c4d6189b8ce131b2a4f28d79-1706460825905;OKUMA TEKNİKLERİ - 2;Kurum Girilecek
bf34a30375919b679162e745b11e71cb60b00db8-1717339737102;şerh 17;Kurum Girilecek
fa54cca0776f5a86c1cdb41246b8b9d1386e0034-1716220241947;TYT Coğrafya Soru Çözümü ;Kurum Girilecek
80b76a73d9fdf418aed6e143de1468fe9615c84a-1771092079237;SERVETİFÜNUN EDEBİYATI-2;Kurum Girilecek
d721db01f60f63700c39bc99e4ec14575e609c8c-1735660819965;Anayasa ;Kurum Girilecek
569227d8b1048b533bc9ba0fdd3c7e12e549314e-1721325785037;Dünya edebiyatı;Kurum Girilecek
83136bfacf1dbf6f28cd7055100c15f9ae3423f7-1706543726652;Dev Paragraf Kampı : Cümlede Anlam;Kurum Girilecek
aced2a9816c04f57b50ddf216aeac28029af4f2d-1706464334634;Dev Paragraf Kampı : Sözcükte Anlam;Kurum Girilecek
c2bdcd65896ccb7d920c772a7023ec30413ca386-1742757735046;ÇOCUK EDEBİYATI ÜRÜNLERİNDE BULUNMASI GEREKEN ÖZELLİKLER-3;Kurum Girilecek
059f2ad29732c04932217af6f0290782094cecca-1750869906967;KAMP DERSLERİ - DİL BİLİM 2. DERS “Başarı, umutsuzluğun ortasında bile umudunu kaybetmemektir.”;Kurum Girilecek
5105741dad07b762be6ac6c070a89ad21bc9f47d-1697045482128;Türkçe Konu: ;Kurum Girilecek
f67b4948b1592313c2fb1206ef8b9f23a7902842-1715195872160;ÇOCUK EDEBİYATI TARİHÇESİ-3;Kurum Girilecek
61114133741c453cb0cba6526349bbd67725a354-1710593975447;AYT Kimya Konu: ;Kurum Girilecek
80b76a73d9fdf418aed6e143de1468fe9615c84a-1778514922352;ÖĞRETİCİ METİNLER-2;Kurum Girilecek
a29d695e07bbc4ce646559e8493024c07590ee2a-1696677408507;Coğrafya konu: ;Kurum Girilecek
a7bb88795d338b5aaf53e13882b28f159d978cf6-1738438007138;KONUŞMA BOZUKLUKLARI-3;Kurum Girilecek
dfb704ca01640e7fc6de2cdfecda7b07b97c9dea-1703609529945;SERVETİFÜNUN EDEBİYATI -10;Kurum Girilecek
a7c0ff70cb94c34a4078cb9e400646100eda8c82-1712509523087;Eski Edebiyat Soru Çözümü 2;Kurum Girilecek
0b39fa7964b7e6a1c4d6189b8ce131b2a4f28d79-1705510057802;OKUMA TÜRLERİ;Kurum Girilecek
63f2e14f54fa66ec3aceda1ecb023cfc40028865-1772297968823;TÜMCE BİLİMİ (SÖZ DİZİMİ /SENTAKS) - 3;Kurum Girilecek
059f2ad29732c04932217af6f0290782094cecca-1751305776449;Dil bilgisi-3;Kurum Girilecek
a7bb88795d338b5aaf53e13882b28f159d978cf6-1739551980746;OKUMA UNSURLARI;Kurum Girilecek
aff350086ca6e988981e79a7cbaa22ed9f84bac8-1702795858025;Fizik Konu: ;Kurum Girilecek
2b34ff093a4fe562ccbd4d1dec9defa11fabe2e9-1763833190744;DİNLEME STRATEJİLERİ;Kurum Girilecek
0a9223354733e100c49e16cedee434bb6bd8ebb7-1747324352892;2025 4 Temel Beceri;Kurum Girilecek
d5a49c3ab0991a06073f0f2931a2fc49ad269629-1766684440257;Günümüz Türkçesine Aktarım-4;Kurum Girilecek
3952b1ba6290cff1170a97c1b872549e03a00571-1731686067297;7. Dil bilgisi (Türk Ses Bilgisi-Ses Olayları)-VII;Kurum Girilecek
dc12c9d877c70209ea7d0274e884c99ee397001f-1767116615785;CÜMLE BİLGİSİ (Fiilde Çatı)-6;Kurum Girilecek
4b39fd288dc2700c79d58ee85b39fd914c7ff7ef-1747760144007;SORU ÇÖZÜMÜ-11;Kurum Girilecek
e10db15a982641a8064deeee33162bca11434180-1745595958124;2025 Yeni Türk Edebiyatı 9;Kurum Girilecek
a4fd4b1713088984b359b70cdf42618dd00f6e6e-1689781506969;Eski Türk Dili 2;Kurum Girilecek
31428f79dc23045a5b7f841d72fb9ed20be8ea2f-1705333541828;ARALIK AYI REHBERLİK;Kurum Girilecek
d5a49c3ab0991a06073f0f2931a2fc49ad269629-1771523186116;Klasik Türk Edebiyatında Mesnevi-3;Kurum Girilecek
80b76a73d9fdf418aed6e143de1468fe9615c84a-1770219684715;TANZİMAT EDEBİYATI-3;Kurum Girilecek
059f2ad29732c04932217af6f0290782094cecca-1751302497848;Dil bilgisi-2;Kurum Girilecek
c448cf7c3d21727c59ff7520b1e6d64bb8d26da4-1775058624475;SORU ÇÖZÜMÜ -4 ASIM KARA;Kurum Girilecek
bf32feccd41f20f006d9094efb389a77d9930b2e-1695398362088;Sözel Mantık 2;Kurum Girilecek
403e7c4599e9a25f7617b1b86e974585ad29418a-1716911438787;22) Cümle Bilgisi (Soru Çözümü);Kurum Girilecek
403e7c4599e9a25f7617b1b86e974585ad29418a-1713807969629;6. SÖZCÜK TÜRLERİ (İSİM, ZAMİR, SIFAT, ZARF);Kurum Girilecek
f67b4948b1592313c2fb1206ef8b9f23a7902842-1711218249231;ÇOCUK EDEBİYATININ ÇOCUK GELİŞİMİNE KATKILARI;Kurum Girilecek
2989cbd1040502c55f1f74f8b38fcfc5950fc4d1-1719765901613;6. ders;Kurum Girilecek
bf34a30375919b679162e745b11e71cb60b00db8-1717346819636;şerh 20;Kurum Girilecek
43e0c24a708ac8def75adeaf6b9f65e130d4bdd0-1716825141871;çocuk edebiyatı giriş;Kurum Girilecek
58fee96126fbde0c4f5e3c147df457ad979a56d4-1704304242255;sanatlar;Kurum Girilecek
43e0c24a708ac8def75adeaf6b9f65e130d4bdd0-1719415876279;çocuk edebiyatı son...;Kurum Girilecek
fe534ba2be486200b29eba3998f61d35ede4b765-1732124326641;nazım şekilleri;Kurum Girilecek
be7db5d7f102ac59de518402ed737e1764d71c59-1714380932065;AYT Biyoloji: ;Kurum Girilecek
1eac70a197d619f6707b2eede941d106313d3d89-1711472563125;4 Temel Beceri:;Kurum Girilecek
0b39fa7964b7e6a1c4d6189b8ce131b2a4f28d79-1699116807719;DİNLEME BECERİSİ GELİŞTİRME ÇALIŞMALARI;Kurum Girilecek
f2cbea88fd85117b36715ad29b52afd6488b00e6-1746460540216;anonim halk edeb. türleri;Kurum Girilecek
f67b4948b1592313c2fb1206ef8b9f23a7902842-1715192368421;TÜRKİYE'DE ÇOCUK EDEBİYATI TARİHÇESİ -2;Kurum Girilecek
d39446f272688d5e772f0ac8214efd6620555449-1705161222983;aşıklık gelenekleri;Kurum Girilecek
96799d44ee03757118ca942f4420977e2fa2f2a2-1719589977823;CİHANGİR-3;Kurum Girilecek
59e12101a6e49783a976dd90c60e1bfce5caba53-1751559632046;2025 Yenj Türk Edebiyatı Soru Çözümü Temmuz;Kurum Girilecek
4b39fd288dc2700c79d58ee85b39fd914c7ff7ef-1747158544776;SORU ÇÖZÜMÜ-9;Kurum Girilecek
865258169e3f2530d1dc3de467c82ea9d21317d5-1747930914124;2025 Eski Türk Dili Soru Çözümü;Kurum Girilecek
a10a93728dcccff6ea236b18e07f7e073974abb6-1739979931010;YKS Türkçe: ;Kurum Girilecek
693b1017e1fa22f353d27bc0e76ea689e622f28b-1708968728873;İnkılap Tarihi Konu: ;Kurum Girilecek
4e115b4f2f6895ce8fc92bc882a966a33afede39-1776959858436;Beyit Şerhi-7;Kurum Girilecek
299cbd7fac79e094a9bc3b87c31b8813983b41dd-1745337677180;ÖĞRETİCİ METİNLER-2;Kurum Girilecek
c48c2aa59727778286c90776e64296c45d8d3135-1699196328644;Geometri Konu: ;Kurum Girilecek
dfb704ca01640e7fc6de2cdfecda7b07b97c9dea-1713895164036;CUMHURİYET ROMANI- 5;Kurum Girilecek
35055dac95adb3f6c0c8afe1593ea9f87912dc72-1762106002223;Akımlar 6;Kurum Girilecek
e038e075d85407c30daae9bdb2599ae69efc22d8-1715184058575;AYT Coğrafya: ;Kurum Girilecek
0b39fa7964b7e6a1c4d6189b8ce131b2a4f28d79-1709308148679;SÜREÇ TEMELLİ YAZMA YÖNTEMİ;Kurum Girilecek
58fee96126fbde0c4f5e3c147df457ad979a56d4-1709747651647;şairler yazarlae eserler;Kurum Girilecek
2a7383ab113c8c967ca8933e0bf5e7cf35dc3a50-1700295500562;Biyoloji Konu: ;Kurum Girilecek
f5521fca55abc0b67e1f0007b7fc6a6e971cec54-1690217135420;ESKİ EDEBİYAT GENEL TEKRAR 2;Kurum Girilecek
d39446f272688d5e772f0ac8214efd6620555449-1709830333469;halk edebiyatı kaynakları;Kurum Girilecek
80b76a73d9fdf418aed6e143de1468fe9615c84a-1775323377940;CUMHURİYET ŞİİRİ-14;Kurum Girilecek
d87f3606be0928845c50ac193653cd28e5c540a2-1700760932288;AYT Matematik Konu: ;Kurum Girilecek
2496f5e3863bf6498fe190a2f42a7f3b0738d35e-1712516317070;Halk Edebiyatı Soru Çözümü 1;Kurum Girilecek
80b76a73d9fdf418aed6e143de1468fe9615c84a-1770825304807;TANZİMAT EDEBİYATI-9;Kurum Girilecek
d8efae92930437d6dc5e518ce27807ba7cae2ab1-1699081177095;Biyoloji Konu: ;Kurum Girilecek
c448cf7c3d21727c59ff7520b1e6d64bb8d26da4-1777831750408;SORU ÇÖZÜMÜ-16  ASIM KARA (2025 ÖABT TÜRKÇE SORULARININ ÇÖZÜMÜ);Kurum Girilecek
35055dac95adb3f6c0c8afe1593ea9f87912dc72-1765734766426;Alman 2;Kurum Girilecek
0b39fa7964b7e6a1c4d6189b8ce131b2a4f28d79-1708883189868;YAZMA MODELLERİ;Kurum Girilecek
dc12c9d877c70209ea7d0274e884c99ee397001f-1765900803434;Sözcük türleri (Fiil, ek-fiil, fiilimsi)-12;Kurum Girilecek
13347ce833076d005e33f447a1c0967f7655f614-1746811881956;2025 Coğrafya son ders;Kurum Girilecek
569227d8b1048b533bc9ba0fdd3c7e12e549314e-1722176292041;DÖRT TEMEL BECERİ - 7;Kurum Girilecek
37b6d8ba5f7c78ec653a239970562ed733fb6db4-1707148771227;GYGK Matematik: ;Kurum Girilecek
701ae45c607a83021c7e41d3c433a69fc19956a8-1701791165794;Tarih Konu: (DÜNYA GÜCÜ OSMANLI - YÜKSELME DÖNEMİ);Kurum Girilecek
8797722914e101baa4578694025ea8348a748303-1782582143015;Halk 6;Kurum Girilecek
2d0b34d5d2987a5f28be9c8d16ad29eae5949b76-1747498528813;2025 Eski Türk edebiyatı 2;Kurum Girilecek
c448cf7c3d21727c59ff7520b1e6d64bb8d26da4-1777827343225;SORU ÇÖZÜMÜ-15 ASIM KARA;Kurum Girilecek
0b39fa7964b7e6a1c4d6189b8ce131b2a4f28d79-1699112592658;DİNLEME STRATEJİLERİ - 2;Kurum Girilecek
d5a49c3ab0991a06073f0f2931a2fc49ad269629-1773341034695;Klasik Türk Edebiyatı Tarihi-8;Kurum Girilecek
58fee96126fbde0c4f5e3c147df457ad979a56d4-1708530909621;mazmunlar;Kurum Girilecek
9b02c99906f23e0d8e462feba77af1f1f7420d4c-1745516123964;2025 Osmanlı Tarihi 1;Kurum Girilecek
1982ccc375cd3252877e44a8ac8b67015901736c-1699631823403;Halk Edebiyatı Konu: HALK EDEBİYATINA GİRİŞ;Kurum Girilecek
2a3118bee8adb487c610585b9ef9cfb19b60625b-1699025288086;DİL BİLİM GİRİŞ;Kurum Girilecek
fd5c21dfcef4665bb7e8b67c9d7f92cb619f22e0-1749922673464;YAZMA EĞİTİMİ - 3;Kurum Girilecek
7fd2f948a1f6cecb3e54a9c3e53f5c712948fe53-1747590630007;SORU ÇÖZÜMÜ-8;Kurum Girilecek
31660dea3e5cee03581b6599639f0b2f9e963663-1736265630677;Anayasa: ;Kurum Girilecek
d5a49c3ab0991a06073f0f2931a2fc49ad269629-1774540535376;Klasik Türk Edebiyatı Tarihi-9;Kurum Girilecek
d559f2f4c2da62ae3312e80091ee14e4067274d3-1743701990348;İnkılap Tarihi: ;Kurum Girilecek
f19c49f62266528f8c7b8c2f077c4976355b20ed-1719921588596;2024 Haziran GYGK Osmanlı Tarihi 2;Kurum Girilecek
dfb704ca01640e7fc6de2cdfecda7b07b97c9dea-1706032080064;MİLLİ EDEBİYAT-3;Kurum Girilecek
ff1b50537ae41937aa1162f4bbd8b556acb13759-1697372594811;TYT Coğrafya Konu: ;Kurum Girilecek
9e8a80048b6a033118bf5e966d56256a0ef559bf-1709448681149;AYT Fizik Konu: ;Kurum Girilecek
29772bc5d490407205a7ed062198c006aabed633-1697556526297;TYT Tarih Konu: ;Kurum Girilecek
a7bb88795d338b5aaf53e13882b28f159d978cf6-1747496835792;DİL YAPILARI VE STRATEJİLER;Kurum Girilecek
299cbd7fac79e094a9bc3b87c31b8813983b41dd-1736871045287;MİLLİ EDEBİYAT DÖNEMİ-6;Kurum Girilecek
026ca7669a4b049994edee474625e10ba425622d-1709135984309;Vatandaşlık Konu: ;Kurum Girilecek
8962d4aca62d09ee61e8251dada951432b59491a-1703519289117;Matematik Konu: ;Kurum Girilecek
58fee96126fbde0c4f5e3c147df457ad979a56d4-1700070200461;nazım şekilleri;Kurum Girilecek
146e92703dac0bd985788a354d7fbe7ea6ae8036-1706463912262;Temel Matematik: ;Kurum Girilecek
5013d74a5f382485df7a90de8190e09089a0975b-1721563012874;2024 Alan Eğitimi Soru Çözümü 4;Kurum Girilecek
90a7b5fa39c2a027e299b9e5fbab49a5be871e3b-1689867921127;Yeni Türk Edebiyatı Genel Tekrar 2 ;Kurum Girilecek
877120cc0d88c1bb4191ff6d9765c24f2cac1e8d-1670954395684;Yeni Türk Dili 11, Fiilde Çatı;Kurum Girilecek
65d234e2daa97cd5cff9ef2fe0d5667e3933b42b-1721750440420;2024 Temmuz Dil Bilimi Soru Çözümü;Kurum Girilecek
c1ca8e2c0ad0b8a325771c48dcd6dada6ef0c9fb-1744556290039;Eğitim temelleri: ;Kurum Girilecek
a7bb88795d338b5aaf53e13882b28f159d978cf6-1742671109115;ÖLÇME VE DEĞERLENDİRME-2;Kurum Girilecek
059f2ad29732c04932217af6f0290782094cecca-1752079807191;halk genel tekrar;Kurum Girilecek
fbbd5fb4cc09832fd0e0687f475b866ad33b0a51-1744647440107;Maarif Modeli 2;Kurum Girilecek
be19c05cdcfe137c608c387791b43a41c213424e-1672247572697;fecriati 14,;Kurum Girilecek
f2cbea88fd85117b36715ad29b52afd6488b00e6-1741627689380;halk şairler;Kurum Girilecek
6c921c09683fc4b63f4ab94a17321a2e967c9712-1705146322183;Edebiyat Konu: İslamiyet Öncesi Türk Edebiyatı;Kurum Girilecek
63f2e14f54fa66ec3aceda1ecb023cfc40028865-1769528989173;DİL BİLİMİNE GİRİŞ, DİL BİLİMİ KURAMLARI VE DİL BİLİMİNİN ALT DALLARI - 1;Kurum Girilecek
fc50bfd22bc49ccae3005b2aa48f5cb60b310c07-1711040510341;AYT Felsefe: ;Kurum Girilecek
5c288540cc4a3963fdae332c9d03f4a623c474ee-1737301612820;Kuram ve Eleştiriler;Kurum Girilecek
9e381d2a70585dd3f1d7d589f74e1d0ed3b7caa6-1671119439301;Eski Türk Dili 9, İsim Çekim Ekleri;Kurum Girilecek
63f2e14f54fa66ec3aceda1ecb023cfc40028865-1772905790982;Anlam Bilimi (Semantik) - 2;Kurum Girilecek
e8b92d82ee6d4123700bb3ca71356319e008c0d3-1712077528516;4 Temel Beceri ;Kurum Girilecek
936a1e5b14f7b13adc92ca4ec02f7b3fb4f1883c-1696437770661;Kimya 1 Konu: Kimya Bilimi;Kurum Girilecek
3af846574fd50b2f85a88fec4e1df1aa4af0361e-1750717598929;7. DENEME DİLBİLİM DİLBİLGİSİ EDEBİYAT ÇÖZÜM;Kurum Girilecek
4c1766a355b2d11c7e3f782310fe99ed608eae4d-1708185077276;HİSAR, GELENEK, 1940 TOPLUMCULAR, İKİNCİ YENİ;Kurum Girilecek
15a2ee8b633f754e598185dfa9a9fcf803a820c1-1707667476286;1. DENEME (DÖRT TEMEL BECERİ ÇÖZÜM);Kurum Girilecek
059f2ad29732c04932217af6f0290782094cecca-1751298719278;DİL BİLGİSİ-1;Kurum Girilecek
fe534ba2be486200b29eba3998f61d35ede4b765-1741198811978;şair yazar eser;Kurum Girilecek
a7bb88795d338b5aaf53e13882b28f159d978cf6-1736178477581;DİNLEME EĞİTİMİ SORU ÇÖZÜMÜ;Kurum Girilecek
2a3118bee8adb487c610585b9ef9cfb19b60625b-1705085075358;dil bilim- bilirsin sağaltmaz incitir edebiyat.;Kurum Girilecek
0b39fa7964b7e6a1c4d6189b8ce131b2a4f28d79-1704642382061;OKUMA EĞİTİMİ GİRİŞ;Kurum Girilecek
6fb816cac8d877ed782a082bbfb25c5eb5744b39-1762191497568;tür ve şekil;Kurum Girilecek
dfb704ca01640e7fc6de2cdfecda7b07b97c9dea-1704822423889;SORU ÇÖZÜMÜ-3;Kurum Girilecek
8b04ea855d9d5c790faa74e3a476ed6085b6364e-1705681325876;Batı edebiyatı başlangıç...Belki sehre bir film, bir kitap ya da bir deli gelir...;Kurum Girilecek
6fb816cac8d877ed782a082bbfb25c5eb5744b39-1766418449412;halk hikayeleri;Kurum Girilecek
d5a49c3ab0991a06073f0f2931a2fc49ad269629-1761241592917;Eski Türk Edebiyatı Giriş-2;Kurum Girilecek
35055dac95adb3f6c0c8afe1593ea9f87912dc72-1761493762352;Akımlar 1. ders;Kurum Girilecek
3952b1ba6290cff1170a97c1b872549e03a00571-1734105083426;19) Dil bilgisi [Sözcük Türleri (isim, zamir, sıfat, zarf)]-1;Kurum Girilecek
620ae3cc37e0acdb5399ed3029be32fdbfa0b0d5-1700668278917;İlk Türk Devletleri ve Türk İslam Tarihi Soru Çözümü;Kurum Girilecek
4b39fd288dc2700c79d58ee85b39fd914c7ff7ef-1747756697141;SORU ÇÖZÜMÜ-10;Kurum Girilecek
a6131e03aa0e1093c49fb1d16ce9bb5191efbba6-1696440339593;Türkçe Konu: (Ses Bilgisi - Yazım Kuralları);Kurum Girilecek
4b39fd288dc2700c79d58ee85b39fd914c7ff7ef-1748372809926;SORU ÇÖZÜMÜ-16;Kurum Girilecek
309aeb1704569925de4bc120d126b6c4983b0a28-1699637782120;TYT Coğrafya Konu: ;Kurum Girilecek
c56c08a6825a00d4bd6734e700118ed5d35a3d36-1704475659150;Eski Edebiyat Konu: ;Kurum Girilecek
3952b1ba6290cff1170a97c1b872549e03a00571-1730483407659;3. Dil bilgisi (Türk Ses Bilgisi)-III;Kurum Girilecek
885cd183396123664aae15258f36ab40589223ad-1746727086068;1982 ANAYASASI 12. DERS;Kurum Girilecek
1251fe97b60335b5e071999fcd20e252dd791f36-1699285878614;KPSS Matematik Konu: ;Kurum Girilecek
38f3fcd57dd17598761beaa1ae9d1359d95b4502-1743875349287;2025 Halk edebiyatı son ders;Kurum Girilecek
9a48b87c1b39021a0d41b535552cc11f4ace22a9-1690721119834;ESER İÇERİKLERİ;Kurum Girilecek
ace885b05c73db94f84a3050a1b94eae475ef3dc-1702727340999;AYT Edebiyat: Söz Sanatları;Kurum Girilecek
2989cbd1040502c55f1f74f8b38fcfc5950fc4d1-1777481912653;2026 6;Kurum Girilecek
35055dac95adb3f6c0c8afe1593ea9f87912dc72-1764521443737;fransız 8;Kurum Girilecek
6993151cd392f3b2e99670a4cf83a778383b12a6-1689598631253;Dört Temel Beceri 1;Kurum Girilecek
569227d8b1048b533bc9ba0fdd3c7e12e549314e-1721928999664;4. ders;Kurum Girilecek
101c80ab4a5887dc1493d2baa9ffaff588ad7b51-1752942742265;test;Kurum Girilecek
85cf7f78d52f24b1855c37e9a252bd190adc9774-1681567994720;TEMA VE METİN ÖZELLİKLERİ;Kurum Girilecek
885cd183396123664aae15258f36ab40589223ad-1743702817729;7528 SAYILI KANUN 6. DERS;Kurum Girilecek
602a7cdab7af537aa2491a7521e59e775f12c977-1701100380653;Matematik Konu: ;Kurum Girilecek
58fee96126fbde0c4f5e3c147df457ad979a56d4-1703692462686;beyit incelemesi ve  sanatlar;Kurum Girilecek
0227ecef24ffd5f993e3a594193ec0e6cca913b3-1774886478932;ÇOCUK EDEBİYATI-4;Kurum Girilecek
f2cbea88fd85117b36715ad29b52afd6488b00e6-1744041670894;anonim halk edebiyatı;Kurum Girilecek
2b34ff093a4fe562ccbd4d1dec9defa11fabe2e9-1762623973398;OKUMA EĞİTİMİ KAZANIMLARI - 4;Kurum Girilecek
7a6da00ddd15464a4b1af5d2e5a0f31624b86d0a-1670428296030;Yeni Türk Edebiyatı 6, SERVETİFÜNUN;Kurum Girilecek
eeb66d9e478b883e969a19099865fcc6be53022a-1690289125969;Halk Edebiyatı 2;Kurum Girilecek
58fee96126fbde0c4f5e3c147df457ad979a56d4-1700675068702;nazım şekilleri;Kurum Girilecek
8b04ea855d9d5c790faa74e3a476ed6085b6364e-1709919061040;DÜNYA EDEBİYATI-DERİN OLAMAYAN BİRİNİN SIĞDAKİ BOZGUNU;Kurum Girilecek
f7d11ee153894d4836a6f7298d2325f20e8cb090-1695662725132;Türkçe 3;Kurum Girilecek
229b8840a23d6664d327ac0bf1485fad7a5521ed-1747234767061;2025 İnkılap Tarihi Soru çözümü ;Kurum Girilecek
e60003cc242983d50a26e43e5ba9f6b8871a0f8c-1731779331433;YENİ SINAV SİSTEMİ;Kurum Girilecek
f2cbea88fd85117b36715ad29b52afd6488b00e6-1738601932415;kuamlar yöntemler;Kurum Girilecek
c44c626049911b724bc364d74c9956c0b5b3c105-1669827476676;Yeni Türk Edebiyatı 4,;Kurum Girilecek
bf34a30375919b679162e745b11e71cb60b00db8-1717948389615;Türk :) ve şekil 2;Kurum Girilecek
a7bb88795d338b5aaf53e13882b28f159d978cf6-1739036618582;KONUŞMA SORU ÇÖZÜMÜ VE OKUMAYA GİRİŞ;Kurum Girilecek
363a963a93a1ccafd0bffb577ede15f8cc5396cc-1712428706701;Eski Dil: EAT Dönemi ;Kurum Girilecek
5bc8e7e47d75badf1a8f836a3b9b1b87144500df-1736783120274;Sözel Beceri: ;Kurum Girilecek
d87ed9ee3ea1e0278b588e681e79e338b1b6e84f-1690649959380;Eski Edebiyat Genele Tekrar 5;Kurum Girilecek
19280416745638e168a8a66d069d81f5c0308a63-1699284313012;Türkçe Konu: Sözcük Türleri Sıfat;Kurum Girilecek
85cacd3a12f2888ee7cd9b9fc34298937ff5f23e-1713873307316;AYT Edebiyat: ;Kurum Girilecek
0227ecef24ffd5f993e3a594193ec0e6cca913b3-1774288816913;ÇOCUK EDEBİYATI-3;Kurum Girilecek
059f2ad29732c04932217af6f0290782094cecca-1752169928027;eski edebiyat genel tekrar;Kurum Girilecek
bd4eeb9f0a00097af2bd938abd2e76471a730be1-1745161067060;Eğitimin Temelleri ;Kurum Girilecek
bf34a30375919b679162e745b11e71cb60b00db8-1714919695033;şerh 6;Kurum Girilecek
dc12c9d877c70209ea7d0274e884c99ee397001f-1764090357321;Sözcük türleri (sıfat)-4;Kurum Girilecek
0bb2e64ddaff7356a3e16497d91c8bececf70d34-1713802661322;AYT Edebiyat: ;Kurum Girilecek
0b39fa7964b7e6a1c4d6189b8ce131b2a4f28d79-1701539899334;KONUŞMA EĞİTİMİ SORU ÇÖZÜMÜ;Kurum Girilecek
ea917a6fb96dd01407303ca18dfd2d40903c1dcc-1681237920227;Yeni Türk edebiyatı 49;Kurum Girilecek
dfb704ca01640e7fc6de2cdfecda7b07b97c9dea-1700590533004;TANZİMAT 2. DÖNEM- 1.DERS;Kurum Girilecek
633bacf8da60c4c4fc51f64e172210a7705e9618-1708531205443;Vatandaşlık Konu: ;Kurum Girilecek
bf34a30375919b679162e745b11e71cb60b00db8-1716735181790;şerh 15;Kurum Girilecek
3952b1ba6290cff1170a97c1b872549e03a00571-1738943722299;40) Cümle Bilgisi (Cümle Çeşitleri) 7;Kurum Girilecek
8e9380aa0ad9654c266f894ed88a7d7be5d58563-1708191441439;Eski Dil Konu: ;Kurum Girilecek
5c288540cc4a3963fdae332c9d03f4a623c474ee-1736700402040;Diğer Sanatçılar;Kurum Girilecek
299cbd7fac79e094a9bc3b87c31b8813983b41dd-1739289292236;CUMHURİYET ŞİİRİ-1;Kurum Girilecek
4e115b4f2f6895ce8fc92bc882a966a33afede39-1778169467028;Beyit Şerhi-13;Kurum Girilecek
7fd2f948a1f6cecb3e54a9c3e53f5c712948fe53-1746982522729;SORU ÇÖZÜM-4;Kurum Girilecek
dd7353981487b1ae5a97efed27fddd83a1782abf-1698562197301;TYT Fizik Konu: ;Kurum Girilecek
892b584343d0c9fc7ab552c5c90bbfd699dca74d-1739731134662;EDİM BİLİM (KONU, ODAK) VE SORU ÇÖZÜMÜ;Kurum Girilecek
299cbd7fac79e094a9bc3b87c31b8813983b41dd-1744127967850;CUMHURİYET ROMAN-8;Kurum Girilecek
3bc2a92fa482039fa5680ba363618a692eb9d38c-1716660927496;Eski Edebiyat Soru Çözümü ;Kurum Girilecek
3952b1ba6290cff1170a97c1b872549e03a00571-1737130902586;Cümle bilgisi;Kurum Girilecek
cdd2ac1f04ac9c1e562f22321d7db1e4d6a7de97-1701359407951;Felsefe Konu: ;Kurum Girilecek
bb3210bdc66da27a3560baaf2669f49cc01d7215-1700668245468;Kimya Konu: ;Kurum Girilecek
3af846574fd50b2f85a88fec4e1df1aa4af0361e-1770342900232;1. DENEME DÖRT TEMEL BECERİ ÇÖZÜMÜ;Kurum Girilecek
2ffde47a6cc99225271c8a3e6fb4766a29c72257-1746121221995;Osmanlı Tarihi Soru Çözümü 2;Kurum Girilecek
022e0f39c5c1df178670ef72f3ab1e6bc714afef-1713078115048;AYT Fizik: itme-momentum;Kurum Girilecek
6fb816cac8d877ed782a082bbfb25c5eb5744b39-1763401106372;tür ve şekil;Kurum Girilecek
35055dac95adb3f6c0c8afe1593ea9f87912dc72-1768153972207;eleştiri ve kuram 3;Kurum Girilecek
d90a6da4e15a32c0bccce8997052a92d0ee77959-1720195164474;2024 Haziran Vatandaşlık 2;Kurum Girilecek
2f607b9f042735cf50d31ab951a8c9a8354ce315-1713023897729;Eski Edebiyat: ;Kurum Girilecek
299cbd7fac79e094a9bc3b87c31b8813983b41dd-1734453968171;SERVETİFÜNUN EDEBİYATI-5;Kurum Girilecek
d39446f272688d5e772f0ac8214efd6620555449-1707414967227;halk hikayeleri;Kurum Girilecek
36c03f8254a541ff8c02ce0db2bbc60b99994861-1708187699185;Geometri Konu: ;Kurum Girilecek
a9727ea4dc83f3009f23dda5363c01bacd827027-1678377285033;Eski Türk Edebiyatı 44 Kıpçak Türkçesi;Kurum Girilecek
cc8004c8b2b66fb126c86dde9b7244b44c14ceba-1697969759830;TYT Coğrafya Konu: ;Kurum Girilecek
059f2ad29732c04932217af6f0290782094cecca-1750866293746;KAMP DERSLERİ - DİL BİLİM 1. DERS “Başarı, cesur adımların atıldığı yerde doğar.”;Kurum Girilecek
a7bb88795d338b5aaf53e13882b28f159d978cf6-1733586311902;OKUMA KAZANIMLARI-3;Kurum Girilecek
c448cf7c3d21727c59ff7520b1e6d64bb8d26da4-1742577860497;3 - BİÇİM BİLGİSİ;Kurum Girilecek
cf10166bd05843846215ca62d2544eb193868e54-1743180735157;Yeni Türk Edebiyatı ;Kurum Girilecek
e47c849d9eb1b67f563656f431ddce0b334a04a5-1669133091811;Yeni Türk Dili 1 Ses Bilgisi;Kurum Girilecek
cd7d05e68c71654dbb3a45bdd22d1431e50099eb-1670781549369;SERVETİ FÜNUN EDEBİYATI 3;Kurum Girilecek
faa4151720e090dedb474c9c1661759943fa42c6-1705679472492;Halk Edebiyatı Konu: Halk Hikayeleri Giriş;Kurum Girilecek
c84883d5824a6ce2219ac3acaddc76176b98afb6-1686408893210;Yusuf Kasap Ölçme ve Değerlendirme;Kurum Girilecek
59361fc1eb0a7185a8dc3d7943e5422df34caf8a-1688564681587;2017 ESKİ DİL ;Kurum Girilecek
6debbf1ac3f8c0ba6c516f4699204a07a3c8bd65-1715363695868;Diğer dünya ülkesi edebiyatları;Kurum Girilecek
30e197764f0a0f2a3074c719b5548d27eee4c0b9-1715097476649;Eski Dil Soru Çözümü ;Kurum Girilecek
892b584343d0c9fc7ab552c5c90bbfd699dca74d-1733158479059;ETKİNLİK VE SORU ÇÖZÜMÜ ✅;Kurum Girilecek
2d43e2e32632a87aa770ffba1f81b18c80553642-1709400796617;Eski Dil Konu: ;Kurum Girilecek
299cbd7fac79e094a9bc3b87c31b8813983b41dd-1739292773753;CUMHURİYET ŞİİRİ-2;Kurum Girilecek
35055dac95adb3f6c0c8afe1593ea9f87912dc72-1766335773403;amerikan 2;Kurum Girilecek
a7bb88795d338b5aaf53e13882b28f159d978cf6-1746290691670;MAARİF PROGRAMI-7;Kurum Girilecek
7733209bc7365e24117775e1aa76a77689b5866a-1701359059425;YTE Konu: ;Kurum Girilecek
60e16e8c3c6e7bd93827de018ec164db277670f0-1721634344466;2024 Temmuz Halk Edebiyatı 1;Kurum Girilecek
299cbd7fac79e094a9bc3b87c31b8813983b41dd-1731430169896;YENİ TÜRK EDEBİYATININ OLUŞUMU- 5;Kurum Girilecek
bf34a30375919b679162e745b11e71cb60b00db8-1718992591916;beyit incelemeler;Kurum Girilecek
f76f0234c8d438667086eca214d43f9aa4361902-1717430350952;Dil Bilgisi Soru Çözümü ;Kurum Girilecek
9f029b875abac5d90856867ecc1ff09b465c3818-1690548590065;Dil Bilimi ;Kurum Girilecek
299cbd7fac79e094a9bc3b87c31b8813983b41dd-1744732523843;CUMHURİYET ROMAN-11;Kurum Girilecek
8b04ea855d9d5c790faa74e3a476ed6085b6364e-1708709695629;DÜNYA EDEBİYATI DEVAM-GAVIR MAVIR DEĞİL Mİ YA BUNLAR;Kurum Girilecek
a5ee691e61f4ea15604d8a6cc5bb9fe0fabf3159-1708759665896;AYT Biyoloji: ;Kurum Girilecek
a46082e04e464da177d88653a438ba643dcf9fc2-1690376145565;Yeni Türk Edebiyatı Genel Tekrar 3;Kurum Girilecek
2f914d3694b700978c274eb8754823ebb55f1817-1736005919847;Yeni Türk Dili ;Kurum Girilecek
059f2ad29732c04932217af6f0290782094cecca-1751816523920;batı genel tekrarları 1;Kurum Girilecek
fd6afaf53325b94b1e90f6b69d36349c6f36fab0-1721217103438;2024 Temmuz Eski Edebiyat Soru Çözümü 1;Kurum Girilecek
b6ddbc01e025cee5008219a7ed4736ee312cb1e8-1674061522665;CUMHURİYET ŞİİRİ 1 Yeni Türk Edebiyatı 23.;Kurum Girilecek
fff2109f9776747df0a95d42fdaeb4dc8cc7a6aa-1698773831743;Tarih Konu: ;Kurum Girilecek
7d856a5528132d97c75d058e84f41111ba0cfb69-1746806191577;aruz +şerh;Kurum Girilecek
2c9c467309288b393c174b75223f4225b0d7472a-1775065972880;MART AYI REHBERLİK;Kurum Girilecek
1347e4ac047f57e81b1687982d9b567d1e87436b-1690304336564;Eski Dil Genel Tekrar 3;Kurum Girilecek
80b76a73d9fdf418aed6e143de1468fe9615c84a-1776446513840;CUMHURİYET ROMANI-5;Kurum Girilecek
885cd183396123664aae15258f36ab40589223ad-1744908787358;1982 ANAYASASI 5. DERS;Kurum Girilecek
80b76a73d9fdf418aed6e143de1468fe9615c84a-1769788189321;YENİ TÜRK EDEBİYATININ OLUŞUMU-3;Kurum Girilecek
236aea7ae3363692ceb1e87471d888e7d8ae2610-1740671860708;Eski Dil Soru Çözümü ;Kurum Girilecek
43e0c24a708ac8def75adeaf6b9f65e130d4bdd0-1717429723822;çocuk edebiyatı 1;Kurum Girilecek
23b080032bf5be66bf8b1dee858e46556e102789-1690476356825;Çocuk Edebiyatı Genel Tekrar Soru Çözümü;Kurum Girilecek
6b7513c316b7bdd2548f14584de54643bf39b6e7-1707674479346;Paragraf Konu: Paragrafta Anlam;Kurum Girilecek
0227ecef24ffd5f993e3a594193ec0e6cca913b3-1777310475899;ÇOCUK EDEBİYATI-17;Kurum Girilecek
084b08f56e5c0762e9ff0767e94aa0a41068c940-1719418600257;Eski Dil Soru Çözümü;Kurum Girilecek
a7bb88795d338b5aaf53e13882b28f159d978cf6-1735407978817;YANLIŞ DİNLEYİCİ TÜRLERİ VE ARA DEĞERLENDİRME;Kurum Girilecek
403e7c4599e9a25f7617b1b86e974585ad29418a-1714405552018;7. SÖZCÜK TÜRLERİ (İSİM, ZAMİR, SIFAT, ZARF SORU ÇÖZÜMÜ);Kurum Girilecek
779b2d530569db91f0090d451c9f0279cabc4e60-1709366208755;AYT Biyoloji: ;Kurum Girilecek
51d4ea3aca8a330acca3cdcd120f0c989ea61776-1716824991043;AYT Coğrafya: ;Kurum Girilecek
d5a49c3ab0991a06073f0f2931a2fc49ad269629-1767280304473;Aruz Bilgisi-9;Kurum Girilecek
b2ea7a17d84b7203dafa3fb60e2ece860d312463-1706025430178;Tarih Konu: (EN UZUN YÜZYIL 2);Kurum Girilecek
6d536a6c5a19dabdbbd3d76937f43b4eaceee54c-1714236367014;YTÖ İLKELER;Kurum Girilecek
4e115b4f2f6895ce8fc92bc882a966a33afede39-1775750323459;Beyit Şerhi-1;Kurum Girilecek
dfb704ca01640e7fc6de2cdfecda7b07b97c9dea-1713286264940;CUMHURİYET ROMAN-1;Kurum Girilecek
2907984cae1d90b136f318343bcbd2214e805872-1736092275604;Eğitimin Temelleri ;Kurum Girilecek
2a3118bee8adb487c610585b9ef9cfb19b60625b-1704476507385;DİL BİLİM.... HERKESE VE HER ŞEYE İNAT;Kurum Girilecek
7c26f7a8593557e52f1311101656442d97c73640-1716133695332;YKS Tarih Çözümü: ;Kurum Girilecek
2b34ff093a4fe562ccbd4d1dec9defa11fabe2e9-1771354003259;OKUMA TÜR, YÖNTEM VE TEKNİKLERİ - 1;Kurum Girilecek
96799d44ee03757118ca942f4420977e2fa2f2a2-1719082681102;ÖÇLME VE DEĞERLENDİRME;Kurum Girilecek
812da855562c43d230ebd98291e188228ef1ce58-1690303540565;2013 YTE;Kurum Girilecek
cd7d05e68c71654dbb3a45bdd22d1431e50099eb-1680547575540;CUMHURİYET DÖNEMİ POST MODERN SANATÇILAR;Kurum Girilecek
885cd183396123664aae15258f36ab40589223ad-1746122438164;1982 ANAYASASI 9. DERS;Kurum Girilecek
a48dab29d5757e9f463b1f583b5dfc15b4ce1bb5-1700324177194;YTE Konu: SANAT AKIMLARI 2;Kurum Girilecek
d5a49c3ab0991a06073f0f2931a2fc49ad269629-1772124614697;Klasik Türk Edebiyatı Tarihi-1;Kurum Girilecek
dbcbb8a0c0898d9a84eb1035787231e86033b166-1674142907606;Eski Türk Dili 30, Türk Dillerinin Tarihsel Gelişimi;Kurum Girilecek
b281cc89c9a558967280051832e9475127afa8da-1741452638335;2025 Halk Edebiyatı Soru Çözümü;Kurum Girilecek
2b34ff093a4fe562ccbd4d1dec9defa11fabe2e9-1765043811628;DİNLEME TÜRLERİ;Kurum Girilecek
f67b4948b1592313c2fb1206ef8b9f23a7902842-1710617176623;ÇOCUK EDEBİYATININ AMACI VE ÖNEMİ;Kurum Girilecek
b2ae612b9af28c704ff6f7cb26e5f80b1f31bc83-1705254358849;Temel Matematik: ;Kurum Girilecek
1be4443fe050dcc8fbee8b1d3c2f3a2461893467-1757580360202;DANIŞMA;Kurum Girilecek
58fee96126fbde0c4f5e3c147df457ad979a56d4-1703094808812;sanatlar;Kurum Girilecek
d5a49c3ab0991a06073f0f2931a2fc49ad269629-1769709406030;Nazım Türleri-1;Kurum Girilecek
63f2e14f54fa66ec3aceda1ecb023cfc40028865-1771692824243;BİÇİM BİLİMİ (MORFOLOJİ) -3;Kurum Girilecek
8db98d702721d417f929e0cfe14868660fbf554a-1703957144196;Yeni Dil: Türk Dilinin Tarihsel Gelişimi ;Kurum Girilecek
4c8fdda439d44e610deeef817653b9af2d4076ce-1702395649699;Tarih Konu: (OSMANLI KÜLTÜR VE MEDENİYET 1);Kurum Girilecek
ae984e738d18dc28175c659573df58e482f23fdc-1702711506339;Biyoloji Konu: ;Kurum Girilecek
c448cf7c3d21727c59ff7520b1e6d64bb8d26da4-1743185823420;7 - BİÇİM BİLGİSİ;Kurum Girilecek
58fee96126fbde0c4f5e3c147df457ad979a56d4-1699458904562;nazım şekilleri - beyit şerhleri;Kurum Girilecek
4b39fd288dc2700c79d58ee85b39fd914c7ff7ef-1745942286084;SORU ÇÖZÜMÜ-1;Kurum Girilecek
8a4e7c541b8113a47f7ca6ab91221d7c06d5ff12-1738950764024;Tarih: ;Kurum Girilecek
f340b23d977b468d74851889dc4d3582ec192403-1714405897816;Yeni Türk Edebiyatı 1 ;Kurum Girilecek
2b34ff093a4fe562ccbd4d1dec9defa11fabe2e9-1768405716447;KONUŞMA YÖNTEM VE TEKNİKLERİ - 2;Kurum Girilecek
dbf1b6999d4d1192bb919b5cacdc208cfae754d5-1681241318179;Yeni Türk Edebiyatı 50;Kurum Girilecek
63f2e14f54fa66ec3aceda1ecb023cfc40028865-1772902178383;ANLAM BİLİMİ (SEMANTİK) - 1;Kurum Girilecek
e60003cc242983d50a26e43e5ba9f6b8871a0f8c-1741808736395;MART AYI REHBERLİK;Kurum Girilecek
1861b717b6d6b756feacd1b288cf9a179c889376-1744220597533;Eğitimin Temelleri ;Kurum Girilecek
fe534ba2be486200b29eba3998f61d35ede4b765-1741195685746;şair yazar eser;Kurum Girilecek
c68eb3b848a96033a028ebf2b84ac8af5816f474-1669823134984;Yeni Türk Edebiyatı 3;Kurum Girilecek
65eba67e357cc187a86efa8e8c3cd58f19a91af5-1706197664892;YTE Konu: ;Kurum Girilecek
299cbd7fac79e094a9bc3b87c31b8813983b41dd-1742926719617;CUMHURİYET ROMAN-6;Kurum Girilecek
c2ee308e66d93606b33c89f474563b37c77d439e-1689346158868;Hasan Bal Vatandaşlık- Güncel ;Kurum Girilecek
8797722914e101baa4578694025ea8348a748303-1782578698059;Halk 5;Kurum Girilecek
fe534ba2be486200b29eba3998f61d35ede4b765-1732121350927;nazım şekilleri;Kurum Girilecek
569227d8b1048b533bc9ba0fdd3c7e12e549314e-1721060240307;DÖRT TEMEL BECERİ-3;Kurum Girilecek
3b3d31a3568840b109ee3e6928d4988b79785534-1669918410988;Eski Türk Dili 5, Dönemlerin Biçim Özellikleri;Kurum Girilecek
ee7ba0d0705944e975252acd4987c492093d78c6-1744911209948;2025 Eski Türk Dili;Kurum Girilecek
5c288540cc4a3963fdae332c9d03f4a623c474ee-1735490521371;Amerikan ed. devam;Kurum Girilecek
7570fe18ff8bc18bc306d323626b085ea6a39faa-1697266868639;TYT Biyoloji Konu: ;Kurum Girilecek
35055dac95adb3f6c0c8afe1593ea9f87912dc72-1766940667791;italyan 1;Kurum Girilecek
864223b5ecb797512aa8ef2452b39c3e0b993e57-1672852205701;MİLLÎ EDEBİYAT ŞİİRİ Yeni Türk Edebiyatı 17,;Kurum Girilecek
0b39fa7964b7e6a1c4d6189b8ce131b2a4f28d79-1697302599486;OKUMA EĞİTİMİ KAZANIMLARI- 4;Kurum Girilecek
5f6c3186b1f46cf84e67963470454e8d48af5c99-1742057516118;2025 Halk edebiyatı ;Kurum Girilecek
cbcdd6561482ab7897e32f8d005d72af68e85cad-1719676067685;2024 HAZİRAN EB ÖLÇME 1;Kurum Girilecek
059f2ad29732c04932217af6f0290782094cecca-1751128773308;DÖRT TEMEL BECERİ - 5;Kurum Girilecek
569227d8b1048b533bc9ba0fdd3c7e12e549314e-1722614112248;ÇOCUK EDEBİYATI -1;Kurum Girilecek
7d3f23aa9b9db03816394696ed92955cf4d156f4-1741200137594;Coğrafya: ;Kurum Girilecek
fd5c21dfcef4665bb7e8b67c9d7f92cb619f22e0-1748280178599;KONUŞMA EĞİTİMİ - 2;Kurum Girilecek
a7bb88795d338b5aaf53e13882b28f159d978cf6-1730569968192;YETKİNLİKLER;Kurum Girilecek
d5a49c3ab0991a06073f0f2931a2fc49ad269629-1763657573548;Nazım Şekilleri-2;Kurum Girilecek
4cf35b45fb85dc90446d87e7d725188223950c02-1697218822561;TYT Coğrafya Konu: ;Kurum Girilecek
b5f2e46cbb9b35f4d3b4fc2514bee368cce7392e-1707839688874;TYT Tarih Konu: ( Kurtuluş Savaşı Hazırlık Dönemi - Genelgeler ve Kongreler);Kurum Girilecek
5b98e599121fef73bd4ebf0d2b4da94a423107bc-1702661160646;Eski Türk Edebiyatı: Aruz Uygulamaları ;Kurum Girilecek
83f01962ddf3efd3c48faae7070e3f416b941611-1703087396509;Türkçe Konu: Yazım ve Noktalama Soru Çözümü ;Kurum Girilecek
80b76a73d9fdf418aed6e143de1468fe9615c84a-1777652853954;CUMHURİYET ROMAN-10;Kurum Girilecek
299cbd7fac79e094a9bc3b87c31b8813983b41dd-1736441179876;MİLLİ EDEBİYAT DÖNEMİ-4;Kurum Girilecek
8940d6ca0b6459d4d0815ad41a2b1ab65d46d229-1695922503410;Matematik 4;Kurum Girilecek
15a2ee8b633f754e598185dfa9a9fcf803a820c1-1721857208240;9. DENEME (EDEBİYAT DERSLERİ ÇÖZÜMÜ);Kurum Girilecek
3952b1ba6290cff1170a97c1b872549e03a00571-1734113011376;21) Dil bilgisi [Sözcük Türleri (isim, zamir, sıfat, zarf)]-3;Kurum Girilecek
2857cbf1390843fcb5249a49ed1ad1f1c4c06edb-1678385469887;Eski Türk Dili 46 Kıpçak Türkçesi;Kurum Girilecek
0227ecef24ffd5f993e3a594193ec0e6cca913b3-1777913848746;ÇOCUK EDEBİYATI-20;Kurum Girilecek
80b76a73d9fdf418aed6e143de1468fe9615c84a-1771437167358;SERVETİFÜNUN EDEBİYATI-4;Kurum Girilecek
ef46a1768222d9b8b320254bd9c0bacc33292f39-1703001220745;Vatandaşlık Konu: ;Kurum Girilecek
3af846574fd50b2f85a88fec4e1df1aa4af0361e-1750777205401;8. DENEME DİLBİLİM DİLBİLGİSİ EDEBİYAT ÇÖZÜM;Kurum Girilecek
1be4443fe050dcc8fbee8b1d3c2f3a2461893467-1757576507543;DANIŞMA;Kurum Girilecek
0227ecef24ffd5f993e3a594193ec0e6cca913b3-1776704302561;ÇOCUK EDEBİYATI-14;Kurum Girilecek
f2cbea88fd85117b36715ad29b52afd6488b00e6-1744045096409;anonim halk;Kurum Girilecek
3952b1ba6290cff1170a97c1b872549e03a00571-1732298028760;12) Dil bilgisi (Türk Ses Bilgisi-Ses Olayları)- XI;Kurum Girilecek
8b04ea855d9d5c790faa74e3a476ed6085b6364e-1720626375760;ille de roman olsun 3;Kurum Girilecek
f2cbea88fd85117b36715ad29b52afd6488b00e6-1742837305543;anonim halk edebiyatı türleri;Kurum Girilecek
6d536a6c5a19dabdbbd3d76937f43b4eaceee54c-1720720530965;Yabancılara Türkçe öğretimi - seviyeler ve çıkmış sorular;Kurum Girilecek
d1e0fd4ffdd3eddf08ab3380ef2c708e5c1798bb-1741798067101;1739 Sayılı Kanun;Kurum Girilecek
31428f79dc23045a5b7f841d72fb9ed20be8ea2f-1707036518599;ARA TATİL REHBERLİK;Kurum Girilecek
31a31dd5595f137dbfb01018b0055c9263b7be98-1703332243174;Edebiyat Konu: ;Kurum Girilecek
fd5c21dfcef4665bb7e8b67c9d7f92cb619f22e0-1749833287126;OKUMA EĞİTİMİ - 3;Kurum Girilecek
6debbf1ac3f8c0ba6c516f4699204a07a3c8bd65-1716566211129;Batı İlaveler;Kurum Girilecek
dc12c9d877c70209ea7d0274e884c99ee397001f-1765299265267;Sözcük türleri (Tamlamalar)-9;Kurum Girilecek
2b34ff093a4fe562ccbd4d1dec9defa11fabe2e9-1770486607289;OKUMA ÇIKMIŞ SORULAR - 1;Kurum Girilecek
a7bb88795d338b5aaf53e13882b28f159d978cf6-1740160154804;OKUMA YÖNTEMLERİ;Kurum Girilecek
fd8174703dd12d02fff6f9dc6549160c06a35a09-1701011102092;Geometri konu: ;Kurum Girilecek
6f0cddd4df588a4410204730239e016b8e51170b-1709141119184;Gelişim Psikolojisi Konu: Soru Çözüm Kampı ;Kurum Girilecek
399b882b6d1f94cde5b67d1e36fbcbb359fa279c-1706283931495;Halk Edebiyatı Konu: Halk Hikayeleri 2;Kurum Girilecek
d5a49c3ab0991a06073f0f2931a2fc49ad269629-1766073329863;Aruz Bilgisi-7;Kurum Girilecek
4b39fd288dc2700c79d58ee85b39fd914c7ff7ef-1748364987207;SORU ÇÖZÜMÜ-14;Kurum Girilecek
3952b1ba6290cff1170a97c1b872549e03a00571-1732294393064;11) Dil bilgisi (Türk Ses Bilgisi-Ses Olayları)- XI;Kurum Girilecek
88c7ccc16c9eaec4fcc577bdef036fc4e3f253e5-1743695841359;Eski Türk Dili: ;Kurum Girilecek
bdcc64f6e2e79f519f4e081807fae66c40a463a6-1700376999161;Fizik Konu: ;Kurum Girilecek
dc12c9d877c70209ea7d0274e884c99ee397001f-1764694180513;Sözcük türleri (edat-bağlaç-ünlem)-6;Kurum Girilecek
53d8a5285cc008b9755fb67043e1ba1598788ebd-1702211518381;Coğrafya Konu: ;Kurum Girilecek
d39446f272688d5e772f0ac8214efd6620555449-1702745388435;halk edebiyatı tür ve şekil;Kurum Girilecek
15a2ee8b633f754e598185dfa9a9fcf803a820c1-1717712762469;5. DENEME (EDEBİYAT SORULARI ÇÖZÜMÜ);Kurum Girilecek
cd7d05e68c71654dbb3a45bdd22d1431e50099eb-1673801430732;MİLLİ EDEBİYT SANATÇILARI 2;Kurum Girilecek
63175c9bc1a07dc877cffb0f987d9d6585316670-1748101598848;DİL BİLİM OKULLARI - 1;Kurum Girilecek
b68a1b157dc322d6a1921085d4cdf6bd141e1129-1741021204462;7528 ÖMK 2. Ders ;Kurum Girilecek
b4a57b272f702b2a4ff50d7f525d9f05ecbf08cd-1751127377531;2025 Eski Türk Edebiyatı Soru Çözümü ;Kurum Girilecek
a5e83c3dab8abf61fe1fa35cc597d35df89d0339-1706355943904;AYT Edebiyat: Divan Edebiyatına Giriş;Kurum Girilecek
7335cd643111923a863ee42dad3cbf7c1913fb15-1711127265522;AYT Kimya: KİMYASAL DENGE 1;Kurum Girilecek
bf34a30375919b679162e745b11e71cb60b00db8-1715533285198;şerh 10;Kurum Girilecek
30f51fcec409fea382e385ace1560cccca3c9c7c-1713887183436;Eski Dil Soru Çözümü 3;Kurum Girilecek
0e22415a748650b0beedcbd6bb863205cd0092c2-1742237167711;7528 ÖMK ;Kurum Girilecek
f2cbea88fd85117b36715ad29b52afd6488b00e6-1739206519067;halk edebiyatında tür ve şekil;Kurum Girilecek
cd7d05e68c71654dbb3a45bdd22d1431e50099eb-1669568211381;TANZİMAT DÖNEMİ 2.DONEM SANATÇILAR;Kurum Girilecek
299cbd7fac79e094a9bc3b87c31b8813983b41dd-1730828803054;YENİ TÜRK EDEBİYATININ OLUŞUMU-3;Kurum Girilecek
d501272e6fad67587390cccd7e683802a45714de-1707234591274;İnkılap Tarihi Konu: ;Kurum Girilecek
c448cf7c3d21727c59ff7520b1e6d64bb8d26da4-1742584742125;5 - BİÇİM BİLGİSİ;Kurum Girilecek
d5a49c3ab0991a06073f0f2931a2fc49ad269629-1765468143369;Aruz Bilgisi-4;Kurum Girilecek
d5a49c3ab0991a06073f0f2931a2fc49ad269629-1772732846462;Klasik Türk Edebiyatı Tarihi-5;Kurum Girilecek
892b584343d0c9fc7ab552c5c90bbfd699dca74d-1740326264252;METİN DİL BİLİM 1;Kurum Girilecek
dfb704ca01640e7fc6de2cdfecda7b07b97c9dea-1703001212333;SERVETİFÜNUN EDEBİYATI -6;Kurum Girilecek
a7bb88795d338b5aaf53e13882b28f159d978cf6-1740163648638;OKUMA YÖNTEMLERİ- 2;Kurum Girilecek
ad09b1f345271c8e299f6cf638854e427e1f0125-1741538748648;Eğitim Temelleri;Kurum Girilecek
c7d49c80de66e521416e38b4d47439c26ba995e2-1704988639685;Felsefe Konu: ;Kurum Girilecek
d98ade44d950bab2d75e60df5f6e54fa2ebb5090-1701702921555;Türkçe Konu: Fiilimsiler ve Fiilde Çatı;Kurum Girilecek
fc84a1e9188ac444a397aa4e2b09c9f54fd77b8f-1711645154176;AYT Felsefe Konu: ;Kurum Girilecek
c448cf7c3d21727c59ff7520b1e6d64bb8d26da4-1742581036340;4 - BİÇİM BİLGİSİ;Kurum Girilecek
68b014cd2469256c6f933816d3f327d0a5b9bc3b-1712083670243;İnkılap Soru Çözümü ;Kurum Girilecek
097d6361c15d63a7346342dca1ea8b7a09389e2d-1710064460755;Öğrenme Soru Kampı 1;Kurum Girilecek
8797722914e101baa4578694025ea8348a748303-1782410467214;YENİ TÜRK EDEBİYATI-3;Kurum Girilecek
2f541632dfa167984cb7c46b7e915691c0a23671-1744472799412;Çocuk Edebiyatı ;Kurum Girilecek
5c288540cc4a3963fdae332c9d03f4a623c474ee-1734282523396;ingiliz devam;Kurum Girilecek
cc67f8ed9267da532dc03cb52d9f5b3086a9c926-1672938770902;Eski Türk Dili 24, Sözcük Türleri;Kurum Girilecek
08317e4647a5f0568c4e090a831d0d4978be08eb-1734104747440;Eski Türk Edebiyatı ;Kurum Girilecek
36114585e1cf4575d5ad611eadf28ae90612f71e-1699379579542;TYT Fizik Konu:;Kurum Girilecek
2a3118bee8adb487c610585b9ef9cfb19b60625b-1704471420503;dil bilim- ez cümle;Kurum Girilecek
0b39fa7964b7e6a1c4d6189b8ce131b2a4f28d79-1707584054872;SÖZVARLIĞINI GELİŞTİRME ÇALIŞMALARI-2;Kurum Girilecek
2f63ef2ade8d8d22dc705ff036caa93bd0d81eee-1702482739301;Osmanlı Tarihi Konu: ;Kurum Girilecek
e60003cc242983d50a26e43e5ba9f6b8871a0f8c-1726855680075;REHBERLİK-1;Kurum Girilecek
0b39fa7964b7e6a1c4d6189b8ce131b2a4f28d79-1699717627090;DİNLEMEYİ ETKİLEYEN FAKTÖRLER;Kurum Girilecek
a7bb88795d338b5aaf53e13882b28f159d978cf6-1741458011273;ANLATIM TARZLARI;Kurum Girilecek
2b34ff093a4fe562ccbd4d1dec9defa11fabe2e9-1773593341229;ÜRÜN VE SÜREÇ ODAKLI YAZMA YAKLAŞIMI;Kurum Girilecek
2a3118bee8adb487c610585b9ef9cfb19b60625b-1699636068193;dil bilim 2;Kurum Girilecek
2b34ff093a4fe562ccbd4d1dec9defa11fabe2e9-1761410921084;DİNLEME EĞİTİMİ KAZANIMLARI - 2;Kurum Girilecek
63f2e14f54fa66ec3aceda1ecb023cfc40028865-1766162508745;SAUSSURE - 2;Kurum Girilecek
299cbd7fac79e094a9bc3b87c31b8813983b41dd-1738087183266;Ara Soru Çözüm -2;Kurum Girilecek
a7bb88795d338b5aaf53e13882b28f159d978cf6-1736009433328;DİNLEME TÜRLERİ - 2;Kurum Girilecek
6debbf1ac3f8c0ba6c516f4699204a07a3c8bd65-1714154087871;Amerikan Edebiyatı 2;Kurum Girilecek
4566ab41b0466181d3eb3fe056b577d01e1caa84-1701797494745;Fizik Konu: etki ile elektriklenme ve topraklama;Kurum Girilecek
63f2e14f54fa66ec3aceda1ecb023cfc40028865-1770748163149;BİÇİM BİLİMİ (MORFOLOJİ) - 2;Kurum Girilecek
58fee96126fbde0c4f5e3c147df457ad979a56d4-1699462405237;nazım şekilleri ve beyit çözümlemeleri;Kurum Girilecek
dfb704ca01640e7fc6de2cdfecda7b07b97c9dea-1708448775750;MİLLİ EDEBİYAT-11;Kurum Girilecek
d2bd403ecc4d841db560a849c4335392c741a1b9-1689176908364;Eski Türk Dili Genel Tekrar 1;Kurum Girilecek
3ea0309571cef8370442da33847205fcda4b9185-1699975428376;TYT Tarih Konu: ;Kurum Girilecek
a7bb88795d338b5aaf53e13882b28f159d978cf6-1741281430085;YAZMA HATALARI;Kurum Girilecek
7d856a5528132d97c75d058e84f41111ba0cfb69-1746636826726;Söz sanatları son ders;Kurum Girilecek
a2b43ffd424a0c0f36daa0f993a3e8e263070944-1705685535512;Eski Edebiyat Konu: Nazım Biçimleri 3;Kurum Girilecek
cab6ffb1f84a15724afce573f349d7e2753a39a2-1673369449939;Yeni Türk Dili 16 Soru Çözümü;Kurum Girilecek
d5f24ef9f48e832b422dd28c297c8b225de6bde6-1714837515309;Halk Edebiyatı Soru Çözümü 3;Kurum Girilecek
9483f9b4c8f357f74b159e62b0bb261e025c62ff-1700154121940;Ses bilgisi 2;Kurum Girilecek
6158216117e6cc45dfcfca5d1374da57921a8abf-1711806716589;AYT Kimya: ;Kurum Girilecek
2989cbd1040502c55f1f74f8b38fcfc5950fc4d1-1777477763956;2026 5;Kurum Girilecek
d88d24714f1afe029a52ff8f74376cf674de6f0e-1710075311468;PG+MATERYAL + Sınıf Yönetimi Kampı ;Kurum Girilecek
1509cc1c6470cf7284aae371239d320e31a3fa26-1712251071704;Eski Dil Konu: ;Kurum Girilecek
dc12c9d877c70209ea7d0274e884c99ee397001f-1764697480704;Sözcük türleri (edat-bağlaç-ünlem)-7;Kurum Girilecek
8cce1ff26dc97da5e8a24a1d94bd62ef3a97462d-1700935202960;Yeni Dil Konu: ;Kurum Girilecek
85cf7f78d52f24b1855c37e9a252bd190adc9774-1684342357720;SORU ÇÖZÜMÜ - 6;Kurum Girilecek
299cbd7fac79e094a9bc3b87c31b8813983b41dd-1732643341600;TANZİMAT EDEBİYATI-7;Kurum Girilecek
db8dc1214a8b689b6349629d149a6f0c2a92362c-1710435674745;AYT Felsefe: ;Kurum Girilecek
c448cf7c3d21727c59ff7520b1e6d64bb8d26da4-1743182960981;6 - BİÇİM BİLGİSİ;Kurum Girilecek
85cf7f78d52f24b1855c37e9a252bd190adc9774-1682786548651;KONUŞMA EĞİTİMİ KAZANIMLARI;Kurum Girilecek
41afb6864bfece7d89c6f2ceb3a57b77880fa943-1717332684236;Dil Bilgisi Soru Çözümü 2;Kurum Girilecek
29fbcd9292b89b0e25da72229f10969c45e1d120-1681839310505;Yeni Türk Edebiyatı  Soru çözümü 1;Kurum Girilecek
2b34ff093a4fe562ccbd4d1dec9defa11fabe2e9-1769877881529;OKUDUĞUNU ANLAMA SÜRECİNİN AŞAMALARI;Kurum Girilecek
34a43c7c42f2738156c2362611ad9b03ebad9f81-1713979795333;İnkılap Soru Çözümü ;Kurum Girilecek
07c92d8313df7eb8cb65a664ddb75d392e1f2846-1700899383865;Kimya Konu: ;Kurum Girilecek
1be4443fe050dcc8fbee8b1d3c2f3a2461893467-1757576060141;DANIŞMA;Kurum Girilecek
059f2ad29732c04932217af6f0290782094cecca-1751558384543;eski edebiyat nokta atışı konu tekrarı;Kurum Girilecek
2b34ff093a4fe562ccbd4d1dec9defa11fabe2e9-1771003294333;SÖZCÜK ÖĞRETİM YÖNTEMLERİ;Kurum Girilecek
569227d8b1048b533bc9ba0fdd3c7e12e549314e-1722093846105;DİLBİLİM - 2;Kurum Girilecek
51ff007f49e5d77e56517d69fb5c853e9d09bd18-1781365906174;ÖĞRENME ÇIKTILARI SORU ÇÖZÜMÜ - 7;Kurum Girilecek
d39446f272688d5e772f0ac8214efd6620555449-1706374307462;tekke şairleri ve cumhuriyet dönemi halk ozanları;Kurum Girilecek
892b584343d0c9fc7ab552c5c90bbfd699dca74d-1731340541648;DİL BİLİM 7. DERS /  2. ÜNİTE;Kurum Girilecek
6debbf1ac3f8c0ba6c516f4699204a07a3c8bd65-1713545583681;Fransız Ed. Alber Camus'tan devam;Kurum Girilecek
98c6041f022ca08229d1012a86222ccbc7da71fd-1734797999005;2025 Eski Türk Dili ;Kurum Girilecek
84217ce60a697c0c421fbb58905870b3158d4d70-1701365246789;Eski Dil: Kip Ekleri ;Kurum Girilecek
0498a2d931edb6ec1b6eabd49ece4b068390d48e-1716047112629;Halk Edebiyatı Soru Çözümü: ;Kurum Girilecek
63f2e14f54fa66ec3aceda1ecb023cfc40028865-1768751115047;ÇIKMIŞ SORULAR - 1;Kurum Girilecek
7fd2f948a1f6cecb3e54a9c3e53f5c712948fe53-1747586846399;SORU ÇÖZÜMÜ-7;Kurum Girilecek
299cbd7fac79e094a9bc3b87c31b8813983b41dd-1742930483380;CUMHURİYET ROMAN-7;Kurum Girilecek
f58f6380a5708bb36cc8ece3234cd8ad3b2edd30-1751387139227;2025 Eski Türk Dili Temmuz;Kurum Girilecek
288c58b4940dfb7f72e0bde52efc83aeee589abe-1748017727825;2025 Eski Türk Edebiyatı ;Kurum Girilecek
892b584343d0c9fc7ab552c5c90bbfd699dca74d-1731949775422;DİL BİLİM TARİHİ (MODERN ÖNCESİ);Kurum Girilecek
0b39fa7964b7e6a1c4d6189b8ce131b2a4f28d79-1698166155999;TEMA VE METİN ANLAYIŞI;Kurum Girilecek
6234df159df9e28a04cddc071678bb955cbe377c-1695057933657;TÜRKÇE 1;Kurum Girilecek
bdff29f7a9dba63be76278dc99de4bff0d50086e-1697650160916;TYT Türkçe Konu: ;Kurum Girilecek
8707b9397dce0976e05af60b1d0d8c3fb82e9d70-1721908554384;2024 Temmuz Eski Edebiyat Soru Çözümü ;Kurum Girilecek
f2cbea88fd85117b36715ad29b52afd6488b00e6-1742235455507;tekke şairler;Kurum Girilecek
5c288540cc4a3963fdae332c9d03f4a623c474ee-1731258149570;EDEBİ AKIMLAR 5;Kurum Girilecek
975229ad30f83f67fff0cb3430c313edfa6e64a6-1740920037980;soru çözüm 9;Kurum Girilecek
e70b3c10fd5b4c1c51c8e7c79aea7fcf3ba6cf5c-1731945427794;Türkçe Yapı Bilgisi Soru Çözümü 2;Kurum Girilecek
aad2d0b04e14ac181fe78a98d7db0df0fe8a6939-1702144438557;Yeni Türk Dili: ;Kurum Girilecek
d39446f272688d5e772f0ac8214efd6620555449-1709221580954;destanlar - geleneksel halk tiyatrosu;Kurum Girilecek
fba1f9de9932cb30a361890395f36bcfa560042c-1704988556620;YTE Konu: MİLLÎ EDEBİYAT ŞİİRİ VE ROMANI 1;Kurum Girilecek
63f2e14f54fa66ec3aceda1ecb023cfc40028865-1768578207865;AÖF EK;Kurum Girilecek
403e7c4599e9a25f7617b1b86e974585ad29418a-1717088280059;26) Ses Bilgisi-3;Kurum Girilecek
0b39fa7964b7e6a1c4d6189b8ce131b2a4f28d79-1712339384973;YAZMA EĞİTİMİ SORU ÇÖZÜMÜ;Kurum Girilecek
3952b1ba6290cff1170a97c1b872549e03a00571-1731084350060;5. Dil bilgisi (Türk Ses Bilgisi)-V;Kurum Girilecek
d90dbdbb6a730267bc472eb68f5acc9851ab78ab-1736870437833;Anayasa: ;Kurum Girilecek
9efbe3893e1f136b09ce19958c1e9b094fb27f5b-1683044724188;Eski Türk Edebiyatı 10 Söz Sanatları;Kurum Girilecek
5c288540cc4a3963fdae332c9d03f4a623c474ee-1735487363793;Amerikan Ed. devam;Kurum Girilecek
872604a6bd5ac9b52a140ccb6214b89004be45c8-1704297143025;Türkçe: Cümlenin Ögeleri ;Kurum Girilecek
c9b6764f29a46087a1d3b94ca5acc27649197ebc-1707925664386;AYT Kimya Konu: ;Kurum Girilecek
49771996bb333936621348246768af981714a5b0-1713542445087;AYT Coğrafya: ;Kurum Girilecek
fea92dd5a2a1836d0c38a2a832418c271a3cd443-1739375436467;TYT: ;Kurum Girilecek
2a3118bee8adb487c610585b9ef9cfb19b60625b-1701446278780;dil bilimi devam işte....;Kurum Girilecek
040e0c3d7bcc5f8dab17d19b1b62d6aac9824fff-1710676759684;AYT Edebiyat: Tanzimat 1. Dönem Sanatçıları;Kurum Girilecek
3952b1ba6290cff1170a97c1b872549e03a00571-1738951543623;DİL BİLGİSİ SON DERS;Kurum Girilecek
2a3118bee8adb487c610585b9ef9cfb19b60625b-1699031144877;DİL BİLİM GİRİŞ 1;Kurum Girilecek
892b584343d0c9fc7ab552c5c90bbfd699dca74d-1736786621097;SÖZ DİZİMİ ( SENTAKS) EVRENSELLİKLER;Kurum Girilecek
38dd67634cf2d2921c605ac41f3ee70549bd1f9e-1720007119853;2024 Haziran GYGK İnkılap Tarihi 1;Kurum Girilecek
419ebcb60189148a2d67b525978fd9ffa740a5a0-1754335974468;Verimlilik ve Endüstriyel Uygulamalar;Kurum Girilecek
299cbd7fac79e094a9bc3b87c31b8813983b41dd-1739897644499;CUMHURİYET ŞİİRİ-5;Kurum Girilecek
595ad55f01f915fe4d13a5a1ae0d20e279fc6ae9-1708012457036;YTE Konu: GARİP, MAVİCİLER, METAFİZİK VB.;Kurum Girilecek
e3f7b9342897bfb842e05d617dd357b343f19d86-1708789234109;YTE Konu: İKİNCİ YENİ SONRASI TÜRK ŞİİRİ-ÇAĞDAŞ TÜRK ŞİİRİ, TOPLUMCU GERÇEKÇİ TÜRK ROMANI;Kurum Girilecek
3952b1ba6290cff1170a97c1b872549e03a00571-1735322806842;27) Dil bilgisi [Sözcük Türleri (tamlamalar)]-1;Kurum Girilecek
d39446f272688d5e772f0ac8214efd6620555449-1702742107353;kuramlar ve yöntemler-halk edebiyatı tür ve şekiller;Kurum Girilecek
bf34a30375919b679162e745b11e71cb60b00db8-1715529376562;şerh 9;Kurum Girilecek
e8af7efe31d5ca5da517f303ca88addc8fdf00a2-1696959363924;Tarih Konu: ;Kurum Girilecek
dfb704ca01640e7fc6de2cdfecda7b07b97c9dea-1708451812357;MİLLİ EDEBİYAT- 12;Kurum Girilecek
8ce445a0f2e82136e2d56b37b8926c7874f5fe8f-1698170101924;TYT Fizik Konu: ;Kurum Girilecek
2a3118bee8adb487c610585b9ef9cfb19b60625b-1704130146229;dil bilim(gösterge modelleri) yahut tavlada kapı alma sanatları;Kurum Girilecek
be7cf6fd6154baf5b4430a601bf505cdab913734-1741366286631;Yeni Türk Edebiyatı 2. Ders;Kurum Girilecek
59cd461f6391e96140ea71b8e75dbee29cbc0a9c-1745224381934;DENEME;Kurum Girilecek
b45c1550704fc7fac2c551d6cb263696e6df4d9f-1750867137819;2025 Çağdaş Türk Tarihi Soru Çözümü ;Kurum Girilecek
f2cbea88fd85117b36715ad29b52afd6488b00e6-1745859365268;anonim halk edeb;Kurum Girilecek
3952b1ba6290cff1170a97c1b872549e03a00571-1732290280627;10) Dil bilgisi (Türk Ses Bilgisi-Ses Olayları)- X;Kurum Girilecek
885cd183396123664aae15258f36ab40589223ad-1745513856878;1982 ANAYASASI 8. DERS;Kurum Girilecek
d4fa68f9b2a70a1ffaa0fe693e23bf9bdc44b1b3-1708364280516;İnkılap Tarihi Konu: ;Kurum Girilecek
2b34ff093a4fe562ccbd4d1dec9defa11fabe2e9-1771001085963;OKUMA ÇIKMIŞ SORULAR - 3;Kurum Girilecek
a7bb88795d338b5aaf53e13882b28f159d978cf6-1733590615247;OKUMA KAZANIMLARI SON;Kurum Girilecek
99caaf3d3af1b620bbcafe78203cdf9d19741b2a-1739634320014;Halk Edebiyatı 1. Soru Çözümü;Kurum Girilecek
0b39fa7964b7e6a1c4d6189b8ce131b2a4f28d79-1697306614938;OKUMA EĞİTİMİ KAZANIMLARI- 5;Kurum Girilecek
5f8d88bd08856eec9eafb921dafa6106c063122e-1704390330374;Temel Kavramlarla Matematik Taktikleri ;Kurum Girilecek
fa07579b374986e8dff12a47fb01bf4a60f97965-1750264250860;2025 Coğrafya Soru Çözümü Son Ders;Kurum Girilecek
fd5c21dfcef4665bb7e8b67c9d7f92cb619f22e0-1749919631023;YAZMA EĞİTİMİ - 2;Kurum Girilecek
299cbd7fac79e094a9bc3b87c31b8813983b41dd-1738079910421;MİLLİ EDEBİYAT DÖNEMİ -9;Kurum Girilecek
08d564b4ea4c3dd7e26f857c908946b0bed13daf-1672942530676;Eski Türk Dili 25, Sözcük Türleri;Kurum Girilecek
80b76a73d9fdf418aed6e143de1468fe9615c84a-1774713695208;CUMHURİYET ŞİİRİ -10;Kurum Girilecek
885cd183396123664aae15258f36ab40589223ad-1742498801635;1739 SAYILI KANUN 5. DERS;Kurum Girilecek
60a60823d94bc7a4c74950c341eb0502d9c970c1-1712406019946;AYT Edebiyat: ;Kurum Girilecek
41ffcd0df2f23a64ddd29e0e00e88c842f41d75b-1739295041954;Osmanlı tarihi: ;Kurum Girilecek
299cbd7fac79e094a9bc3b87c31b8813983b41dd-1732031290729;TANZİMAT EDEBİYATI -2;Kurum Girilecek
0b39fa7964b7e6a1c4d6189b8ce131b2a4f28d79-1696698175294;KONUŞMA EĞİTİMİ KAZANIMLARI;Kurum Girilecek
6debbf1ac3f8c0ba6c516f4699204a07a3c8bd65-1714147002946;Alman Edebiyatı;Kurum Girilecek
892b584343d0c9fc7ab552c5c90bbfd699dca74d-1736614087288;BİÇİM BİLİMİ 2;Kurum Girilecek
dc12c9d877c70209ea7d0274e884c99ee397001f-1763488307743;Sözcük Türleri (Zamir)-2;Kurum Girilecek
2b34ff093a4fe562ccbd4d1dec9defa11fabe2e9-1779551071164;METİN YAPILARI;Kurum Girilecek
299cbd7fac79e094a9bc3b87c31b8813983b41dd-1739894125725;CUMHURİYET ŞİİRİ-4;Kurum Girilecek
299cbd7fac79e094a9bc3b87c31b8813983b41dd-1744135992712;CUMHURİYET ROMANI-10;Kurum Girilecek
96799d44ee03757118ca942f4420977e2fa2f2a2-1717257076368;GİRİŞ;Kurum Girilecek
6d536a6c5a19dabdbbd3d76937f43b4eaceee54c-1710958677987;ANLAM KURMA TÜRLERİ;Kurum Girilecek
e5770e865149fc8c5a72757dcf78e5714d716dd3-1718984740017;Eski Dil Soru Çözümü ;Kurum Girilecek
dfb704ca01640e7fc6de2cdfecda7b07b97c9dea-1698774493263;YENİ TÜRK EDEBİYATININ OLUŞUMU-3;Kurum Girilecek
299cbd7fac79e094a9bc3b87c31b8813983b41dd-1744735697221;CUMHURİYET DÖNEMİ TİYATRO;Kurum Girilecek
26f35033108591ab17d1a7ca8020e6e13e7fefe9-1710269839388;4 Temel Beceri: ;Kurum Girilecek
0b39fa7964b7e6a1c4d6189b8ce131b2a4f28d79-1700416146817;KONUŞMA BECERİSİNİ GELİŞTİRME ÇALIŞMALARI;Kurum Girilecek
403e7c4599e9a25f7617b1b86e974585ad29418a-1716228278804;18) Cümle Bilgisi (Cümlenin Ögeleri);Kurum Girilecek
172c5ac940597644f82059c425b8242f39dfff67-1746546814701;2025 Sözel Mantık son ders;Kurum Girilecek
885cd183396123664aae15258f36ab40589223ad-1742490839699;1739 SAYILI KANUN 3. DERS;Kurum Girilecek
d5a49c3ab0991a06073f0f2931a2fc49ad269629-1761842553475;Eski Türk Edebiyatında Mazmunlar-1;Kurum Girilecek
f2cbea88fd85117b36715ad29b52afd6488b00e6-1744649705420;halk hikayeleri;Kurum Girilecek
fa3c095b0a8dc39eae4e4f24ccde6701252b4f46-1716885770589;AYT MATEMATİK: ;Kurum Girilecek
58fee96126fbde0c4f5e3c147df457ad979a56d4-1707065697174;aruz işlemleri;Kurum Girilecek
a7bb88795d338b5aaf53e13882b28f159d978cf6-1742065133336;SÖZLÜ ANLATIM TÜRLERİ;Kurum Girilecek
3952b1ba6290cff1170a97c1b872549e03a00571-1734710770681;22) Dil bilgisi [Sözcük Türleri (isim, zamir, sıfat, zarf)]-4;Kurum Girilecek
403e7c4599e9a25f7617b1b86e974585ad29418a-1715615320118;13. Sözcük Türleri (Fiil, Ek-fiil ve Fiilimsi)-1;Kurum Girilecek
76b477b2307e37a36a57498ab390e34ce67c4db8-1704210971512;İnkılap Tarihi: ;Kurum Girilecek
a27c9114d4cbb636c173c0eb4444d41188a05002-1709992797550;AYT Kimya Konu: ;Kurum Girilecek
c120b5e16e16d00015be882078a2528c2aaaf00d-1703691885057;Türkçe Konu: Cümlenin Ögeleri;Kurum Girilecek
d9cfd1cf6cf75fef3ac6853a0a09cded28892acf-1701883558796;Türkçe Konu: Zarf;Kurum Girilecek
8b04ea855d9d5c790faa74e3a476ed6085b6364e-1710092381622;DÜNYA EDEBİYATI SON;Kurum Girilecek
5c288540cc4a3963fdae332c9d03f4a623c474ee-1734887670999;Amerikan ed.;Kurum Girilecek
dfb704ca01640e7fc6de2cdfecda7b07b97c9dea-1707243044480;MİLLİ EDEBİYAT-6;Kurum Girilecek
059f2ad29732c04932217af6f0290782094cecca-1752252294502;DÖRT TEMEL BECERİ - 8;Kurum Girilecek
d3981cbbe888491f9ba1f87a645b84d1cd816ac0-1704216914417;Fizik Konu: ışıkın kırılması;Kurum Girilecek
9267f77448f1c03c7d6029b992e70fea7065259a-1735487147976;Eğitim Temelleri ve Türk Millî Eğitim Sistemi Rehberlik 1;Kurum Girilecek
bc1408dbf885ca195ebdd9123e6bc0775f279b5f-1712250235352;AYT Felsefe: ;Kurum Girilecek
bf34a30375919b679162e745b11e71cb60b00db8-1716138318725;şerh 14;Kurum Girilecek
cd7d05e68c71654dbb3a45bdd22d1431e50099eb-1673805707955;MİLLİ EDEB,YAT SANATÇILARI 4;Kurum Girilecek
b25e3a7506da1f300e9ec0c0de163cb0d7682ec6-1715184962390;Çocuk Edebiyatı: ;Kurum Girilecek
8b9c976f08a91a1c70e7197bd692a317a7531345-1745342994661;2025 Çağdaş Türk Tarihi 2;Kurum Girilecek
dfb704ca01640e7fc6de2cdfecda7b07b97c9dea-1712081874055;CUMHURİYET ŞİİRİ-17;Kurum Girilecek
51849f643e8c00a2361d87e000fad2bae2117963-1698335185197;TYT Felsefe Konu: ;Kurum Girilecek
80b76a73d9fdf418aed6e143de1468fe9615c84a-1773860790601;CUMHURİYET ŞİİRİ-9;Kurum Girilecek
81cd489b8fb4604498a22c2d1b4c8bed18737033-1699977070495;Vatandaşlık Konu: hukaka giriş(sosyal kurallar,hukukun yaptırımları,);Kurum Girilecek
713ccb079893a479a489465da3c57ab0c5b5ba45-1671636995414;Yeni Türk Edebiyatı 10,;Kurum Girilecek
2a3118bee8adb487c610585b9ef9cfb19b60625b-1699639425133;dil bilim 3;Kurum Girilecek
403e7c4599e9a25f7617b1b86e974585ad29418a-1715017903591;12. TAMLAMALAR (SORU ÇÖZÜMÜ)-3;Kurum Girilecek
2b34ff093a4fe562ccbd4d1dec9defa11fabe2e9-1765647787673;DİNLEME YÖNTEM VE TEKNİKLERİ - 2;Kurum Girilecek
f67b4948b1592313c2fb1206ef8b9f23a7902842-1711827283507;BİÇİM (DIŞ YAPI) ÖZELLİKLERİ VE İÇERİK UNSURLARI;Kurum Girilecek
a7bb88795d338b5aaf53e13882b28f159d978cf6-1739640640961;OKUMA TEORİ VE TÜRLERİ;Kurum Girilecek
892b584343d0c9fc7ab552c5c90bbfd699dca74d-1740333127750;METİN DİL BİLİM 3 VE SORULAR;Kurum Girilecek
15a2ee8b633f754e598185dfa9a9fcf803a820c1-1707676013984;1. DENEME (ALAN EĞİTİMİ ÇÖZÜM YENİDEN);Kurum Girilecek
2b34ff093a4fe562ccbd4d1dec9defa11fabe2e9-1766249219401;KONUŞMANIN UNSURLARI;Kurum Girilecek
a7bb88795d338b5aaf53e13882b28f159d978cf6-1742663484232;SÖZLÜ ANLATIM TÜRLERİ-2;Kurum Girilecek
dc12c9d877c70209ea7d0274e884c99ee397001f-1761667470862;SES BİLGİSİ/FONETİK (Ünsüzlerin Sınıflandırılması, Ses Olayları)-1;Kurum Girilecek
fe534ba2be486200b29eba3998f61d35ede4b765-1730908421262;beyit inceleme ve nazım şekilleri;Kurum Girilecek
da3416c6a7659383ed16ae1c3d5efa808905f628-1705167173407;Dil Bilimi Dil Bilgisi: ;Kurum Girilecek
c3923cea3d8100e6e413e4eb8af6f6f674e4ba64-1696951446322;Tarih 1 Konu: 1.ÜNİTE (TARİH VE ZAMAN);Kurum Girilecek
3af846574fd50b2f85a88fec4e1df1aa4af0361e-1777330551634;4. DENEME DÖRT TEMEL BECERİ ÇÖZÜMÜ;Kurum Girilecek
d39446f272688d5e772f0ac8214efd6620555449-1706377293992;cumhuriyet dönemi halk ozanları- mit ve mit türleri;Kurum Girilecek
76b2f45073e73f9354117968c183271fdae27dc0-1702056343406;Halk Edebiyatı Konu: Anonim Halk Edebiyatı Nazım Türleri;Kurum Girilecek
892b584343d0c9fc7ab552c5c90bbfd699dca74d-1733763530759;NOAM CHOMSKY VE ANDRE MARTİNET;Kurum Girilecek
176c4ea7d1bbee69598f419ac1443be23be17e97-1703093131376;Türkçe Konu: FİİLLER;Kurum Girilecek
c159c2904a17d5f85b2780b9bffaa55f5ca1ca6a-1671554916447;"Yeni Türk Dili 13; Cümle Türleri, Cümlenin Ögeleri";Kurum Girilecek
63175c9bc1a07dc877cffb0f987d9d6585316670-1746294017225;FONOLOJİ/FONETİK SORU ÇÖZÜMÜ-2;Kurum Girilecek
205702310edf3c3dd75a12ab609fae17a06799e9-1705129026986;Biyoloji Konu: ;Kurum Girilecek
d0681e82349af0dfc955db4a1d54966a06114a78-1709984742650;AYT Edebiyat: Edebi Akımlar ;Kurum Girilecek
1fd85ac681a435c7098f0f7519aad87633e47337-1738684330086;Fiiller, fiilimsiler , Fiilde Çatı ;Kurum Girilecek
2a3118bee8adb487c610585b9ef9cfb19b60625b-1702056100730;dil bilim ve olsun biz de mutsuz oluruz:);Kurum Girilecek
8038fcd6b0ad42adf04f25e448466aa8538f0724-1700241910818;Coğrafya Konu: ;Kurum Girilecek
f2cbea88fd85117b36715ad29b52afd6488b00e6-1741023117480;aşık faslı aşıklık gelenekleri;Kurum Girilecek
cd7d05e68c71654dbb3a45bdd22d1431e50099eb-1678037935568;cumhuriyet dönemi 196o dönemi şiir 1;Kurum Girilecek
1138248d342dbbde39aba999bc515fcceaba0131-1698940324655;Felsefe Konu: ;Kurum Girilecek
85cf7f78d52f24b1855c37e9a252bd190adc9774-1685893377686;SORU ÇÖZÜMÜ - 17;Kurum Girilecek
7a854c003438f84112c7075000e815b6f2961c9b-1707494119280;TYT Din Kültürü: ;Kurum Girilecek
299cbd7fac79e094a9bc3b87c31b8813983b41dd-1741717451687;CUMHURİYET ŞİİRİ-14;Kurum Girilecek
677bd443531a03afeba3488a7449f97856d969ca-1672328789339;Eski Türk Dili 18, Yapım Ekleri;Kurum Girilecek
569227d8b1048b533bc9ba0fdd3c7e12e549314e-1722180302990;DÖRT TEMEL BECERİ- 8;Kurum Girilecek
81d500f4cddc61cae7c0ba96ee85321cc6c73b73-1679413882111;Yeni Türk edebiyatı 39,;Kurum Girilecek
c0f4e517e0712bc1714e3a85ffadb6f3a1292216-1710184316819;GYGK Matematik: ;Kurum Girilecek
a7bb88795d338b5aaf53e13882b28f159d978cf6-1740242657867;SÖZ VARLIĞI ÇALIŞMALARI- 2;Kurum Girilecek
6fb816cac8d877ed782a082bbfb25c5eb5744b39-1765215564729;mit efsane masal;Kurum Girilecek
bf34a30375919b679162e745b11e71cb60b00db8-1719507013539;beyit incelemeleri;Kurum Girilecek
806bf1450aade4ddea4e9ab16f61a5bac32d617b-1672757322630;Eski Türk Dili 21, Sözcük Türleri;Kurum Girilecek
7ad4f531409647753b54fc1171251f3f6cd61fed-1738079977661;Anayasa: ;Kurum Girilecek
299cbd7fac79e094a9bc3b87c31b8813983b41dd-1735058759627;FECRİATİ EDEBİYATI -1;Kurum Girilecek
403e7c4599e9a25f7617b1b86e974585ad29418a-1715622630005;15. Sözcük Türleri (Fiil, Ek-fiil ve Fiilimsi+ soru çözümü)-3;Kurum Girilecek
e6e1ec4ae5d86309f8930bf8df75cb111d89e007-1708616909604;YTE Konu: ;Kurum Girilecek
8b04ea855d9d5c790faa74e3a476ed6085b6364e-1706286202579;edebi akımlar 2;Kurum Girilecek
c448cf7c3d21727c59ff7520b1e6d64bb8d26da4-1777226447545;SORU ÇÖZÜMÜ-13 ASIM KARA;Kurum Girilecek
f983ab14a2af2a3c879e64dfcfe3c2d1b72ecd8b-1745766129140;Eğitimin Temelleri ;Kurum Girilecek
15a2ee8b633f754e598185dfa9a9fcf803a820c1-1715330774417;4. DENEME (DİL BİLGİSİ - DİL BİLİM);Kurum Girilecek
885cd183396123664aae15258f36ab40589223ad-1745517139276;1982 ANAYASASI 9. DERS;Kurum Girilecek
ef0e1b7cbd679c07cd414f2c615d648683e6ce66-1695147879303;GENEL TARİH 1;Kurum Girilecek
222c98390e0bd01e188cf1dd1f52218c9d2a6297-1704610216255;Fizik Konu: ;Kurum Girilecek
21b33be78b8d91d5728e76c5158deb3de8e7f9f9-1711305562982;Coğrafya Soru Kampı 1/2 ;Kurum Girilecek
e680b35e3e36f0eb8c4a85959deddd5f285ed7e3-1688302041236;2015 ESKİ DİL;Kurum Girilecek
4d8a6309e8eee48c7302a2ecfd857aafaa3c32c2-1687081758936;Soru Çözümü 4;Kurum Girilecek
5d0859cd5ec16a1e6c7b324f2694f5c9cf59058b-1674666560425;Yeni Türk Edebiyatı 26,;Kurum Girilecek
892b584343d0c9fc7ab552c5c90bbfd699dca74d-1735577497010;SES BİLİMİ 2;Kurum Girilecek
7c420d9f03f4280407c56dd415f5d6a53be08591-1741884312138;Eski Dil Soru Çözümü ;Kurum Girilecek
80b76a73d9fdf418aed6e143de1468fe9615c84a-1771440613722;SERVETİFÜNUN EDEBİYATI-5;Kurum Girilecek
7d856a5528132d97c75d058e84f41111ba0cfb69-1749143879510;beyit inceleme;Kurum Girilecek
bc4f9fcc94c684fff9e3e6b59a96a893f8fc173b-1716911411739;Eski Türk Dili Soru Çözümü;Kurum Girilecek
c2bdcd65896ccb7d920c772a7023ec30413ca386-1742751022042;ÇOCUK EDEBİYATINDA BULUNMASI GEREKEN ÖZELLİKLER;Kurum Girilecek
7d856a5528132d97c75d058e84f41111ba0cfb69-1744221026702;sorularla genel tekrara analiz;Kurum Girilecek
80b76a73d9fdf418aed6e143de1468fe9615c84a-1772646601199;MİLLİ EDEBİYAT-6;Kurum Girilecek
e854f00cf18767632d6320e3cc2550cb9a4c0ba7-1707500224924;Eski Edebiyat Konu: ;Kurum Girilecek
059f2ad29732c04932217af6f0290782094cecca-1751389018087;Yeni Türk Edebiyatı Soru Çözümü -2;Kurum Girilecek
8ec9e330b97cc8678176cb4cde8dc4198504c698-1754333648480;KONYA TEKNİK ÜNİVERSİTESİ;Kurum Girilecek
c2bdcd65896ccb7d920c772a7023ec30413ca386-1743962710308;ÇOCUK EDEBİYAT TÜRLER-2;Kurum Girilecek
538189f0aee23df3d75b63938bd2bf935aa8458a-1712577479965;AYT Edebiyat: ;Kurum Girilecek
0227ecef24ffd5f993e3a594193ec0e6cca913b3-1775497598722;ÇOCUK EDEBİYATI-9;Kurum Girilecek
fe534ba2be486200b29eba3998f61d35ede4b765-1736359158358;sanatlar;Kurum Girilecek
dc12c9d877c70209ea7d0274e884c99ee397001f-1763481587281;ŞEKİL/YAPI/BİÇİM BİLGİSİ ( Yapısı Bakımından Sözcükler)-1;Kurum Girilecek
6af49c415e9bf56ffaf1c1654ed8a4bd454840bb-1703180145239;Eski Dil Konu: ;Kurum Girilecek
51ff007f49e5d77e56517d69fb5c853e9d09bd18-1775576752925;DİNLEME ÖĞRENME ÇIKTILARI - 2;Kurum Girilecek
892b584343d0c9fc7ab552c5c90bbfd699dca74d-1736617379858;BİÇİM BİLİMİ 3;Kurum Girilecek
101c80ab4a5887dc1493d2baa9ffaff588ad7b51-1753002258140;ANAYASA HUKUKU 20.07.2025 SAAT 19:00;Kurum Girilecek
88b07815bdd956b8856264de12fc5d7a8322ba06-1700929661275;YTE Konu: ;Kurum Girilecek
a7bb88795d338b5aaf53e13882b28f159d978cf6-1736185905063;KONUŞMA UNSURLARI;Kurum Girilecek
6debbf1ac3f8c0ba6c516f4699204a07a3c8bd65-1715968590535;eleştiri ve kuram 1;Kurum Girilecek
2b34ff093a4fe562ccbd4d1dec9defa11fabe2e9-1761414226425;DİNLEME EĞİTİMİ KAZANIMLARI - 3;Kurum Girilecek
43e0c24a708ac8def75adeaf6b9f65e130d4bdd0-1718039186656;TÜRK ÇOCUK EDEBİYATI 2;Kurum Girilecek
51ff007f49e5d77e56517d69fb5c853e9d09bd18-1777736790901;ÖĞRENME ÇIKTILARI SORU ÇÖZÜMÜ - 2;Kurum Girilecek
042066428e38411bfa0646368756f94c70bd0315-1708244831119;AYT Matematik Konu: ;Kurum Girilecek
38401bcfc518e4dafd5d28334125fec58d13be04-1744386549126;2025 Yeni Türk Edebiyatı ;Kurum Girilecek
059f2ad29732c04932217af6f0290782094cecca-1751990243507;Yeni Türk Edebiyatı Soru Çözümü- 4;Kurum Girilecek
e8c9624a6440161e07e79909ba17b324d92eb50d-1716825547980;Yeni Türk Edebiyatı Soru Çözümü;Kurum Girilecek
8797722914e101baa4578694025ea8348a748303-1782233088048;Eski Türk Edebiyatı-5;Kurum Girilecek
ce6e8c4190e35bc1ec9229823b4c485b61823f34-1715703667192;Eski Dil Soru Çözümü;Kurum Girilecek
5c288540cc4a3963fdae332c9d03f4a623c474ee-1731859957759;Akımlar 8;Kurum Girilecek
6fb816cac8d877ed782a082bbfb25c5eb5744b39-1767023544708;geleneksel tiyatro;Kurum Girilecek
a56bfaed2e9400807f4099f21aa3f8ed469c59ba-1709918701344;Eski Edebiyat Konu: Nazire Mecmuaları ve Tezkireler;Kurum Girilecek
ae6f66ea5563b98007b7ac6dd90423e29f973ee5-1743950702026;Eğitim Temelleri ;Kurum Girilecek
93123e0d3e60d6af3421f6c9e89696724a6fe854-1688053443354;2014 ESKİ DİL;Kurum Girilecek
7d856a5528132d97c75d058e84f41111ba0cfb69-1749147176295;beyit inceleme;Kurum Girilecek
98ff2ff3374535b4848d66424d77057eb97bb780-1670518974835;Eski Türk Dili 7, Dönemlerin Biçim Özellikleri;Kurum Girilecek
f60fdabfd28cd08e80d603b308c20268b5a379d8-1709914148796;AYT Felsefe: ;Kurum Girilecek
2166e8a9689abbd8a4e6b5880e5357182335a19b-1710269560546;Eski dil Konu: Türk Dilinin Tarihi gelişimi+ Göktürk Türkçesi ;Kurum Girilecek
2a3118bee8adb487c610585b9ef9cfb19b60625b-1700846418698;dil bilimdevam 2;Kurum Girilecek
892b584343d0c9fc7ab552c5c90bbfd699dca74d-1740336746753;ÖNCEKİ DERSTE BİR GİRİŞ YAPTIĞIMIZ GÖSTERGE BİLİM ÜNİTESİNİN DEVAMI;Kurum Girilecek
fe534ba2be486200b29eba3998f61d35ede4b765-1744041409608;anonim halk edebiyatı;Kurum Girilecek
ebc79eb392dc3aa6d3fe99616acbd67cad526642-1716738399644;Halk Edebiyatı Soru Çözümü 1;Kurum Girilecek
cd7d05e68c71654dbb3a45bdd22d1431e50099eb-1681152383785;POST MODERN YAZARLAR 2;Kurum Girilecek
58fee96126fbde0c4f5e3c147df457ad979a56d4-1708534486330;tezkireler;Kurum Girilecek
80b76a73d9fdf418aed6e143de1468fe9615c84a-1773248361482;CUMHURİYET ŞİİRİ-1;Kurum Girilecek
3952b1ba6290cff1170a97c1b872549e03a00571-1735315497923;25) Dil bilgisi [Sözcük Türleri (edat, bağlaç, ünlem)]-1;Kurum Girilecek
55ea6451d5a26702f6809a84784fcdecd2f5380b-1696354454452;Genel Tarih Konu: ;Kurum Girilecek
8858d53a7bb700408df81ce038af1b07b71a77a4-1713890466362;4 Temel Beceri:;Kurum Girilecek
63f2e14f54fa66ec3aceda1ecb023cfc40028865-1766774215419;MODERN DİL BİLİM OKULLARI - 3;Kurum Girilecek
059f2ad29732c04932217af6f0290782094cecca-1751219879896;"KAMP DERSLERİ - DİL BİLİM 6. DERS      ""HER ŞEYE İNAT ATANACAKSIN!""";Kurum Girilecek
3b6df0cd64b936288ec37e6ce0c27cb4cf4ffd68-1702574727803;Eski Dil Konu: ;Kurum Girilecek
975229ad30f83f67fff0cb3430c313edfa6e64a6-1740311206295;soru çözüm 5;Kurum Girilecek
1ca76ff6ead7aba308812a55071c052e5b6b3e27-1688924060938;Mehmet Akif Yardımcı Genel Tarih 2;Kurum Girilecek
96799d44ee03757118ca942f4420977e2fa2f2a2-1719597499179;CİHANGİR - 5;Kurum Girilecek
47a79f5a1a490249e9f6552fdf14cd4b8e5cf76c-1737048615815;Eski Türk Dili ;Kurum Girilecek
cd7d05e68c71654dbb3a45bdd22d1431e50099eb-1668964353202;TANZİMAT 1. DÖNEM DEVAM;Kurum Girilecek
f1d8404fe1df249bac0a5fb7bd3320832fa48d0f-1709222498888;YTE Konu: ;Kurum Girilecek
059f2ad29732c04932217af6f0290782094cecca-1751212710972;"KAMP DERSLERİ - DİL BİLİM 4. DERS  ""Hayallerine inan, çünkü onlar seni geleceğine taşır.""";Kurum Girilecek
6e1085bbd1bef931f0966881746a2523a54277ec-1689264532235;Yeni Türk Edebiyatı Genel Tekrar 1;Kurum Girilecek
cd7d05e68c71654dbb3a45bdd22d1431e50099eb-1678642119157;TOPLUMCU GERÇEKÇİLER 3;Kurum Girilecek
3cd41bccac7280842ac063bd055d91eb87499db7-1705771579317;Eski Türk Dili Konu: İsim Çekim Ekleri ;Kurum Girilecek
3405916fedbed6f872eee8a309a61f3ac9a378ea-1719470700644;GYGK Geometri 1;Kurum Girilecek
0cd2ea69701e1d019434fdac432390838b125fe1-1711195004835;AYT Edebiyat: ;Kurum Girilecek
5fb8343471d60f5ce40dee3cb23e0d01cfd17ba9-1748447263080;2025 Coğrafya Soru Çözümü 1 ;Kurum Girilecek
6fb816cac8d877ed782a082bbfb25c5eb5744b39-1760979733352;ikinci ders;Kurum Girilecek
6debbf1ac3f8c0ba6c516f4699204a07a3c8bd65-1711739835323;büyülü gerçekçilik- fransız edebiyatı;Kurum Girilecek
609f509a431e4f5a8924121130a3f9568e46b10d-1706025405990;İnkılap Tarihi Konu: ;Kurum Girilecek
80b76a73d9fdf418aed6e143de1468fe9615c84a-1770393006339;TANZİMAT EDEBİYATI-6;Kurum Girilecek
681a03b385a1b3910dde5b2a232cd7a63bce5abe-1734712096227;2025 Eski Türk Edebiyatı Nazım Biçimleri ;Kurum Girilecek
63f2e14f54fa66ec3aceda1ecb023cfc40028865-1772301210641;TÜMCE BİLİMİ (SÖZ DİZİMİ /SENTAKS) - 4;Kurum Girilecek
299cbd7fac79e094a9bc3b87c31b8813983b41dd-1736877611926;MİLLİ EDEBİYAT DÖNEMİ-8;Kurum Girilecek
1ea96bcb3f7a6c217735cb811c308fddb294b596-1717951862607;Halk Edebiyatı Soru Çözümü ;Kurum Girilecek
85cf7f78d52f24b1855c37e9a252bd190adc9774-1684604089401;SORU ÇÖZÜMÜ - 10;Kurum Girilecek
2989cbd1040502c55f1f74f8b38fcfc5950fc4d1-1719163188158;2. Deneme;Kurum Girilecek
63f2e14f54fa66ec3aceda1ecb023cfc40028865-1767375598429;İŞLEVSELCİLİK VE POSTMODERNİZM;Kurum Girilecek
885cd183396123664aae15258f36ab40589223ad-1744912889463;1982 ANAYASASI 6. DERS;Kurum Girilecek
d4633b8f53c4b2e25d2954197897d50ea8dfb442-1717517740432;Eski Dil Soru Çözümü ;Kurum Girilecek
63175c9bc1a07dc877cffb0f987d9d6585316670-1748706538372;GENEL DEĞERLENDİRME - 2;Kurum Girilecek
419ebcb60189148a2d67b525978fd9ffa740a5a0-1754336697553;Verimlilik ve Endüstriyel Uygulamalar;Kurum Girilecek
fd91f6d494bde566a2eb89bd78add87397a9d7eb-1721300141353;2024 Temmuz Eski Dil 2;Kurum Girilecek
403e7c4599e9a25f7617b1b86e974585ad29418a-1716918481415;24) Ses Bilgisi)-1;Kurum Girilecek
f2cbea88fd85117b36715ad29b52afd6488b00e6-1744048200876;anonim halk;Kurum Girilecek
b09efc2bd2d1e2d37a71b0593522a7e1798bfd50-1691153834777;Alan Eğitimi Soru Üzerinden Genel Tekrar ;Kurum Girilecek
2b34ff093a4fe562ccbd4d1dec9defa11fabe2e9-1773596810938;SÜREÇ TEMELLİ YAZMA YÖNTEMİ;Kurum Girilecek
ef212264f470184e51d40509ca951ea1fb568321-1671551169769;Yeni Türk Dili 12 Cümle Türleri, Cümlenin Ögeleri;Kurum Girilecek
80b76a73d9fdf418aed6e143de1468fe9615c84a-1773428020649;CUMHURİYET ŞİİRİ-6;Kurum Girilecek
96799d44ee03757118ca942f4420977e2fa2f2a2-1719248125553;1.DENEME;Kurum Girilecek
0b39fa7964b7e6a1c4d6189b8ce131b2a4f28d79-1708876122899;YAZMA İLKE VE AMAÇLARI;Kurum Girilecek
892b584343d0c9fc7ab552c5c90bbfd699dca74d-1735574214555;SES BİLİMİ 1;Kurum Girilecek
85cf7f78d52f24b1855c37e9a252bd190adc9774-1685209343947;SORU ÇÖZÜMÜ - 16;Kurum Girilecek
97dad8ddb4f7551e761a8b2ccefa95c71f00eeb9-1736531844126;YKS Tarih: ;Kurum Girilecek
0c4ce41322c96f9acb48ac9bbcc9d8106a8cc989-1739461795644;2025 Eski Dil Soru Kampı 1 ;Kurum Girilecek
58fee96126fbde0c4f5e3c147df457ad979a56d4-1703695616380;sanatlar;Kurum Girilecek
0b39fa7964b7e6a1c4d6189b8ce131b2a4f28d79-1704646566860;OKUMANIN İLKELERİ;Kurum Girilecek
7bdc84185729ec550de8a1e17e7e255200eb699e-1686927092528;Taner Turhan / Program Geliştirme /   Materyal ;Kurum Girilecek
eef82d8c26794183dbb3bcf6797ec193d7f9723c-1751025424746;2025 Maarif Model Soru Çözümü ;Kurum Girilecek
59cd461f6391e96140ea71b8e75dbee29cbc0a9c-1741207674783;1. DERS;Kurum Girilecek
592927a5b274c6811debccc7f6fd7abd9a3a4b8f-1746201308901;2025 Yeni Türk Edebiyatı ;Kurum Girilecek
fe534ba2be486200b29eba3998f61d35ede4b765-1730303006264;beyit icelemesi ve nazım şekilleri;Kurum Girilecek
c448cf7c3d21727c59ff7520b1e6d64bb8d26da4-1744390041606;SÖZCÜK, CÜMLE BİLGİSİ 2;Kurum Girilecek
f2cbea88fd85117b36715ad29b52afd6488b00e6-1738000185622;kuramlar;Kurum Girilecek
3154e0906aa2334f4554473148068cef7752fb02-1749745536202;2025 Eski Türk Dili Soru Çözümü ;Kurum Girilecek
4e115b4f2f6895ce8fc92bc882a966a33afede39-1769969714785;aruz 3;Kurum Girilecek
6debbf1ac3f8c0ba6c516f4699204a07a3c8bd65-1715964258736;yunan ed.;Kurum Girilecek
2989cbd1040502c55f1f74f8b38fcfc5950fc4d1-1719159843032;dede korkut 2;Kurum Girilecek
2a1f31daec7b4f0c8dbc29f98f21a98abbc3b6e4-1697644496605;Tarih Konu: ;Kurum Girilecek
d5a49c3ab0991a06073f0f2931a2fc49ad269629-1775149479639;Klasik Türk Edebiyatı Tarihi-13;Kurum Girilecek
7d856a5528132d97c75d058e84f41111ba0cfb69-1749143171264;çıkmış soru analizi ve beyit şerhi;Kurum Girilecek
1378091aa8e1f7356f0a88063ad9a0c9e2aaf203-1738166209987;"Coğrafya; ";Kurum Girilecek
0227ecef24ffd5f993e3a594193ec0e6cca913b3-1775491123359;ÇOCUK EDEBİYATI-7;Kurum Girilecek
a1704722f3ddd4a3933e26272a25ba3c5632c5e9-1708530566235;AYT Kimya Konu: ;Kurum Girilecek
3952b1ba6290cff1170a97c1b872549e03a00571-1732902469507;15) Dil bilgisi (Biçim/Şekil/Yapı Bilgisi-Sözcükte Yapı)-3;Kurum Girilecek
dc12c9d877c70209ea7d0274e884c99ee397001f-1762275525759;SES BİLGİSİ/FONETİK (Ünsüzlerin Sınıflandırılması, Ses Olayları)-5 KESİN SON :);Kurum Girilecek
fe534ba2be486200b29eba3998f61d35ede4b765-1731512950925;beyit incelemesi - nazım şekilleri;Kurum Girilecek
cd7d05e68c71654dbb3a45bdd22d1431e50099eb-1668956240147;TANZİMAT EDEBİYATI 1;Kurum Girilecek
85a00efc0d7aa67c8291f8ac1ef1a0c5bd752bcc-1708775821289;AYT Edebiyat: Divan Edebiyatı;Kurum Girilecek
569227d8b1048b533bc9ba0fdd3c7e12e549314e-1721332221932;10. deneme;Kurum Girilecek
c448cf7c3d21727c59ff7520b1e6d64bb8d26da4-1777222694789;SORU ÇÖZÜMÜ-12 ASIM KARA;Kurum Girilecek
c99e9327fa1389649aff3b5120c77bf77c9b212a-1699378761935;Tarih Konu: ;Kurum Girilecek
3af846574fd50b2f85a88fec4e1df1aa4af0361e-1745003051522;3. DENEME DİLBİLGİSİ DİLBİLİM EDEBİYAT ÇÖZÜMLERİ;Kurum Girilecek
eb98dbe042338cdb78ec34cdcb00d93d395f848d-1697039750769;TYT Kimya: ;Kurum Girilecek
2b34ff093a4fe562ccbd4d1dec9defa11fabe2e9-1766857384227;PARÇAÜSTÜ SESBİRİMLERİ - 2;Kurum Girilecek
8b04ea855d9d5c790faa74e3a476ed6085b6364e-1708713311455;DÜNYA EDEBİYATI DEVAM- BİR DELİNİN NOT DEFTERİ;Kurum Girilecek
2b34ff093a4fe562ccbd4d1dec9defa11fabe2e9-1766851990345;İYİ BİR KONUŞMADA SESİN ÖZELLİKLERİ - (YENİDEN);Kurum Girilecek
5a566ca3447d5b3a3c545026e59c8068f1ac9020-1743267043930;2025 Halk Edebiyatı ;Kurum Girilecek
35055dac95adb3f6c0c8afe1593ea9f87912dc72-1765730702530;ingiliz 5;Kurum Girilecek
51ff007f49e5d77e56517d69fb5c853e9d09bd18-1775663440837;OKUMA ÖĞRENME ÇIKTILARI - 1;Kurum Girilecek
8c4ff5f9c626d289e5de4897ac1f1e2d61bc92e6-1714287040759;AYT Fizik:bhh ve su dalgalarında girişim;Kurum Girilecek
b359b7a31eb18c825f87467e19b725f63a85f813-1758116807706;ilk ders;Kurum Girilecek
892b584343d0c9fc7ab552c5c90bbfd699dca74d-1738514985883;ANLAM İLİŞKİLERİ - ANLAM OLAYLARI 2;Kurum Girilecek
30bb7b72935d7acc5aea25e1b4b0d4850f825b35-1713873244576;AYT Fizik:;Kurum Girilecek
92e65ce61662a03c61f24f287598d9d22e0cefb5-1721735284884;2024 Temmuz Eski Dil Soru Çözümü;Kurum Girilecek
3689f7b268711e71ac1ec16a86be5eae2ca6d816-1690981041184;Alan Eğitimi ;Kurum Girilecek
fe534ba2be486200b29eba3998f61d35ede4b765-1739382045527;mazmunlar;Kurum Girilecek
7d856a5528132d97c75d058e84f41111ba0cfb69-1749056317451;çıkmış soru analizi ve beyit incelemesi;Kurum Girilecek
4b39fd288dc2700c79d58ee85b39fd914c7ff7ef-1746550587562;SORU ÇÖZÜMÜ-5;Kurum Girilecek
2b34ff093a4fe562ccbd4d1dec9defa11fabe2e9-1766850881281;İYİ BİR KONUŞMADA SES ÖZELLİKLERİ;Kurum Girilecek
a7bb88795d338b5aaf53e13882b28f159d978cf6-1740239329839;SÖZ VARLIĞI ÇALIŞMALARI;Kurum Girilecek
7bb5019051b73f46184fc23052f2370c57067a15-1671128187551;Eski Türk Dili 11, İsim Çekim Ekleri;Kurum Girilecek
982dba2504828e6deadea6be935b561a3aac9109-1711559228521;AYT Coğrafya: ;Kurum Girilecek
aa4ed2f5388da320ee66c3f9c48a482c704b9ed0-1709227946133;Eski Dil Konu: ;Kurum Girilecek
5129d0dbfaae852a9846d646cbea9a9c959b10f3-1717307276761;AYT Fizik soru kampi;Kurum Girilecek
04b9d052064dcdd508f303baa445985696dc1812-1690563013690;Halk Edebiyatı Genel Tekrar 3;Kurum Girilecek
76e70cdce56a9d20d015fd55d75b8a1a1e702c0d-1708239086834;AYT Fizik: ;Kurum Girilecek
31428f79dc23045a5b7f841d72fb9ed20be8ea2f-1694188261769;EYLÜL AYI TANIŞMA VE REHBERLİK;Kurum Girilecek
4fbf418bb3e61f0696bef25a95189aff9fc84f7c-1705686341258;Matematik Konu: ;Kurum Girilecek
51ff007f49e5d77e56517d69fb5c853e9d09bd18-1777740117553;ÖĞRENME ÇIKTILARI SORU ÇÖZÜMÜ - 3;Kurum Girilecek
419ebcb60189148a2d67b525978fd9ffa740a5a0-1754342858888;Verimlilik ve Endüstriyel Uygulamalar;Kurum Girilecek
fb101708ce6e8e64c17466534f10b7c53e5712ef-1716651927636;Halk Edebiyatı Soru Çözümü ;Kurum Girilecek
2989cbd1040502c55f1f74f8b38fcfc5950fc4d1-1776872867045;2026 2;Kurum Girilecek
2b34ff093a4fe562ccbd4d1dec9defa11fabe2e9-1765039711428;DİNLEYİCİ TİPLERİ VE YANLIŞ DİNLEYİCİ TÜRLERİ;Kurum Girilecek
fe534ba2be486200b29eba3998f61d35ede4b765-1733938787506;sanatlar;Kurum Girilecek
10d901b878f6bb95f8b3116a5283581c2276f5f4-1710263026601;İnkılap + Çağdaş Konu: ;Kurum Girilecek
bf34a30375919b679162e745b11e71cb60b00db8-1716130301563;şer 12;Kurum Girilecek
80b76a73d9fdf418aed6e143de1468fe9615c84a-1779123460554;YTE SORU ÇÖZÜMÜ-2;Kurum Girilecek
dfb704ca01640e7fc6de2cdfecda7b07b97c9dea-1709654162932;CUMHURİYET ŞİİRİ-4;Kurum Girilecek
775c4594cff550aa68b8bef49b7101b7135a7f16-1704561947703;Dil Bilimi Dil Bilgisi: Türk Dilinin Tarihsel gelişimi ;Kurum Girilecek
eda315201d06bd78690b07c915607295ed8ce1d1-1707639931194;AYT Matematik Konu: ;Kurum Girilecek
5c288540cc4a3963fdae332c9d03f4a623c474ee-1733072532168;fransız ed.;Kurum Girilecek
bf34a30375919b679162e745b11e71cb60b00db8-1717343489857;şerh 18;Kurum Girilecek
fe534ba2be486200b29eba3998f61d35ede4b765-1732729209556;nazım türleri;Kurum Girilecek
403e7c4599e9a25f7617b1b86e974585ad29418a-1714413478785;9. SÖZCÜK TÜRLERİ (EDAT, BAĞLAÇ, ÜNLEM SORU ÇÖZÜMÜ);Kurum Girilecek
80b76a73d9fdf418aed6e143de1468fe9615c84a-1769795871910;TANZİMAT EDEBİYATI-2;Kurum Girilecek
d427f2c670f36ab1f25a165c737759226a8cd489-1670432226976;Yeni Türk edebiyatı 7, SERVETİFÜNUN;Kurum Girilecek
0227ecef24ffd5f993e3a594193ec0e6cca913b3-1776103679108;ÇOCUK EDEBİYATI-12;Kurum Girilecek
dfb704ca01640e7fc6de2cdfecda7b07b97c9dea-1704217981362;FECRİATİ EDEBİYATI-4;Kurum Girilecek
cf8d82f13ada24d6fad2d7e21c172dd6ec9954cc-1709654234350;AYT Fizik Konu: kütle ve agırlık merkezi;Kurum Girilecek
63f2e14f54fa66ec3aceda1ecb023cfc40028865-1774802932809;Gösterge Bilimi (Semiyotik) - 3 BELKİ Metin Bilimine de gireriz. :));Kurum Girilecek
15a2ee8b633f754e598185dfa9a9fcf803a820c1-1717973109001;5. DENEME (ALAN EĞİTİMİ ÇÖZÜM);Kurum Girilecek
a7bb88795d338b5aaf53e13882b28f159d978cf6-1742059065141;YAZMA EĞİTİMİ SORU ÇÖZÜMÜ;Kurum Girilecek
bb2ce07b8333249294b6966169bd65d7a9f47dc6-1703089123835;Osmanlı Tarihi Konu: ;Kurum Girilecek
0b39fa7964b7e6a1c4d6189b8ce131b2a4f28d79-1701532120370;KONUŞMA TÜR, YÖNTEM VE TEKNİKLERİ;Kurum Girilecek
43e0c24a708ac8def75adeaf6b9f65e130d4bdd0-1716832448500;çocuk edebiyatı 2;Kurum Girilecek
dfb704ca01640e7fc6de2cdfecda7b07b97c9dea-1702403353993;SERVETİFÜNUN EDEBİYATI- 5;Kurum Girilecek
43e0c24a708ac8def75adeaf6b9f65e130d4bdd0-1719421826084;çocuk edebiyatı...ve bitti;Kurum Girilecek
4b39fd288dc2700c79d58ee85b39fd914c7ff7ef-1746553762322;SORU ÇÖZÜMÜ-6;Kurum Girilecek
000917e40ee4bd77c4d89b007e2bd60e103b781d-1752040564483;2025 100 Soruda Mevzuat;Kurum Girilecek
63175c9bc1a07dc877cffb0f987d9d6585316670-1746296827857;MORFOLOJİ SORU ÇÖZÜMÜ;Kurum Girilecek
a7bb88795d338b5aaf53e13882b28f159d978cf6-1732384224022;DİNLEME VE KONUŞMA KAZANIMLARI;Kurum Girilecek
4bc7e320e3eb6c259ad18815d55ed0fe2528fefa-1706802421161;Paragraf : Cümlede Anlam;Kurum Girilecek
975229ad30f83f67fff0cb3430c313edfa6e64a6-1740912641223;soru çözüm 7;Kurum Girilecek
aeff388c657b7f6c55c92902619c6fbc4073e819-1703937108220;AYT edebiyat: ;Kurum Girilecek
f2cbea88fd85117b36715ad29b52afd6488b00e6-1741026716638;aşık gelenekleri;Kurum Girilecek
0b39fa7964b7e6a1c4d6189b8ce131b2a4f28d79-1699890598586;DİNLEME YÖNTEM VE TEKNİKLERİ;Kurum Girilecek
db2e79015ee03aa6c78149185f84c60f81c6c1bb-1690203508908;HALK EDEBİYATI GENEL TEKRAR 1;Kurum Girilecek
d5a49c3ab0991a06073f0f2931a2fc49ad269629-1761839318158;Eski Türk Edebiyatı Giriş-3;Kurum Girilecek
2b34ff093a4fe562ccbd4d1dec9defa11fabe2e9-1768667248921;OKUMA EĞİTİMİ GİRİŞ;Kurum Girilecek
f2cbea88fd85117b36715ad29b52afd6488b00e6-1742840333571;anonim halk türler;Kurum Girilecek
fe534ba2be486200b29eba3998f61d35ede4b765-1730309951493;nazım şekilleri;Kurum Girilecek
58fee96126fbde0c4f5e3c147df457ad979a56d4-1698857231467;nazım şekilleri türleri giriş temellendirme kavramlar -2;Kurum Girilecek
0a06b5a923f35619e42892902f9e2b5633187510-1721131075386;2024 Temmuz Kampı Eski Dil 1;Kurum Girilecek
2b34ff093a4fe562ccbd4d1dec9defa11fabe2e9-1763221612875;OKUMA EĞİTİMİ KAZANIMLARI - 5;Kurum Girilecek
01d6addda167d2834a1b117d46c540a51185a351-1702827951117;Türkçe Konu: Edat-Bağlaç;Kurum Girilecek
85112110828d7c428ddad6803713d227f0cb0420-1721824825290;2024 Temmuz Eski Dil Soru Çözümü;Kurum Girilecek
58fee96126fbde0c4f5e3c147df457ad979a56d4-1700671769339;nazım şekilleri;Kurum Girilecek
5c288540cc4a3963fdae332c9d03f4a623c474ee-1736091979289;İtalyan ed. devam;Kurum Girilecek
96799d44ee03757118ca942f4420977e2fa2f2a2-1719856674245;CİHANGİR - 8;Kurum Girilecek
f17adf03f14955dba9dd669f89f2f3054149f8d5-1744213527763;Maarif model 1;Kurum Girilecek
3952b1ba6290cff1170a97c1b872549e03a00571-1731081219888;4. Dil bilgisi (Türk Ses Bilgisi)-IV;Kurum Girilecek
4ce09adacf4a1a90c9766b6c11da7a99d620679b-1690636270912;Çapraz Yeni Türk Edebiyatı Soru Çözümü ;Kurum Girilecek
631bef205a17b79a5f34b104204d210988cf0bf2-1699772227090;TYT Fizik Konu: ;Kurum Girilecek
2a3118bee8adb487c610585b9ef9cfb19b60625b-1703869003815;dil bilim-gülüşümüzü de çalamazlar ya;Kurum Girilecek
dfb704ca01640e7fc6de2cdfecda7b07b97c9dea-1706028603743;MİLLİ EDEBİYAT-2;Kurum Girilecek
58fee96126fbde0c4f5e3c147df457ad979a56d4-1707324693880;aruz işlemi son ve mazmunlara geçiş;Kurum Girilecek
892b584343d0c9fc7ab552c5c90bbfd699dca74d-1730137110288;DİL BİLİM 3. DERS;Kurum Girilecek
7da63aea53088f1d308419474db78a88e2accd64-1700151054912;Felsefe konu: ;Kurum Girilecek
43cacbfd23fd850a2cf8dbfd34d980085174bf0d-1718380287248;YTE Soru Çözümü ;Kurum Girilecek
a7bb88795d338b5aaf53e13882b28f159d978cf6-1745085203553;MAARİF PROGRAMI-3;Kurum Girilecek
15a2ee8b633f754e598185dfa9a9fcf803a820c1-1715196282931;4. DENEME (DÖRT TEMEL BECERİ ÇÖZÜM);Kurum Girilecek
3bdf794b55902e97d640517d34748d63994386f4-1708844082145;AYT Fizik Konu hareket;Kurum Girilecek
059f2ad29732c04932217af6f0290782094cecca-1752163258746;eski edebiyat genel tekrar;Kurum Girilecek
e3c5ebe051253aa801429e7d589d30b1ed2d9926-1702912896730;Türkçe: Noktalama İşaretleri ;Kurum Girilecek
b639391db277db13cb253e71e83f62293eadae46-1686476765394;Eski Türk Edebiyatı Soru Çözümü 2;Kurum Girilecek
059f2ad29732c04932217af6f0290782094cecca-1751908189631;DİL BİLGİSİ SON DERS;Kurum Girilecek
0b39fa7964b7e6a1c4d6189b8ce131b2a4f28d79-1705506690461;OKUMA MODELLERİ -2;Kurum Girilecek
299cbd7fac79e094a9bc3b87c31b8813983b41dd-1744739093731;ÖĞRETİCİ METİNLER-1;Kurum Girilecek
068bb03a270709026ed10bb0f7392632c0c5b2ec-1714924230813;Eski Edebiyat Soru Çözümü 6;Kurum Girilecek
1908241d887ac06ae78679ecdd62cdbb40f3bb9f-1710262906382;YKS Tarih Konu: ;Kurum Girilecek
dc12c9d877c70209ea7d0274e884c99ee397001f-1761065900455;SES BİLGİSİ/FONETİK (Ses Bilgisiyle İlgili Kavramlar ve Türkçenin Ses Özellikleri)-2;Kurum Girilecek
ad151c576f601dc0151d34b6e523c0f23a933705-1756070866454;konu anlatımı;Kurum Girilecek
2b2c17f89cc68856800700acd00136faf863200f-1751888909681;2025 Eğitimin Temelleri 100 Soru Kampı;Kurum Girilecek
58fee96126fbde0c4f5e3c147df457ad979a56d4-1706111210502;beyit incelemesi ve aruz;Kurum Girilecek
2b34ff093a4fe562ccbd4d1dec9defa11fabe2e9-1764431573150;DİNLEME BECERİSİNİ GELİŞTİRME ÇALIŞMALARI;Kurum Girilecek
96799d44ee03757118ca942f4420977e2fa2f2a2-1717864996996;ANLAMA KAZANIMLARI;Kurum Girilecek
d47ec5e7533b5e80263dd92284a4ab80cc243d61-1686995514229;Soru Çözümü 3;Kurum Girilecek
f94afae8956b1abf38f327d6f89d8686a0627b21-1711263489613;AYT Fizik: iş-güç-enerji;Kurum Girilecek
569227d8b1048b533bc9ba0fdd3c7e12e549314e-1722096914016;DİLBİLİM - 3;Kurum Girilecek
63f2e14f54fa66ec3aceda1ecb023cfc40028865-1764952967259;METİN DİLBİLİM - 4;Kurum Girilecek
42e2c3d72463b4a72c1cb4a6849d58228984cfb9-1703000740754;YKS Tarih Konu: ;Kurum Girilecek
36db39edfdb3cceda53b073128d0c6f864f9a36a-1717066237961;AYT Soru Çözümü 1;Kurum Girilecek
fb7c7439887140058434b83f3a039780dbaba573-1736524228423;Eski Türk Edebiyatı ;Kurum Girilecek
29bf55333e50b9a89b802038d66a1eec8c7cd6e5-1706203891458;Eski Dil: İsim Çekim Ekleri Soru Çözümü ;Kurum Girilecek
fe534ba2be486200b29eba3998f61d35ede4b765-1735145278947;sanatlar;Kurum Girilecek
96799d44ee03757118ca942f4420977e2fa2f2a2-1720281150408;CİHANGİR-12;Kurum Girilecek
4e115b4f2f6895ce8fc92bc882a966a33afede39-1776358334698;Beyit Şerhi-5;Kurum Girilecek
cd7d05e68c71654dbb3a45bdd22d1431e50099eb-1678638794632;toplumcu gerçekçiler 2;Kurum Girilecek
299cbd7fac79e094a9bc3b87c31b8813983b41dd-1736268854771;MİLLİ EDEBİYAT DÖNEMİ -1;Kurum Girilecek
569227d8b1048b533bc9ba0fdd3c7e12e549314e-1722531769118;DÖRT TEMEL BECERİ - 11;Kurum Girilecek
76bc5e063561bf0eaf7cf9960c41b76c9da8e3f7-1708782615120;AYT Kimya: ;Kurum Girilecek
0b39fa7964b7e6a1c4d6189b8ce131b2a4f28d79-1704650675261;OKUMA STRATEJİLERİ;Kurum Girilecek
c448cf7c3d21727c59ff7520b1e6d64bb8d26da4-1774455376259;SORU ÇÖZÜMÜ-1   Asım KARA;Kurum Girilecek
b1c79be57ed5333fc3c602e8fa742369ec68dd2f-1700063936659;Tarih Konu: ;Kurum Girilecek
c448cf7c3d21727c59ff7520b1e6d64bb8d26da4-1775061926482;SORU ÇÖZÜMÜ-5 ASIM KARA;Kurum Girilecek
892b584343d0c9fc7ab552c5c90bbfd699dca74d-1731944680776;DİL AİLELERİ;Kurum Girilecek
fd5c21dfcef4665bb7e8b67c9d7f92cb619f22e0-1749916007988;YAZMA EĞİTİMİ - 1;Kurum Girilecek
3af846574fd50b2f85a88fec4e1df1aa4af0361e-1746218397177;4. DENEME DİLBİLGİSİ DİLBİLİM EDEBİYAT ÇÖZÜMÜ;Kurum Girilecek
6fb816cac8d877ed782a082bbfb25c5eb5744b39-1767029807753;halk edebiyatı kaynaklar;Kurum Girilecek
3e14e2120ef3afeaf3ac46c2f7af5b931adf138c-1739717923156;Eğitimin Temelleri ;Kurum Girilecek
4e115b4f2f6895ce8fc92bc882a966a33afede39-1776361082970;Beyit Şerhi-6;Kurum Girilecek
5c288540cc4a3963fdae332c9d03f4a623c474ee-1736703862573;Diğer Sanatçılar 2;Kurum Girilecek
c448cf7c3d21727c59ff7520b1e6d64bb8d26da4-1744387141025;SÖZCÜK, CÜMLE BİLGİSİ 1;Kurum Girilecek
dfb704ca01640e7fc6de2cdfecda7b07b97c9dea-1699977157055;TANZİMAT EDEBİYATI 1. DÖNEM-2;Kurum Girilecek
7822d3a2d3d02ca446579dc83fe6680b73ac5d87-1760638602048;Rehberlik ve Genel Değerlendirme;Kurum Girilecek
df826e24bb97a1766d58cf7c45a7484de5bfe694-1701704568382;GYGK Matematik Konu: ;Kurum Girilecek
d5a49c3ab0991a06073f0f2931a2fc49ad269629-1772729075434;Klasik Türk Edebiyatı Tarihi-4;Kurum Girilecek
06ee46bca682dc2eabdeb7e90bb1442e4bdc75ea-1701451522521;Eski Edebiyat Konu: Aruz Kuralları 1;Kurum Girilecek
0df6f8c67843a3eb41c40aa304c43ea0c32012f5-1738770317529;Coğrafya: ;Kurum Girilecek
318f29d4bc45b341b01006e4945b37ccee72cec7-1736437527755;Yeni Türk Dili Soru Çözümü ;Kurum Girilecek
892b584343d0c9fc7ab552c5c90bbfd699dca74d-1736783664891;SÖZCÜK YAPMA YOLLARI VE SÖZ DİZİMİ (SENTAKS);Kurum Girilecek
15a2ee8b633f754e598185dfa9a9fcf803a820c1-1722120268344;9.DENEME(ALAN EĞİTİMİ ÇÖZÜM);Kurum Girilecek
c3895caedf3b57e809ee3cec3436fc4fbf8ee93b-1674670153958;Yeni Türk Edebiyatı 27,;Kurum Girilecek
377b80c0ab33da63d9af815a65116bc63a06f8ab-1751369120354;2025 Eski Türk Edebiyatı Soru Çözümü ;Kurum Girilecek
c448cf7c3d21727c59ff7520b1e6d64bb8d26da4-1741979542826;2 - BİÇİM BİLGİSİ;Kurum Girilecek
35055dac95adb3f6c0c8afe1593ea9f87912dc72-1765727539262;İngiliz 4;Kurum Girilecek
00aca763804c122ac958db9ee25cbf3c15cdc90e-1685976331075;Hasan Bal Vatandaşlık;Kurum Girilecek
403e7c4599e9a25f7617b1b86e974585ad29418a-1716220778423;16) Sözcük türleri (soru çözümü);Kurum Girilecek
35055dac95adb3f6c0c8afe1593ea9f87912dc72-1766332369660;amerikan 1;Kurum Girilecek
dc12c9d877c70209ea7d0274e884c99ee397001f-1765904343117;Sözcük türleri (Fiil, ek-fiil, fiilimsi)-13;Kurum Girilecek
046a4a58802d254de726ab31ebf746fe58b05676-1669218303609;Yeni Türk Edebiyatı 1 , Tanzimat Dönemine Giriş;Kurum Girilecek
51ff007f49e5d77e56517d69fb5c853e9d09bd18-1780760669389;ÖĞRENME ÇIKTILARI SORU ÇÖZÜMÜ - 5;Kurum Girilecek
7c0d054b86650a454a6c70e0d965366fededc45d-1681064569061;Eski Türk Dili 50 Eski Anadolu Türkçesi;Kurum Girilecek
419ebcb60189148a2d67b525978fd9ffa740a5a0-1757580446132;Verimlilik ve Endüstriyel Uygulamalar;Kurum Girilecek
da5337f71d1f3018db4c44f478167488431580b0-1707663772286;Geometri konu: ;Kurum Girilecek
08dc950c5fd7d555f2e04b8620bf840d60535303-1721404276948;2024 Temmuz YTE 3;Kurum Girilecek
299cbd7fac79e094a9bc3b87c31b8813983b41dd-1733849190914;SERVETİFÜNUN EDEBİYATI -2;Kurum Girilecek
4e1bae35795755db88befcd594954333b4226dcd-1681233815870;Yeni Türk Edebiyatı 48;Kurum Girilecek
a7bb88795d338b5aaf53e13882b28f159d978cf6-1731002901830;TEMA VE METİNLER;Kurum Girilecek
059f2ad29732c04932217af6f0290782094cecca-1750873378436;KAMP DERSLERİ - DİL BİLİM 3. DERS “En büyük başarılar, en büyük engelleri aşanlara aittir.”;Kurum Girilecek
1bcbc6b51f55ab641f092cc49bf19315681ad329-1740066655870;Eski dil soru kampı 3;Kurum Girilecek
ef1f152426c253586fb96765b22d4c563285ecd5-1689491179598;2013 YTE;Kurum Girilecek
403e7c4599e9a25f7617b1b86e974585ad29418a-1716224467511;17) Cümle Bilgisi (Kelime Grupları)-1;Kurum Girilecek
059f2ad29732c04932217af6f0290782094cecca-1752166522696;eski edebiyat tekrar;Kurum Girilecek
85cf7f78d52f24b1855c37e9a252bd190adc9774-1684949739977;SORU ÇÖZÜMÜ - 13;Kurum Girilecek
4e115b4f2f6895ce8fc92bc882a966a33afede39-1775753390669;Beyit Şerhi-2;Kurum Girilecek
3a9d9b2aa6bbb79b5550efe3cd6b322a1bbf8123-1713682119727;AYT Fizik: manyetizma;Kurum Girilecek
2b34ff093a4fe562ccbd4d1dec9defa11fabe2e9-1763829989305;DİNLEME EĞİTİMİ GİRİŞ;Kurum Girilecek
4b39fd288dc2700c79d58ee85b39fd914c7ff7ef-1745945959861;SORU ÇÖZÜMÜ-2;Kurum Girilecek
569227d8b1048b533bc9ba0fdd3c7e12e549314e-1722621046451;ÇOCUK EDEBİYATI-3;Kurum Girilecek
63f2e14f54fa66ec3aceda1ecb023cfc40028865-1761926041308;DİL BİLİM ALT DALLARI;Kurum Girilecek
88d69de1a3b9f514bd92c3c9a1f91277fccb196d-1757575405204;Savunma Sanayii, Robotik ve Uzay Teknolojileri;Kurum Girilecek
f6d0d04e1058ff06c426be8d6e2ceb72b4f44ad8-1716220220085;YTE Soru Çözümü;Kurum Girilecek
a7bb88795d338b5aaf53e13882b28f159d978cf6-1744472946682;TÜRKÇE ÖĞRETİMİNDE TEKNİKLER;Kurum Girilecek
fe534ba2be486200b29eba3998f61d35ede4b765-1732722998837;beyit incelemesi nazım şekilleri;Kurum Girilecek
fe534ba2be486200b29eba3998f61d35ede4b765-1741202149975;şair yazar eserler;Kurum Girilecek
f57deb070364a51f9516b8b1f19b8aa05c6d037f-1697564247455;Tarih Konu: ;Kurum Girilecek
7d856a5528132d97c75d058e84f41111ba0cfb69-1742405227183;beyit incelemeleri;Kurum Girilecek
85cf7f78d52f24b1855c37e9a252bd190adc9774-1684600868484;SORU ÇÖZÜMÜ - 9;Kurum Girilecek
2a3118bee8adb487c610585b9ef9cfb19b60625b-1704126203604;dil bilim yahut cingıl bels;Kurum Girilecek
b5ed6b8e0d2c7f4dc2a739eebabfa9f7d10abc41-1699458932678;Tarih Konu: ;Kurum Girilecek
d5a49c3ab0991a06073f0f2931a2fc49ad269629-1767289342978;Edebi Sanatlar-1;Kurum Girilecek
6d536a6c5a19dabdbbd3d76937f43b4eaceee54c-1711560224801;METİN TÜRLERİ;Kurum Girilecek
975229ad30f83f67fff0cb3430c313edfa6e64a6-1740307644001;soru çözüm 4;Kurum Girilecek
80b76a73d9fdf418aed6e143de1468fe9615c84a-1776450389110;CUMHURİYET ROMANI-6;Kurum Girilecek
58fee96126fbde0c4f5e3c147df457ad979a56d4-1704297130503;söz sanatları;Kurum Girilecek
44210ecae169bbb4ce69ff24095a9b0d734be4f2-1701273241888;Osmanlı Tarihi Konu: ;Kurum Girilecek
20080c582cad42a148495d6221cc6aa28dc314ab-1706376478186;Eski Dil Konu: Sözcük Türleri ;Kurum Girilecek
8bd17b2e93b71852e5492a573254887798261682-1711819107423;Eski dil Konu: ;Kurum Girilecek
63f2e14f54fa66ec3aceda1ecb023cfc40028865-1772908809802;Edim Bilimi (Pragmatik) - 1;Kurum Girilecek
c448cf7c3d21727c59ff7520b1e6d64bb8d26da4-1775926165193;SORU ÇÖZÜMÜ-7 ASIM KARA;Kurum Girilecek
80b76a73d9fdf418aed6e143de1468fe9615c84a-1774721063415;CUMHURİYET ŞİİRİ -12;Kurum Girilecek
31428f79dc23045a5b7f841d72fb9ed20be8ea2f-1694192070492;EYLÜL AYI REHBERLİK - 2;Kurum Girilecek
3952b1ba6290cff1170a97c1b872549e03a00571-1732899390749;14)  Dil bilgisi (Biçim/Şekil/Yapı Bilgisi-Sözcükte Yapı)-2;Kurum Girilecek
15a2ee8b633f754e598185dfa9a9fcf803a820c1-1707751723682;I. DENEME (EDEBİYAT DERSLERİ ÇÖZÜM);Kurum Girilecek
be88e3be950d23104c26a0a2596feb5bc4b8e23f-1672338068623;Eski Türk Dili 20, Yapım Ekleri;Kurum Girilecek
1494a5bdc4e99cbd7fb7cb256e7bcf44b0c312d2-1746028287709;Coğrafya:;Kurum Girilecek
0dd40934c743add3d4f379436753f37917e7cdbf-1743609000559;Coğrafya: ;Kurum Girilecek
0b39fa7964b7e6a1c4d6189b8ce131b2a4f28d79-1706466499707;OKUMA TEKNİKLERİ VE SORU ÇÖZÜMÜ;Kurum Girilecek
9df72eb01b797991ca6906d176677a4f89ed71b9-1705859151475;Temel Matematik: ;Kurum Girilecek
fe534ba2be486200b29eba3998f61d35ede4b765-1738172304833;aruz ve işlemler;Kurum Girilecek
6fb816cac8d877ed782a082bbfb25c5eb5744b39-1762185387038;tür ve şekil;Kurum Girilecek
403e7c4599e9a25f7617b1b86e974585ad29418a-1717520391937;29) Dil Bilgisi Çıkmış Sorular-3;Kurum Girilecek
fa8ee0d3edce1f9e0cc69047f3ff521ddc58f922-1702138931231;YTE Konu: I. KUŞAK TİYATRO-TENKİT;Kurum Girilecek
dfb704ca01640e7fc6de2cdfecda7b07b97c9dea-1704818735492;SORU ÇÖZÜMÜ-2;Kurum Girilecek
dfb704ca01640e7fc6de2cdfecda7b07b97c9dea-1699376273882;YENİ TÜRK EDEBİYATININ OLUŞUMU-5;Kurum Girilecek
18b1f8c0e12201202d0252b1e54225e88b454d4a-1702395972829;Vatandaşlık Konu: ;Kurum Girilecek
d39446f272688d5e772f0ac8214efd6620555449-1708012509060;halk hikayeleri;Kurum Girilecek
5c288540cc4a3963fdae332c9d03f4a623c474ee-1734884065658;Alman Ed.;Kurum Girilecek
6debbf1ac3f8c0ba6c516f4699204a07a3c8bd65-1714149870663;Amerikan edebiyatı;Kurum Girilecek
dc12c9d877c70209ea7d0274e884c99ee397001f-1766511571304;CÜMLE BİLGİSİ (Cümlenin Ögeleri)-3;Kurum Girilecek
c75dd58d1325000b44300f7f0c3f0e3087688f51-1704389477900;Eski Dil Konu: ;Kurum Girilecek
f2cbea88fd85117b36715ad29b52afd6488b00e6-1744652602483;halk hikayeleri dede korkut;Kurum Girilecek
de1c4d21e166d76255657bc78ce3108c5db1ccf4-1673542807659;Eski Türk Dili 27, Dil Aileleri;Kurum Girilecek
0b030dc1433efc2de797704354661d24601d7354-1676995154836;Yeni Türk Edebiyatı 28;Kurum Girilecek
63f2e14f54fa66ec3aceda1ecb023cfc40028865-1766770941174;MODERN DİL BİLİM OKULLARI - 2;Kurum Girilecek
35055dac95adb3f6c0c8afe1593ea9f87912dc72-1768150902982;eleştiri ve kuram;Kurum Girilecek
f67b4948b1592313c2fb1206ef8b9f23a7902842-1715794437550;ÇOCUK EDEBİYATI TARİHÇESİ- 4;Kurum Girilecek
dfb704ca01640e7fc6de2cdfecda7b07b97c9dea-1710264699607;CUMHURİYET ŞİİRİ -7;Kurum Girilecek
d49e87201b12b5aea4deb014f06c88653563c002-1702825420612;Geometri Konu: ;Kurum Girilecek
0b39fa7964b7e6a1c4d6189b8ce131b2a4f28d79-1699894967151;DİNLEME EĞİTİMİ SORU ÇÖZÜMÜ;Kurum Girilecek
ba80417fe354f77cba496be5d189f50ebab25a6e-1690808400063;Dört Temel Beceri ;Kurum Girilecek
1152d206fd1d8cf5a3f8961722f46e0ae938d655-1708963426861;GYGK Matematik: ;Kurum Girilecek
c448cf7c3d21727c59ff7520b1e6d64bb8d26da4-1745597653574;2019 SORULARININ ÇÖZÜMÜ;Kurum Girilecek
5f32e2510ac0bc07b06e29ed1c4027679bfd4907-1695915912832;Sözel Mantık 3;Kurum Girilecek
08e6422f3ec54bc48294ac86feb2c545ed544768-1696521475220;Sözel Mantık;Kurum Girilecek
c448cf7c3d21727c59ff7520b1e6d64bb8d26da4-1740942860481;3 - SES BİLGİSİ;Kurum Girilecek
0c8f509fb2dfdda6e794571d69964831ff8176cd-1708098582769;Halk Edebiyatı Konu: Dede Korkut Hikayeleri;Kurum Girilecek
f2cbea88fd85117b36715ad29b52afd6488b00e6-1747331617952;çıkmış sorular analiz;Kurum Girilecek
58fee96126fbde0c4f5e3c147df457ad979a56d4-1704902178849;beyit incelemesi ve sanatlar;Kurum Girilecek
15a2ee8b633f754e598185dfa9a9fcf803a820c1-1707748275461;I. DENEME (DİL BİLGİSİ- DİL BİLİM ÇÖZÜM);Kurum Girilecek
06da808f8565e322747d941cdf3b57fd732e2ffe-1710002518795;TYT Geometri Konu: ;Kurum Girilecek
daebfb810b4d5492e0703a90cccb1a6b5a19ab8f-1710053676672;AYT FİZİK KONU: newton 'un hareket yasaları;Kurum Girilecek
ef2671df1c04b0a441474df3068e871e8564f9aa-1754341167940;Enerji, Malzeme Bilimi ve Makine Teknolojileri;Kurum Girilecek
dfb704ca01640e7fc6de2cdfecda7b07b97c9dea-1704211101016;FECRİATİ EDEBİYATI-2;Kurum Girilecek
d5a49c3ab0991a06073f0f2931a2fc49ad269629-1770917777935;Klasik Türk Edebiyatında Mesnevi-1;Kurum Girilecek
892b584343d0c9fc7ab552c5c90bbfd699dca74d-1738518522021;"CÜMLELER ARASI ANLAMSAL İLİŞKİLER ""Unutma kaybettiğinde değil, vazgeçtiğinde yenilirsin!""";Kurum Girilecek
dfb704ca01640e7fc6de2cdfecda7b07b97c9dea-1713891387148;CUMHURİYET ROMANI -4;Kurum Girilecek
02b3d0803e93b81bf094ecfec1dba2aecc4e37fb-1707648248541;TYT Din Kültürü: ;Kurum Girilecek
e7b4eca2567c9bdf8dc022d290183b2544b0a60a-1731088475067;Tarih Soru Çözümü 1. ders ;Kurum Girilecek
63175c9bc1a07dc877cffb0f987d9d6585316670-1748709828397;ÇIKMIŞ SORULAR - 1;Kurum Girilecek
892b584343d0c9fc7ab552c5c90bbfd699dca74d-1732553527666;MODERN DİL BİLİM **** ÇOK ÖNEMLİ;Kurum Girilecek
2b34ff093a4fe562ccbd4d1dec9defa11fabe2e9-1768412772581;SÖZLÜ ANLATIM TÜRLERİ - 2;Kurum Girilecek
7a3018a7d98c23b9a4a40adf2987c5536c46dde3-1690623955963;Eski Edebiyat Soru Çözümü ;Kurum Girilecek
b556b482dd6545c5ce53c1e228eb4b25b085e6af-1715528927968;Eski Edebiyat Soru Çözümü ;Kurum Girilecek
f2cbea88fd85117b36715ad29b52afd6488b00e6-1740422214475;tür ve şekil;Kurum Girilecek
a7bb88795d338b5aaf53e13882b28f159d978cf6-1734795639010;DİNLEMENİN ALT ALANLARI;Kurum Girilecek
80b76a73d9fdf418aed6e143de1468fe9615c84a-1770399818954;TANZİMAT EDEBİYATI-8;Kurum Girilecek
a7bb88795d338b5aaf53e13882b28f159d978cf6-1734799857168;DİNLEME BECERİSİNİ GELİŞTİRME ÇALIŞMALARI;Kurum Girilecek
2d72bba5b9c607d8657fba2de7b22dc3eb76bfe7-1737741099401;YKS Tarih: (BEYLİKTEN DEVLETE - OSMANLI KURULUŞ DÖNEMİ);Kurum Girilecek
5e241a77f81f560a422a9186711fbf6fafc8b4ee-1734716743457;YKS TARİH KONU (TÜRKLERİN İSLAMİYETİ KABULÜ VE İLK TÜRK İSLAM DEVLETLERİ 2);Kurum Girilecek
0d626dcf1488cabd2258a78ad75d6f2eb32a8feb-1721458421799;2024 YTE Soru Çözümü Son Ders;Kurum Girilecek
d39446f272688d5e772f0ac8214efd6620555449-1709833624286;halk edebiyatı kaynakları;Kurum Girilecek
885cd183396123664aae15258f36ab40589223ad-1746719524407;1982 ANAYASASI 10. DERS;Kurum Girilecek
3a01833ee6d2a6bc05ea1fdf42045de3bd2540cc-1709394876926;YTE Konu: ;Kurum Girilecek
0b39fa7964b7e6a1c4d6189b8ce131b2a4f28d79-1705247398012;OKUMA STRATEJİLERİ- 2;Kurum Girilecek
dc6b50271ba866aba81ff2774e9a91d5857f1490-1669736713821;Yeni Türk Dili 3, Ses Bilgisi;Kurum Girilecek
15a2ee8b633f754e598185dfa9a9fcf803a820c1-1722120855782;10.DENEME (DÖRT BECERİ-ALAN ÇÖZÜM);Kurum Girilecek
892b584343d0c9fc7ab552c5c90bbfd699dca74d-1734364060687;ROMAN JAKOBSON - BİLDİRİŞİM ÖGELERİ VE DİLİN İŞLEVLERİ;Kurum Girilecek
2fcc7fdcf820ae4f9623104138b6ff95c439f663-1695835501491;Türkçe 4 (Yapısına Göre Sözcükler);Kurum Girilecek
cd7d05e68c71654dbb3a45bdd22d1431e50099eb-1674406953734;BEŞ HECECİLER;Kurum Girilecek
059f2ad29732c04932217af6f0290782094cecca-1751561479572;eski edebiyat nokta atışı genel tekrar;Kurum Girilecek
b89fe63ffd22eb03738ef0f69f257567780e1faf-1677607928585;Yeni Türk Edebiyatı 33;Kurum Girilecek
892b584343d0c9fc7ab552c5c90bbfd699dca74d-1739727619538;BİLGİ DEĞERİ , BİLGİ YAPISI;Kurum Girilecek
15a2ee8b633f754e598185dfa9a9fcf803a820c1-1720912317910;6. DENEME (EDEBİYAT DERSLERİ);Kurum Girilecek
e78403943477e1f782428f718f1c13265af8dd3e-1689771275780;Murat Koç Dört Temel Beceri ;Kurum Girilecek
55a59de6043fd974c2aed739d719464c85ffaa9d-1717343375630;Eski Edebiyat Soru Çözümü ;Kurum Girilecek
299cbd7fac79e094a9bc3b87c31b8813983b41dd-1736444865129;MİLLİ EDEBİYAT DÖNEMİ-5;Kurum Girilecek
a7bb88795d338b5aaf53e13882b28f159d978cf6-1744476177155;SEZDİRME YÖNTEMİ;Kurum Girilecek
ced222026985e9f7217e6883830a45f2be580e4d-1698854059166;Tarih Konu: ;Kurum Girilecek
fd65586a88cf833cdaae8d845c01d88c9cf59817-1702569186483;YTE Konu: TANZİMAT 2.KUŞAK;Kurum Girilecek
10e5aa730635f04e3e75d07dd95d8b66886194eb-1746114452057;Eski Türk Dili ;Kurum Girilecek
3dd7ed551c78e539adcbff9f9fcc96e75d3d24ce-1736955953092;Coğrafya: ;Kurum Girilecek
16e6f0825ce46916d5a9cb4e80e8a2bcb33fd006-1700158079450;Halk Edebiyatı konu:;Kurum Girilecek
5c288540cc4a3963fdae332c9d03f4a623c474ee-1732467779238;fransız edebiyatı devam;Kurum Girilecek
c448cf7c3d21727c59ff7520b1e6d64bb8d26da4-1745604036634;2021 SORULARININ ÇÖZÜMÜ;Kurum Girilecek
80b76a73d9fdf418aed6e143de1468fe9615c84a-1771609961603;SERVETİFÜNUN EDEBİYATI-7;Kurum Girilecek
6fb816cac8d877ed782a082bbfb25c5eb5744b39-1765820399839;halk hikayeleri;Kurum Girilecek
fd3b94f081f200fec8aa796a0fd078760432cbaa-1706290813687;Temel Matematik: ;Kurum Girilecek
6debbf1ac3f8c0ba6c516f4699204a07a3c8bd65-1713541473195;Fransız Edebiyatı devamı Heredia;Kurum Girilecek
ce9588882b2ce672fcfb6b9713ac1adca8b99c55-1698476417593;TYT Biyoloji Konu: ;Kurum Girilecek
3ee1093e68d9ffa580a947686212e4cb50c398a6-1710355503162;Paragraf Soru Çözümü ;Kurum Girilecek
419ebcb60189148a2d67b525978fd9ffa740a5a0-1754343469613;Verimlilik ve Endüstriyel Uygulamalar;Kurum Girilecek
0fe8911e49ed3892defb4a137215ee7c141cd4c1-1709567929820;Osmanlı Tarihi Soru Çözümü 1 ;Kurum Girilecek
35055dac95adb3f6c0c8afe1593ea9f87912dc72-1763920595870;FRANSIZ ed. 5;Kurum Girilecek
1428f977875f33ca55d5673a029588c8a3f847f7-1690909841208;Eski Edebiyat Genel Tekrar Soru Çözümü ;Kurum Girilecek
b60d6449f212ed0237e5201d849145a536ac6398-1704011752029;AYT Matematik Konu: ;Kurum Girilecek
6fb816cac8d877ed782a082bbfb25c5eb5744b39-1760982531820;halk  bilim kuramlar;Kurum Girilecek
6d536a6c5a19dabdbbd3d76937f43b4eaceee54c-1710962530460;METİN YAPILARI;Kurum Girilecek
f6f9121c084b037aebf0eb67a37510c8464989c4-1736352957099;Sözel Beceri: ;Kurum Girilecek
885cd183396123664aae15258f36ab40589223ad-1742494688640;1739 SAYILI KANUN 4. DERS;Kurum Girilecek
c66e07e7ba7b408d5a85a5a301c577f728336b17-1713714355754;Halk Edebiyatı Soru Çözümü 2;Kurum Girilecek
53395b5fcb2fb62509edc94b02cdadc772d55631-1753002818151;anayasa hukuku;Kurum Girilecek
63f2e14f54fa66ec3aceda1ecb023cfc40028865-1775407676588;Dil Bilimi Okulları ve Temsilcileri - 2;Kurum Girilecek
80b76a73d9fdf418aed6e143de1468fe9615c84a-1774716908600;CUMHURİYET ŞİİRİ-11;Kurum Girilecek
35055dac95adb3f6c0c8afe1593ea9f87912dc72-1762101882306;Akımlar 5;Kurum Girilecek
80b76a73d9fdf418aed6e143de1468fe9615c84a-1775841750129;CUMHURİYET ROMAN- 2b;Kurum Girilecek
e60003cc242983d50a26e43e5ba9f6b8871a0f8c-1726859053462;REHBERLİK-2;Kurum Girilecek
419ebcb60189148a2d67b525978fd9ffa740a5a0-1754342626416;Verimlilik ve Endüstriyel Uygulamalar;Kurum Girilecek
6fb816cac8d877ed782a082bbfb25c5eb5744b39-1766424495038;destanlar;Kurum Girilecek
63175c9bc1a07dc877cffb0f987d9d6585316670-1748105014332;DİL BİLİM OKULLARI-2;Kurum Girilecek
2b34ff093a4fe562ccbd4d1dec9defa11fabe2e9-1778946272098;ÖLÇME VE DEĞERLENDİRME;Kurum Girilecek
2b34ff093a4fe562ccbd4d1dec9defa11fabe2e9-1767458964432;KONUŞMA BOZUKLUKLARI - 2;Kurum Girilecek
6fb816cac8d877ed782a082bbfb25c5eb5744b39-1763398218011;tür ve şekil;Kurum Girilecek
80b76a73d9fdf418aed6e143de1468fe9615c84a-1773255160338;CUMHURİYET ŞİİRİ-3;Kurum Girilecek
8ec9e330b97cc8678176cb4cde8dc4198504c698-1754336661860;KONYA TEKNİK ÜNİVERSİTESİ;Kurum Girilecek
8d4cac397bab378d8b5e29afb89ff11959907158-1700501769099;Osmanlı Tarihi Konu: ;Kurum Girilecek
ae3b4034b23da5e642912d0d8e0edadc7804e364-1755552215320;Tarih Konu: ;Kurum Girilecek
894de50a2d8f2db303b68a1611ab191d7a9b9903-1707407269966;YTE Konu: ;Kurum Girilecek
80b76a73d9fdf418aed6e143de1468fe9615c84a-1773857033961;CUMHURİYET ŞİİRİ -8;Kurum Girilecek
137f4350f6bff8b406cfa3024e51f5263d61ee73-1710442541643;Eski Dil Konu: ;Kurum Girilecek
3af846574fd50b2f85a88fec4e1df1aa4af0361e-1780887004967;5. DENEME DÖRT TEMEL BECERİ ÇÖZÜMÜ;Kurum Girilecek
63f2e14f54fa66ec3aceda1ecb023cfc40028865-1768581877659;FONETİK;Kurum Girilecek
63f2e14f54fa66ec3aceda1ecb023cfc40028865-1763739877718;GÖSTERGEBİLİM;Kurum Girilecek
885cd183396123664aae15258f36ab40589223ad-1743695873263;7528 SAYILI KANUN 4. DERS;Kurum Girilecek
2b34ff093a4fe562ccbd4d1dec9defa11fabe2e9-1766252543937;KONUŞMA BECERİSİNİ GELİŞTİRME ÇALIŞMALARI;Kurum Girilecek
dc12c9d877c70209ea7d0274e884c99ee397001f-1766505079577;CÜMLE BİLGİSİ (Kelime Grupları)-1;Kurum Girilecek
ebbd4e9638121931311a1792935990f58a3fb7a6-1695749747611;Tarih 3 ;Kurum Girilecek
92e189a5db171c215a05b3d94bc0ae7b4c98c91b-1687969239560;2013 ESKİ DİL ;Kurum Girilecek
26efffd56515551ba50108ba753e9861ddfe3f75-1721317673074;2024 Temmuz YTE 2;Kurum Girilecek
6debbf1ac3f8c0ba6c516f4699204a07a3c8bd65-1711908733883;Fransız edebiyatına devam;Kurum Girilecek
12dbe11e781dc976df6652c27d3214add1fd5a94-1721060823842;Eski Dil Soru Çözümü Son Ders ;Kurum Girilecek
f2cbea88fd85117b36715ad29b52afd6488b00e6-1740419108464;ders 24.02.2025;Kurum Girilecek
0b39fa7964b7e6a1c4d6189b8ce131b2a4f28d79-1700413077549;KONUŞMANIN UNSURLARI;Kurum Girilecek
e16e85fbae40e4db4e11b113c55b89f8ae73d263-1721476769288;2024 Alan Eğitimi  Soru Çözümü 3 ;Kurum Girilecek
f16df274985956808714bd203a49fd3822c8ada0-1736012902711;Yeni Türk Dili Soru Çözümü ;Kurum Girilecek
3692a563936f23e16ccd9ed2ad1e6cc078e1de66-1688827825889;Hasan Kendir ÖYT;Kurum Girilecek
d39446f272688d5e772f0ac8214efd6620555449-1702748727083;halk edebiyatı tür ve şekil;Kurum Girilecek
6d536a6c5a19dabdbbd3d76937f43b4eaceee54c-1716400916884;DİL ÖĞRETİM YÖNTEMLERİ - 2;Kurum Girilecek
5c288540cc4a3963fdae332c9d03f4a623c474ee-1730646931087;Edebi Akımlar;Kurum Girilecek
a7bb88795d338b5aaf53e13882b28f159d978cf6-1737219033549;SES ÖZELLİKLERİ-2;Kurum Girilecek
569227d8b1048b533bc9ba0fdd3c7e12e549314e-1721838421834;Yeni Türk Edebiyatı -6;Kurum Girilecek
0b39fa7964b7e6a1c4d6189b8ce131b2a4f28d79-1705254782714;SÖZCÜK ÖĞRETİM YÖNTEMLERİ;Kurum Girilecek
fd5c21dfcef4665bb7e8b67c9d7f92cb619f22e0-1747935533478;DİNLEME EĞİTİMİ-3;Kurum Girilecek
892b584343d0c9fc7ab552c5c90bbfd699dca74d-1734968688210;SON DİL BİLİM KURAMLARI;Kurum Girilecek
dfb704ca01640e7fc6de2cdfecda7b07b97c9dea-1700586613475;TANZİMAT EDEBİYATI 1. DÖNEM- 6;Kurum Girilecek
6d536a6c5a19dabdbbd3d76937f43b4eaceee54c-1715446459694;DİL ÖĞRENME DÜZEYLERİ - 4;Kurum Girilecek
419ebcb60189148a2d67b525978fd9ffa740a5a0-1754340995499;Verimlilik ve Endüstriyel Uygulamalar;Kurum Girilecek
3f67f190944da6ac218bc130d01e0500b36d591b-1733500204704;Eski Türk Edebiyatı ;Kurum Girilecek
7d856a5528132d97c75d058e84f41111ba0cfb69-1749138897829;çıkmış soru aqnalizi ve beyit şerhi;Kurum Girilecek
cd7d05e68c71654dbb3a45bdd22d1431e50099eb-1677426820480;cumhuriyet dönemi genel özellikler;Kurum Girilecek
7fd2f948a1f6cecb3e54a9c3e53f5c712948fe53-1747583406374;SORU ÇÖZÜMÜ-6;Kurum Girilecek
7b2faab92fb84cbff316d5a20a3c3e28062b405f-1673365409173;Yeni Türk Dili 15 Soru Çözümü;Kurum Girilecek
a7bb88795d338b5aaf53e13882b28f159d978cf6-1739634455709;OKUMA EĞİTİMİNİN AMAÇLARI;Kurum Girilecek
6a3ee48b80090f69b03accf590d818289a7f8353-1750603524113;2025 Eğitimin Temelleri soru çözümü;Kurum Girilecek
2ae787c57658fba39b5f9d6d5f93ca9311424f8a-1721649344321;2024 Temmuz ETE Soru Çözümü;Kurum Girilecek
d5a49c3ab0991a06073f0f2931a2fc49ad269629-1772131027701;Klasik Türk Edebiyatı Tarihi-3;Kurum Girilecek
2b34ff093a4fe562ccbd4d1dec9defa11fabe2e9-1770997760469;OKUMA ÇIKMIŞ SORULAR - 2;Kurum Girilecek
cd7d05e68c71654dbb3a45bdd22d1431e50099eb-1671986507653;FECRİ ATİ DÖNEMİ ŞİİRİ VE SANATÇILARI 1;Kurum Girilecek
d5a49c3ab0991a06073f0f2931a2fc49ad269629-1770306590212;Nazım Türleri-2;Kurum Girilecek
d6a21bdf9266cd5675d3bb087964260c6ccfbf90-1719903620146;2024 GYGK Haziran Geometri 3;Kurum Girilecek
cd7d05e68c71654dbb3a45bdd22d1431e50099eb-1668959605066;TANZİMAT 1 DEVAM;Kurum Girilecek
059f2ad29732c04932217af6f0290782094cecca-1751644780403;İlker Hayat-Eski Türk Edebiyatı Yıl Sonu Kampı-4;Kurum Girilecek
c2bdcd65896ccb7d920c772a7023ec30413ca386-1742146372378;ÇOCUK EDEBİYATI -1 (GİRİŞ);Kurum Girilecek
c81ed8d7ef042bc47b55155be084ce0c3bbe79da-1674582841160;Eski Türk Dili 34 Göktürk Türkçesi;Kurum Girilecek
6debbf1ac3f8c0ba6c516f4699204a07a3c8bd65-1711736881560;modernizm ve postmodernzm;Kurum Girilecek
03a28eb2b9b7c2ba46d67c89f049e18eab0d8ec4-1702749320763;Yeni Türk Dili: ;Kurum Girilecek
2aa9fac0dbc4b21ed6731f9d154fdd5596eefd29-1700396570544;Coğrafya Konu: ;Kurum Girilecek
a7bb88795d338b5aaf53e13882b28f159d978cf6-1733593915996;YAZMA KAZANIMLARI;Kurum Girilecek
63f2e14f54fa66ec3aceda1ecb023cfc40028865-1768754737302;ÇIKMIŞ SORULAR - 2;Kurum Girilecek
2989cbd1040502c55f1f74f8b38fcfc5950fc4d1-1778086597849;2026 8;Kurum Girilecek
6d7358791ffc7f81112202f5a55dfcb5b969f2f8-1747671357728;Maarif Eğitim Modeli 9;Kurum Girilecek
80b76a73d9fdf418aed6e143de1468fe9615c84a-1773421199975;CUMHURİYET ŞİİRİ-4;Kurum Girilecek
a7d0a324793522241955c55dac75eac275b517db-1708278671125;Temel Matematik: ;Kurum Girilecek
1a8a08ae3186b38684e88aa8175ec87ed563fa7f-1698765010853;TYT Tarih Konu: (Orta Asya Türk Tarihi Kültür ve Medeniyet);Kurum Girilecek
569227d8b1048b533bc9ba0fdd3c7e12e549314e-1721576570211;çocuk edebiyatı soru çözümü 2;Kurum Girilecek
569227d8b1048b533bc9ba0fdd3c7e12e549314e-1722700306237;VEDA;Kurum Girilecek
1da4df91c4f28f33ea396f94995a3dba548274da-1718898977839;Dil Bilimi: ;Kurum Girilecek
85cf7f78d52f24b1855c37e9a252bd190adc9774-1684943113621;SORU ÇÖZÜMÜ - 11;Kurum Girilecek
2ce1f2bf25eb0fba366155eb74a9f5a1775e8923-1669226987547;Yeni Türk Edebiyatı 2 , Tanzimat Dönemine Giriş;Kurum Girilecek
96799d44ee03757118ca942f4420977e2fa2f2a2-1719853110994;CİHANGİR - 7;Kurum Girilecek
0b39fa7964b7e6a1c4d6189b8ce131b2a4f28d79-1709314949019;YAZMA BECERİSİNDE GÖRÜLEN HATALAR;Kurum Girilecek
ef0a59c332b336d81cd6eb78d02ba1d742fb2566-1714579205546;AYT Kimya: ;Kurum Girilecek
569227d8b1048b533bc9ba0fdd3c7e12e549314e-1721936789129;son ders:(;Kurum Girilecek
4e115b4f2f6895ce8fc92bc882a966a33afede39-1771171138761;şerh 3;Kurum Girilecek
8b04ea855d9d5c790faa74e3a476ed6085b6364e-1707499879336;AKIMLAR SON- DÜNYALIK ŞEYLER...;Kurum Girilecek
49109afa3653e65adbaf33f84435960d3e588da7-1716306343840;Eski Dil Soru Çözüm Kampı ;Kurum Girilecek
2b34ff093a4fe562ccbd4d1dec9defa11fabe2e9-1772563014818;YAZMA BECERİSİNİN ALT ALANLARI;Kurum Girilecek
bf34a30375919b679162e745b11e71cb60b00db8-1714928194992;şerh 8;Kurum Girilecek
7d856a5528132d97c75d058e84f41111ba0cfb69-1746035121094;söz sanatları 2;Kurum Girilecek
63f2e14f54fa66ec3aceda1ecb023cfc40028865-1764954952539;EDİM DİL BİLİM;Kurum Girilecek
44c79604b2a9a09667bb685186f03deacb0aa97c-1699545228057;Felsefe Konu: ;Kurum Girilecek
a4c78d2b3630379068642dac2f4726be50c30746-1745510034399;2025 4 Temel Beceri ;Kurum Girilecek
885ddf2a6b7b7a9e07a8a404e85ae27f66f9f1f8-1711219219214;Eski dil Konu: ;Kurum Girilecek
7d856a5528132d97c75d058e84f41111ba0cfb69-1747843037792;çıkmış soru analizi;Kurum Girilecek
d61946d9b6c4ba52335aa5ec67e65ef21d6e9a8f-1697822699570;TYT Coğrafya Konu: ;Kurum Girilecek
787291bc30a63d7ac6062f6fc85866698047c2c3-1679418010583;Yeni Türk Edebiyatı 40,;Kurum Girilecek
5c288540cc4a3963fdae332c9d03f4a623c474ee-1730653268127;edebi akımlar 3;Kurum Girilecek
63175c9bc1a07dc877cffb0f987d9d6585316670-1745086246250;DİL BİLİM-1;Kurum Girilecek
5a2f59f821f4f031cedfa816d60e18aced589bee-1671641999874;SERVETİFÜNUN ŞİİRİ  VE ROMANI;Kurum Girilecek
7d856a5528132d97c75d058e84f41111ba0cfb69-1747237381651;şerh;Kurum Girilecek
fd5c21dfcef4665bb7e8b67c9d7f92cb619f22e0-1748885619449;OKUMA EĞİTİMİ - 1;Kurum Girilecek
2c9c467309288b393c174b75223f4225b0d7472a-1757357013139;AGS - ÖABT REHBERLİK;Kurum Girilecek
d5a49c3ab0991a06073f0f2931a2fc49ad269629-1764265252400;Nazım Şekilleri-6;Kurum Girilecek
c604ee68b8f6839e384d8f42f9c6160ca05b47b3-1719834853131;2024 Haziran GYGK Osmanlı Tarihi 1;Kurum Girilecek
dc12c9d877c70209ea7d0274e884c99ee397001f-1762271959608;SES BİLGİSİ/FONETİK (Ünsüzlerin Sınıflandırılması, Ses Olayları)-4 SON;Kurum Girilecek
0b39fa7964b7e6a1c4d6189b8ce131b2a4f28d79-1708192095205;YAZMA TÜR, YÖNTEM VE TEKNİKLERİ-3;Kurum Girilecek
bf34a30375919b679162e745b11e71cb60b00db8-1716134159218;şerh 13;Kurum Girilecek
09d0cf2e8c4d09fa117ce61946842797b21922f7-1674755653726;Eski Türk Dili 37, Uygur Türkçesi;Kurum Girilecek
2b34ff093a4fe562ccbd4d1dec9defa11fabe2e9-1762617019269;OKUMA EĞİTİMİ KAZANIMLARI - 2;Kurum Girilecek
8b04ea855d9d5c790faa74e3a476ed6085b6364e-1708100651997;YUNAN VE LATİN EDEBİYATI- YERYÜZÜ AKIN YÜZ OLUNCAYA DEK..;Kurum Girilecek
69e6bcf2188da6a7b9c9e4be365d47e1ead34b4a-1697212135321;Kimya Konu: ;Kurum Girilecek
430763eb50d02e2f1f9b82d424846dd3199f8993-1740239155462;Halk edebiyatı soru çözümü 2;Kurum Girilecek
059f2ad29732c04932217af6f0290782094cecca-1751738194816;ÇOCUK EDEBİYATI SORU ÇÖZÜMÜ - 3;Kurum Girilecek
892b584343d0c9fc7ab552c5c90bbfd699dca74d-1732550042140;MODERN ÖNCESİ PORT ROYAL DİL BİLİM OKULU VE SONRASI;Kurum Girilecek
d9cfc41cac4659770c624e7f93126c740de9577f-1734450339815;YKS Türkçe: ;Kurum Girilecek
2a3118bee8adb487c610585b9ef9cfb19b60625b-1702660652641;amerikan yapısalcılığı- ve aman kendini asmış bir zenci;Kurum Girilecek
f79933899921290fd304dc2e2edc9372d949f6c3-1748789403905;2025 Eğitimin Temelleri Soru Çözümü 1;Kurum Girilecek
3952b1ba6290cff1170a97c1b872549e03a00571-1732895135813;13)  Dil bilgisi (Biçim/Şekil/Yapı Bilgisi-Sözcükte Yapı)-1;Kurum Girilecek
403e7c4599e9a25f7617b1b86e974585ad29418a-1717523651376;30) Dil Bilgisi Çıkmış sorular ve Sarmal Tasarım Branş Denemesi Çözümü)-4 SONNNNNNNN :));Kurum Girilecek
569227d8b1048b533bc9ba0fdd3c7e12e549314e-1722439287215;halk sorularla genel tekrar;Kurum Girilecek
dc12c9d877c70209ea7d0274e884c99ee397001f-1764093607775;Sözcük türleri (zarf)-4;Kurum Girilecek
dfb704ca01640e7fc6de2cdfecda7b07b97c9dea-1712078878151;CUMHURİYET ŞİİRİ -16;Kurum Girilecek
58fee96126fbde0c4f5e3c147df457ad979a56d4-1702220440016;nazım türleri ve beyit incelemeleri;Kurum Girilecek
67aca950c10687d9b3c63ec1782e2931e380ee46-1708154871756;AYT Biyoloji: ;Kurum Girilecek
15a2ee8b633f754e598185dfa9a9fcf803a820c1-1712592914079;3. DENEME (ALAN EĞİTİMİ ÇÖZÜM);Kurum Girilecek
975229ad30f83f67fff0cb3430c313edfa6e64a6-1739701887567;soru çözüm 1;Kurum Girilecek
cd7d05e68c71654dbb3a45bdd22d1431e50099eb-1671385263663;SERVETİ FÜNUN SANATÇILAR SON;Kurum Girilecek
892b584343d0c9fc7ab552c5c90bbfd699dca74d-1734973604069;SON DİL BİLİM KURAMLARI 2 VE SORULARR;Kurum Girilecek
88c6c7d0e5de37138a7111a339ee6674750b17d0-1695225518952;GENEL TARİH 2 ;Kurum Girilecek
c7e6bc0725ae8f7d879f29fb79030e27288fd1a6-1705838235684;AYT Edebiyat: Halk Edebiyatı;Kurum Girilecek
80b76a73d9fdf418aed6e143de1468fe9615c84a-1779119715181;YTE SORU ÇÖZÜMÜ-1;Kurum Girilecek
059f2ad29732c04932217af6f0290782094cecca-1752076608057;halk genel tekrar;Kurum Girilecek
fd03d938a6ddee6886a5b758c89bfd965c1dc17d-1714473838043;AYT Biyoloji:;Kurum Girilecek
fd5c21dfcef4665bb7e8b67c9d7f92cb619f22e0-1750092672520;YAZMA EĞİTİMİ - 4;Kurum Girilecek
31fb617dd69b2abcfce3f6c01aa63120959b9c47-1710954050332;AYT Coğrafya: ;Kurum Girilecek
a7bb88795d338b5aaf53e13882b28f159d978cf6-1731000206803;ÖĞRENME VE ÖĞRETME YAKLAŞIMI;Kurum Girilecek
c0c7c8fb0b81d6d5ab2e2be9a12324e367156355-1704297513461;Vatandaşlık Konu: ;Kurum Girilecek
6d536a6c5a19dabdbbd3d76937f43b4eaceee54c-1710354669441;SÖZLÜ ANLATIM TÜRLERİ-2;Kurum Girilecek
403e7c4599e9a25f7617b1b86e974585ad29418a-1716306754888;19) Cümle Bilgisi (Cümlenin Ögeleri)-2;Kurum Girilecek
2b34ff093a4fe562ccbd4d1dec9defa11fabe2e9-1765035842388;DİNLEMEYİ ETKİLEYEN FAKTÖRLER;Kurum Girilecek
6debbf1ac3f8c0ba6c516f4699204a07a3c8bd65-1710526843633;TANIŞMA VE GİRİŞ;Kurum Girilecek
a7bb88795d338b5aaf53e13882b28f159d978cf6-1732376999316;DİNLEME KAZANIMLARI;Kurum Girilecek
c448cf7c3d21727c59ff7520b1e6d64bb8d26da4-1744393514334;SÖZCÜK, CÜMLE BİLGİSİ 3;Kurum Girilecek
7b887a856c407b9c95fb9b395b4861aa363c4d01-1743868848488;Çocuk Edebiyatı 1 ;Kurum Girilecek
d05e68c71654dbb3a45bdd22d1431e50099eb-1671378911892;SERVETİ FÜNUN SANATÇILAR DEVAM;Kurum Girilecek
569227d8b1048b533bc9ba0fdd3c7e12e549314e-1721229901521;Yeni Türk Edebiyatı-2;Kurum Girilecek
0443b42f14f887be172af2e1a4f91e97fe2c43ad-1712337937692;Halk Edebiyatı Konu: ;Kurum Girilecek
f67b4948b1592313c2fb1206ef8b9f23a7902842-1714587695517;DÜNYA ÇOCUK EDEBİYATI -1;Kurum Girilecek
f5af3b82dabd596164def4e68f9e5becbe456ddb-1672251822719;TANZİMAT SORU ÇÖZÜMÜ 15,;Kurum Girilecek
88d69de1a3b9f514bd92c3c9a1f91277fccb196d-1754336932647;Savunma Sanayii, Robotik ve Uzay Teknolojileri;Kurum Girilecek
0b39fa7964b7e6a1c4d6189b8ce131b2a4f28d79-1699898945841;DİNLEME EĞİTİMİ SORU ÇÖZÜMÜ - 2 REPLAY;Kurum Girilecek
2989cbd1040502c55f1f74f8b38fcfc5950fc4d1-1778090570951;2026 10;Kurum Girilecek
529005d0a0640526f3dd7b399d441fcdaa47979d-1717411773545;AYT Edebiyat Soru Çözümü 2;Kurum Girilecek
fe534ba2be486200b29eba3998f61d35ede4b765-1738166052530;aruz ve işlemler;Kurum Girilecek
6fb816cac8d877ed782a082bbfb25c5eb5744b39-1764607741354;halk şairler;Kurum Girilecek
80b76a73d9fdf418aed6e143de1468fe9615c84a-1775844626961;CUMHURİYET ROMAN-3;Kurum Girilecek
f2cbea88fd85117b36715ad29b52afd6488b00e6-1744646190921;halk hikayeler;Kurum Girilecek
7842285dfd5f8d52c61b8bd8688f754c54fd99d1-1669313601190;Eski Türk Dili 2 , Fiil Çekim Ekleri;Kurum Girilecek
fe534ba2be486200b29eba3998f61d35ede4b765-1733932385695;beyit incelemesi - söz sanatları;Kurum Girilecek
7d856a5528132d97c75d058e84f41111ba0cfb69-1747846260115;çıkmış soru analizi;Kurum Girilecek
08d7951f023265cd8310e5b1235e4bfb672c802a-1674662505880;Yeni Türk Edebiyatı 25,;Kurum Girilecek
34ba304ac5ac069615ce784f4be577ead916a8ac-1712343217159;Eski Edebiyat: 14- 15 YY sanatçıları;Kurum Girilecek
6573530638ab3bf6e33de0902e8c2308a41009ea-1687600045952;Soru Çözümü 5;Kurum Girilecek
403e7c4599e9a25f7617b1b86e974585ad29418a-1713204355414;3. ders - şekil bilgisi-3;Kurum Girilecek
dfb704ca01640e7fc6de2cdfecda7b07b97c9dea-1713283247811;CUMHURİYET ŞİİRİ -19;Kurum Girilecek
bf34a30375919b679162e745b11e71cb60b00db8-1718294198727;divan şiir beyit şerhi incelemesi;Kurum Girilecek
569227d8b1048b533bc9ba0fdd3c7e12e549314e-1721744590232;eski türk edebiyatı sorularla genel tekrar;Kurum Girilecek
299cbd7fac79e094a9bc3b87c31b8813983b41dd-1733852733296;SERVETİFÜNUN EDEBİYATI -3;Kurum Girilecek
4e115b4f2f6895ce8fc92bc882a966a33afede39-1778774253455;Beyit Şerhi-16;Kurum Girilecek
2b34ff093a4fe562ccbd4d1dec9defa11fabe2e9-1762018884531;OKUMA EĞİTİMİ KAZANIMLARI - 1;Kurum Girilecek
85cf7f78d52f24b1855c37e9a252bd190adc9774-1685897790271;SORU ÇÖZÜMÜ - 18;Kurum Girilecek
9483f9b4c8f357f74b159e62b0bb261e025c62ff-1701964450760;Türkçenin biçim bilgisi 1;Kurum Girilecek
059f2ad29732c04932217af6f0290782094cecca-1752248395210;DÖRT TEMEL BECERİ - 7;Kurum Girilecek
569227d8b1048b533bc9ba0fdd3c7e12e549314e-1721139806689;eski türk edebiyat sorularla genel tekrar;Kurum Girilecek
f3938159c75784330dd5857dfaa40a1d5bfb3eb5-1714751694913;AYT Coğrafya:;Kurum Girilecek
a1b3292a3181cc0bebd43bc1890a80d5656c160e-1750249170520;2025 Paragraf Kampı 2;Kurum Girilecek
5c288540cc4a3963fdae332c9d03f4a623c474ee-1733670873282;Metin üzerinden akımlar ve Fransız ed. devam.;Kurum Girilecek
d18e3d92e0a0cbef44aba38241f5a15924213628-1702743470657;YTE Konu: ;Kurum Girilecek
58fee96126fbde0c4f5e3c147df457ad979a56d4-1701280087370;nazım türleri ve beyitlerle inceleme;Kurum Girilecek
7d856a5528132d97c75d058e84f41111ba0cfb69-1743009977689;sorularla genel tekrar analiz;Kurum Girilecek
85cf7f78d52f24b1855c37e9a252bd190adc9774-1683391285196;YAZMA KAZANIMLARI;Kurum Girilecek
0b39fa7964b7e6a1c4d6189b8ce131b2a4f28d79-1708184974534;YAZMA TÜR, YÖNTEM VE TEKNİKLERİ-1;Kurum Girilecek
2b34ff093a4fe562ccbd4d1dec9defa11fabe2e9-1768409163819;SÖZLÜ ANLATIM TÜRLERİ;Kurum Girilecek
58fee96126fbde0c4f5e3c147df457ad979a56d4-1698853786984;Eski Türk Edebiyatı giriş nazım birimi,şekilleri, beyit çözümleme;Kurum Girilecek
6debbf1ac3f8c0ba6c516f4699204a07a3c8bd65-1714751551842;amerikan eddebiyatı sonu İtalyan edebiyatı başlangıcı;Kurum Girilecek
a7bb88795d338b5aaf53e13882b28f159d978cf6-1732988985434;OKUMA KAZANIMLARI-2;Kurum Girilecek
da0ca037eae49920ae099cdea702ff62f3e9b6ca-1690476852645;Eski Dil Genel Tekrar 4;Kurum Girilecek
8797722914e101baa4578694025ea8348a748303-1782230004344;Eski Türk Edebiyatı-4;Kurum Girilecek
6dc5ae405139b79b2e76d4ba8e7870a105ae5894-1751975607086;2025 Eski Türk Edebiyatı Soru Çözümü ;Kurum Girilecek
d5a49c3ab0991a06073f0f2931a2fc49ad269629-1768492107471;Edebi Sanatlar-4;Kurum Girilecek
a7bb88795d338b5aaf53e13882b28f159d978cf6-1743268981395;DİL BİLGİSİ ANLAYIŞLARI;Kurum Girilecek
0b39fa7964b7e6a1c4d6189b8ce131b2a4f28d79-1697557615025;YAZMA EĞİTİMİ KAZANIMLARI - 1;Kurum Girilecek
51ff007f49e5d77e56517d69fb5c853e9d09bd18-1778345106432;BİLİŞSEL VE ÜSTBİLİŞSEL STRATEJİLER;Kurum Girilecek
892b584343d0c9fc7ab552c5c90bbfd699dca74d-1732557022633;DİL BİLİM OKULLARI + SORU ÇÖZÜMÜ;Kurum Girilecek
bf34a30375919b679162e745b11e71cb60b00db8-1714324023435;ŞERH 6;Kurum Girilecek
d5a49c3ab0991a06073f0f2931a2fc49ad269629-1767891161505;Edebi Sanatlar-2;Kurum Girilecek
fc211c8148710614a33b13e873a9c1d27b8436e2-1732895765676;Eski Türk Edebiyatı Aruz Kalıpları 1 ;Kurum Girilecek
cd0220e7f6f5893532d062283abf9121f8bad17c-1698248903733;Tarih Konu: ;Kurum Girilecek
fe534ba2be486200b29eba3998f61d35ede4b765-1735142009461;beyit incelemesi-sanatlar;Kurum Girilecek
58fee96126fbde0c4f5e3c147df457ad979a56d4-1707320900354;aruz işlemleri;Kurum Girilecek
ffd2b73b3fd793c1b4f45aebc581d92c6c6f45b4-1702655230350;Coğrafya Konu: ;Kurum Girilecek
d6b778edb2b8f32f87953098de7983410ef52484-1741278600049;Eski Dil;Kurum Girilecek
2b34ff093a4fe562ccbd4d1dec9defa11fabe2e9-1771955353811;OKUMA TÜR, YÖNTEM VE TEKNİKLERİ - 3;Kurum Girilecek
1369ad5d07eec81cdd32d8b6c52e1411cbe181ad-1708181433221;AYT Kimya: MODERN ATOM TEORİSİ;Kurum Girilecek
885cd183396123664aae15258f36ab40589223ad-1744905180859;1982 ANAYASASI 4. DERS;Kurum Girilecek
c7aa194aa76abbd1a73e5bcc8c9536368cc799cc-1696778369921;Geometri Konu: ;Kurum Girilecek
24eaad2502e782133a29ba4443eae4e94afe50fe-1690807676233;Eski Türk Dili Genel Tekrar ;Kurum Girilecek
49351bfa7c5ff5de876065c8612ac3b945abdb8c-1741193317053;1739 Sayılı Kanun 1. DERS ;Kurum Girilecek
85cf7f78d52f24b1855c37e9a252bd190adc9774-1683740635409;SORU ÇÖZÜMÜ - 4;Kurum Girilecek
d5a49c3ab0991a06073f0f2931a2fc49ad269629-1773337371223;Klasik Türk Edebiyatı Tarihi-7;Kurum Girilecek
c448cf7c3d21727c59ff7520b1e6d64bb8d26da4-1745600999260;2020 SORULARININ ÇÖZÜMÜ;Kurum Girilecek
6fb816cac8d877ed782a082bbfb25c5eb5744b39-1764002876837;halk şairleri;Kurum Girilecek
d5a49c3ab0991a06073f0f2931a2fc49ad269629-1767894109843;Edebi Sanatlar-3;Kurum Girilecek
2b34ff093a4fe562ccbd4d1dec9defa11fabe2e9-1762620363321;OKUMA KAZANIMLARI - 3;Kurum Girilecek
c967c3da635b782f9d3b815c0866ca0bb1ac346b-1697476857162;Türkçe Konu: Yazım Kuralları;Kurum Girilecek
9ae7c1761adeda9d8b934ffa3277c6b65c1aa8fe-1709136000784;AYT Kimya Konu: ;Kurum Girilecek
f782885618896778bdcc2d06a15ad0a14ffb1e91-1696865172506;Türkçe Konu: ;Kurum Girilecek
98ae0bbe800f6b44d083e7a61afdea9e8cd34cdb-1669304700884;Eski Türk Dili 1 , Fiil Çekim Ekleri;Kurum Girilecek
569227d8b1048b533bc9ba0fdd3c7e12e549314e-1722442766700;sorularla halk genel tekrar;Kurum Girilecek
d39446f272688d5e772f0ac8214efd6620555449-1708016119604;dede korkut;Kurum Girilecek
c5cef01e2120ffd92022c79c836c612952bc1bcd-1746460856421;2025 Mevzuat Anayasa Soru Çözümü ;Kurum Girilecek
354da82b8209f532464b4a5fc0fcff346694dedf-1688390836421;ESKİ DİL 2016;Kurum Girilecek
d7e0c27ff305b9bbcef36253547173998ab4d74d-1742403109768;Coğrafya: ;Kurum Girilecek
80b76a73d9fdf418aed6e143de1468fe9615c84a-1773853059954;CUMHURİYET ŞİİRİ-7;Kurum Girilecek
2a3118bee8adb487c610585b9ef9cfb19b60625b-1705081298527;dil bilim- çokomel kağıtlarını kitap ayracı yapmak;Kurum Girilecek
569227d8b1048b533bc9ba0fdd3c7e12e549314e-1721571893646;çocuk edebiyatı soru çözümü 1;Kurum Girilecek
26a1817c71e4a6263e1e65df0fbd83399b82dcf9-1748415415041;2025 Matematik son ders;Kurum Girilecek
9c580e9c7ca760e63fe3ccba99a118d4c2972f05-1711879173057;Geometri Konu: ;Kurum Girilecek
73fc6364a0723a02186aac0bbac9d3923b5f3007-1710608152470;YTE Konu: TARİHÎ ROMAN, 12 MART ROMANI, GELENEK ROMANI, 80 SONRASI ROMAN;Kurum Girilecek
80b76a73d9fdf418aed6e143de1468fe9615c84a-1769615357222;YENİ TÜRK EDEBİYATINA GİRİŞ;Kurum Girilecek
e60003cc242983d50a26e43e5ba9f6b8871a0f8c-1727714259328;GYGK VE EĞİTİM BİLİMLERİ REHBERLİK;Kurum Girilecek
d774a1d2eaa3285d1a7d09600b66db9340fa76ce-1708792395978;Geometri Konu: ;Kurum Girilecek
0e799f3aca98480bd814f85e6e18d58a0225b0b7-1700579811650;Tarih Konu: (Türk İslam Tarihi Kültür ve Medeniyet);Kurum Girilecek
4b39fd288dc2700c79d58ee85b39fd914c7ff7ef-1747763662563;SORU ÇÖZÜMÜ-12;Kurum Girilecek
dc12c9d877c70209ea7d0274e884c99ee397001f-1765907663421;Sözcük türleri (Fiil, ek-fiil, fiilimsi)-14;Kurum Girilecek
15a2ee8b633f754e598185dfa9a9fcf803a820c1-1717616001945;5.DENEME (DÖRT TEMEL BECERİ ÇÖZÜM);Kurum Girilecek
a7bb88795d338b5aaf53e13882b28f159d978cf6-1739555545956;OKUDUĞUNU ANLAMA SÜRECİNİN AŞAMALARI;Kurum Girilecek
54ea6428f37a4fc65f80ccb45467bc735d479e93-1700149812982;Yeni Türk Edebiyatı Konu: ;Kurum Girilecek
80b76a73d9fdf418aed6e143de1468fe9615c84a-1778257704379;CUMHURİYET ROMANI-13;Kurum Girilecek
299cbd7fac79e094a9bc3b87c31b8813983b41dd-1741116129369;CUMHURİYET ŞİİRİ-12;Kurum Girilecek
2a3118bee8adb487c610585b9ef9cfb19b60625b-1700841240811;dil bilim devam;Kurum Girilecek
96799d44ee03757118ca942f4420977e2fa2f2a2-1719593592700;CİHANGİR - 4;Kurum Girilecek
cd7d05e68c71654dbb3a45bdd22d1431e50099eb-1679241142644;cumuriyet dönemi sanatçılar;Kurum Girilecek
6d536a6c5a19dabdbbd3d76937f43b4eaceee54c-1714844967987;DİL ÖĞRENME DÜZEYLERİ - 2;Kurum Girilecek
3b1373697cfab7c21e7b3d5aeb703629a4158cbe-1706111995834;Vatandaşlık Konu: ;Kurum Girilecek
299cbd7fac79e094a9bc3b87c31b8813983b41dd-1741112611472;CUMHURİYET ŞİİRİ-11;Kurum Girilecek
80b76a73d9fdf418aed6e143de1468fe9615c84a-1771087969153;SERVETİFÜNUN EDEBİYATI-1;Kurum Girilecek
83a4209a2d198f3c8d05c316b0dac947b6a2f015-1751196071446;2025 Eski Edebiyat Soru Çözümü;Kurum Girilecek
885cd183396123664aae15258f36ab40589223ad-1743100061753;7528 ÖĞRETMENLİK MESLEK KANUNU 2. DERS;Kurum Girilecek
901b3fec50dfc6edb5f805ff62379083df6c2093-1752073087303;2025 Halk edebiyatı soru çözümü 2;Kurum Girilecek
0940aa8f0927c801cc1cddd9f57a01d73accedd6-1697957601404;TYT Fizik Konu: ;Kurum Girilecek
f166b553a19ecdf13a7d6111e835c8ed00730814-1732981545812;Eski Türk Dili 1. Soru Çözümü ( Fiil Çekim Ekleri) ;Kurum Girilecek
f76e2920f8dc49879e0f06d83f29f906190aaf50-1686754432315;İrfan Naim Öğrenme Psikolojisi;Kurum Girilecek
2b34ff093a4fe562ccbd4d1dec9defa11fabe2e9-1779639425016;ANLAMA MODELLERİ VE BLOOM;Kurum Girilecek
2b34ff093a4fe562ccbd4d1dec9defa11fabe2e9-1771350702719;OKUMAYI GELİŞTİRİCİ TEKNİKLER;Kurum Girilecek
96b02df21c129f2686c0b88dfc20b44ae4dc24c2-1698081611406;Türkçe Konu: Yazım Kuralları;Kurum Girilecek
c448cf7c3d21727c59ff7520b1e6d64bb8d26da4-1777219151459;SORU ÇÖZÜMÜ-11 ASIM KARA;Kurum Girilecek
2b34ff093a4fe562ccbd4d1dec9defa11fabe2e9-1779557524134;SEZDİRME YÖNTEMİ VE ANLAM KURMA DÜZEYLERİ;Kurum Girilecek
2b34ff093a4fe562ccbd4d1dec9defa11fabe2e9-1763225383429;OKUMA EĞİTİMİ KAZANIMLARI - 6;Kurum Girilecek
35055dac95adb3f6c0c8afe1593ea9f87912dc72-1767549994531;Diğer Dünya ED.;Kurum Girilecek
14e2331c03343a386218c2657f25dab7cfd5e5b7-1717246054644;Dil Bilgisi Soru Çözümü ;Kurum Girilecek
3952b1ba6290cff1170a97c1b872549e03a00571-1731693669483;9. Dil bilgisi (Türk Ses Bilgisi-Ses Olayları)- IX;Kurum Girilecek
58fee96126fbde0c4f5e3c147df457ad979a56d4-1702486475284;söz sanatları teşbih ve türleri;Kurum Girilecek
43e6bd5d4ff1bc89779e8a7eb3aaa61c6a9692a7-1713109846584;Eski Edebiyat Soru Çözümü 3 ;Kurum Girilecek
6c59fdcb86ae476c9b74cce2ef4b7760fb364884-1700069712945;Geometri konu: ;Kurum Girilecek
8797722914e101baa4578694025ea8348a748303-1782496794819;halk 3;Kurum Girilecek
c62ab0183cfc82da180f907998856a00bca12bb5-1690541585568;Halk Edebiyatı Çıkmış Soru Analizi 2;Kurum Girilecek
059f2ad29732c04932217af6f0290782094cecca-1751215807819;"KAMP DERSLERİ - DİL BİLİM 5. DERS ""En karanlık anların arkasında ışık vardır.""";Kurum Girilecek
f2cbea88fd85117b36715ad29b52afd6488b00e6-1741630661282;halk şairler;Kurum Girilecek
2b34ff093a4fe562ccbd4d1dec9defa11fabe2e9-1767462448962;KONUŞMA YÖNTEM VE TEKNİKLERİ;Kurum Girilecek
569227d8b1048b533bc9ba0fdd3c7e12e549314e-1721751117713;eski edebiyat genel tekrar;Kurum Girilecek
fe534ba2be486200b29eba3998f61d35ede4b765-1730911590862;nazım şekilleri;Kurum Girilecek
882dd3285897af745acd19e4575dd6a061366f95-1739549750494;Eski dil soru kampı 2;Kurum Girilecek
b836eb8a08e5b88deae8ce3d0aaa002e15c1d717-1720526165371;2024 Haziran İslamiyet Ö. ve İslamiyet Dönemi Türk Tarihi;Kurum Girilecek
299cbd7fac79e094a9bc3b87c31b8813983b41dd-1736437958078;MİLLİ EDEBİYAT DÖNEMİ-3;Kurum Girilecek
2b34ff093a4fe562ccbd4d1dec9defa11fabe2e9-1766245615693;KONUŞMA EĞİTİMİ GİRİŞ;Kurum Girilecek
c448cf7c3d21727c59ff7520b1e6d64bb8d26da4-1741548326820;6 - SES BİLGİSİ;Kurum Girilecek
9483f9b4c8f357f74b159e62b0bb261e025c62ff-1698939850273;Türkiye Türkçesinin Ses Bilgisi  1;Kurum Girilecek
09c0087a227a721ead6e374081dbe107df05cfd3-1713618381093;AYT kimya: ;Kurum Girilecek
58fee96126fbde0c4f5e3c147df457ad979a56d4-1709751659881;divan nesri ve nesir türleri;Kurum Girilecek
2a3118bee8adb487c610585b9ef9cfb19b60625b-1705076577444;dil bilim son. // batarken ardın güneş tepelerin geldi veda vakti teletabilerin...;Kurum Girilecek
f2cbea88fd85117b36715ad29b52afd6488b00e6-1745862626566;anonim halk edeb;Kurum Girilecek
bf0ccfc41675b4558178059bb79908e970a29a7c-1737481084711;Osmanlı Tarihi;Kurum Girilecek
96799d44ee03757118ca942f4420977e2fa2f2a2-1717264373838;KONUŞMA VE AKICI OKUMA;Kurum Girilecek
f2cbea88fd85117b36715ad29b52afd6488b00e6-1737997164658;kuramlar yöntemler;Kurum Girilecek
0adf26af33ae7414eaa422637f22f8411c071143-1705420790686;İnkılap Tarihi Konu: ;Kurum Girilecek
fe534ba2be486200b29eba3998f61d35ede4b765-1734543487002;sanatlar;Kurum Girilecek
7d856a5528132d97c75d058e84f41111ba0cfb69-1742408409483;beyit incelemesi;Kurum Girilecek
15a2ee8b633f754e598185dfa9a9fcf803a820c1-1720983209220;7. DENEME ÇÖZÜMÜ( DİLBİLGİSİ- DİL BİLİM);Kurum Girilecek
8b04ea855d9d5c790faa74e3a476ed6085b6364e-1708705371392;AKIMLAR DEVAM;Kurum Girilecek
85ef264ae7c9de5db02cb47b9a05eb6d4f585c10-1705333700064;GYGK Matematik: ;Kurum Girilecek
6d536a6c5a19dabdbbd3d76937f43b4eaceee54c-1711563293687;YÖNTEM VE TEKNİKLER;Kurum Girilecek
2b34ff093a4fe562ccbd4d1dec9defa11fabe2e9-1767455350550;KONUŞMA BOZUKLUKLARI;Kurum Girilecek
2902192d1f8f6d561a3077325d6b29b81b1ad21a-1698249032951;TYT Kimya Konu: ;Kurum Girilecek
1a72b76742f54226006ca0b7724fa8935faca896-1751646246631;2025 Yeni Türk Edebiyatı Soru Çözümü Temmuz;Kurum Girilecek
5c288540cc4a3963fdae332c9d03f4a623c474ee-1736099076355;Rus ed devam;Kurum Girilecek
2a3118bee8adb487c610585b9ef9cfb19b60625b-1702664780491;amerkan yapısalcılık 2- ayrılık da sevdaya dahil;Kurum Girilecek
2b34ff093a4fe562ccbd4d1dec9defa11fabe2e9-1771005018513;OKUMA MODELLERİ;Kurum Girilecek
cfb1406a31ead9812d3baa38df5c3a87aca2cb25-1746975234764;Eğitimin Temelleri ve Türk Milli Eğitim Sistemi ;Kurum Girilecek
dfb704ca01640e7fc6de2cdfecda7b07b97c9dea-1711477747884;CUMHURİYET ŞİİRİ -14;Kurum Girilecek
3952b1ba6290cff1170a97c1b872549e03a00571-1731689921407;8. Dil bilgisi (Türk Ses Bilgisi-Ses Olayları)-VIII;Kurum Girilecek
96799d44ee03757118ca942f4420977e2fa2f2a2-1719849345782;CİHANGİR - 6;Kurum Girilecek
6d536a6c5a19dabdbbd3d76937f43b4eaceee54c-1710350138699;SÖZLÜ ANLATIM TÜRLERİ;Kurum Girilecek
dc12c9d877c70209ea7d0274e884c99ee397001f-1762876625215;ŞEKİL/YAPI/BİÇİM BİLGİSİ ( Ek Bilgisi)-3;Kurum Girilecek
c448cf7c3d21727c59ff7520b1e6d64bb8d26da4-1746201555154;2022 SORULARININ ÇÖZÜMLERİ;Kurum Girilecek
96ad7f00c7009b67dcb31775eb959a59d0e6dbad-1710590175083;AYT Edebiyat: ;Kurum Girilecek
dfb704ca01640e7fc6de2cdfecda7b07b97c9dea-1710872649025;CUMHURİYET ŞİİRİ -11;Kurum Girilecek
9edd4d570218dde67918d0e317fb62e70998e9b4-1690894839980;Dört Temel Beceri ;Kurum Girilecek
0b39fa7964b7e6a1c4d6189b8ce131b2a4f28d79-1699898098841;DİNLEME EĞİTİMİ SORU ÇÖZÜMÜ - 2;Kurum Girilecek
8def03ef1e263b05bb2c427de9d7aadbe918369b-1740498912628;222 Sayılı Kanun 2. ders ;Kurum Girilecek
4e115b4f2f6895ce8fc92bc882a966a33afede39-1771175487577;şerh 4;Kurum Girilecek
892b584343d0c9fc7ab552c5c90bbfd699dca74d-1734369455878;DİL BİLİMCİLERİN KURAMLARININ DEVAMI : HARRİS VE SONRASI;Kurum Girilecek
782b13b5aacc958834645fd804ab467e89ee0153-1710954324832;Vatandaşlık Soru Çözümü (Reyhani Hoca) ;Kurum Girilecek
0c52d7cd582d60a2bb91a5f6c9af6da3938cd91d-1741971450440;Yeni Türk Edebiyatı 3. ders;Kurum Girilecek
0b39fa7964b7e6a1c4d6189b8ce131b2a4f28d79-1697561240404;YAZMA KAZANIMLARI - 2;Kurum Girilecek
cd7d05e68c71654dbb3a45bdd22d1431e50099eb-1681156863412;POSTMODERN YAZARLAR 3;Kurum Girilecek
299cbd7fac79e094a9bc3b87c31b8813983b41dd-1740506189995;CUMHURİYET ŞİİRİ -9;Kurum Girilecek
290a0513c410c706d01e248e7b8d4e861b1c90f5-1678210443094;Yeni Türk edebiyatı 34;Kurum Girilecek
892b584343d0c9fc7ab552c5c90bbfd699dca74d-1730739638879;DİL BİLİM 5. DERS;Kurum Girilecek
cdcac4a2ed231f09a35191b5dbd18837cfcc89e2-1741711689877;1739 Sayılı Kanun ;Kurum Girilecek
13afd27006b528858386987489a2fe443e7157b9-1670346483735;Yeni Türk Dili 7, Sözcük Türleri;Kurum Girilecek
6fb816cac8d877ed782a082bbfb25c5eb5744b39-1761583755930;halk edb. kuramlar ve halk edeb.tür ve şekil;Kurum Girilecek
d5a49c3ab0991a06073f0f2931a2fc49ad269629-1773334578819;Klasik Türk Edebiyatı Tarihi-6;Kurum Girilecek
641e6d0faa29096c1aadb64f1eb8e510ce353208-1714318176397;AYT Fizik: atom modeli-radyoaktivite-kuark;Kurum Girilecek
ff4bad4ddf8a293c433c6cc6932be5ca2f4a16eb-1678381796416;Eski Türk Dili 45 Kıpçak Dönemi;Kurum Girilecek
31428f79dc23045a5b7f841d72fb9ed20be8ea2f-1698344461264;EKİM AYI REHBERLİK;Kurum Girilecek
8254c5f79ff815cd9401cb7fea77dd9e7c6f22ab-1746719688874;2025 Eski Türk Dili;Kurum Girilecek
cd7d05e68c71654dbb3a45bdd22d1431e50099eb-1668355028459;tanzimat edebiyatı giriş;Kurum Girilecek
d5a49c3ab0991a06073f0f2931a2fc49ad269629-1761238331479;Eski Türk Edebiyatı Giriş-1;Kurum Girilecek
f2cbea88fd85117b36715ad29b52afd6488b00e6-1739209839995;halk edebiyatı tür ve şekil;Kurum Girilecek
fa6a8c20d3a858f6d3246d29f4deafff6ac95a16-1698074802506;TYT Türkçe Konu: ;Kurum Girilecek
5c288540cc4a3963fdae332c9d03f4a623c474ee-1732464886682;Sınav soruları çözüm ve batı edebiyatı devam;Kurum Girilecek
67fe1055ecd990d3958c06567b630411a7d43152-1742748717259;Eğitimin Temelleri ;Kurum Girilecek
a393cecbc3532a4d036d51a98f32d8db8ed6bc70-1722354655420;2024 Alan eğitimi Soru Çözümü ;Kurum Girilecek
a7bb88795d338b5aaf53e13882b28f159d978cf6-1746892372239;MAARİF PROGRAMI-8;Kurum Girilecek
6d536a6c5a19dabdbbd3d76937f43b4eaceee54c-1714233218420;YABANCILARA TÜRKÇE ÖĞRETİMİ GİRİŞ;Kurum Girilecek
b200b3a005b070dfed4c9211c97c4d553154e5a7-1701533708400;YTE Konu: TANZİMAT 1. KUŞAK;Kurum Girilecek
dfb704ca01640e7fc6de2cdfecda7b07b97c9dea-1701794848121;SERVETİFÜNUN EDEBİYATI -1;Kurum Girilecek
a7bb88795d338b5aaf53e13882b28f159d978cf6-1746287303719;MAARİF PROGRAMI-6;Kurum Girilecek
4b39fd288dc2700c79d58ee85b39fd914c7ff7ef-1747154911494;SORU ÇÖZÜMÜ-8;Kurum Girilecek
bf34a30375919b679162e745b11e71cb60b00db8-1716738432821;şerh 15;Kurum Girilecek
b7d639c22156809d40870df74248cd0cd85d082b-1742320476806;Osmanlı Tarihi Son Ders;Kurum Girilecek
43e0c24a708ac8def75adeaf6b9f65e130d4bdd0-1717434474419;çocuk edebiyatı 2;Kurum Girilecek
6d536a6c5a19dabdbbd3d76937f43b4eaceee54c-1710360932877;ÖLÇME VE DEĞERLENDİRME - 2;Kurum Girilecek
539ddce5f2b6239244f4a033ec159d9cbc1e944c-1699458845042;TYT Kimya Konu: ;Kurum Girilecek
bf34a30375919b679162e745b11e71cb60b00db8-1714922303160;şerh 6;Kurum Girilecek
63f2e14f54fa66ec3aceda1ecb023cfc40028865-1773507463220;Edim Bilimi (Pragmatik) - 2;Kurum Girilecek
cd7d05e68c71654dbb3a45bdd22d1431e50099eb-1671989671332;FECRİ ATİ DÖNEMİ SANATÇILARI 2;Kurum Girilecek
cd7d05e68c71654dbb3a45bdd22d1431e50099eb-1671983685950;FECRİ ATİ EDEBİYATI GENEL OZELLİKLER;Kurum Girilecek
15a2ee8b633f754e598185dfa9a9fcf803a820c1-1720907912539;6. DENEME (DİL BİLİM- DİLBİLGİSİ);Kurum Girilecek
58fee96126fbde0c4f5e3c147df457ad979a56d4-1709140680999;şair ve yazarlar;Kurum Girilecek
63f2e14f54fa66ec3aceda1ecb023cfc40028865-1775411066306;Dil Bilimi Okulları ve Temsilcileri - 3;Kurum Girilecek
403e7c4599e9a25f7617b1b86e974585ad29418a-1713201081176;2. ders - şekil bilgisi;Kurum Girilecek
bf34a30375919b679162e745b11e71cb60b00db8-1714317120373;Şerh 4;Kurum Girilecek
7d856a5528132d97c75d058e84f41111ba0cfb69-1749052631599;çıkmış soru analizi ve beyit şerhi;Kurum Girilecek
f202aac543ac74ad3d5dc6e6148ec7d3131ee51c-1713599820512;AYT Biyoloji: ;Kurum Girilecek
6d536a6c5a19dabdbbd3d76937f43b4eaceee54c-1720716840244;Yabancılara Türkçe öğretimi kazanımlar ve dil bilgisi;Kurum Girilecek
1eb3b44abaa77eff617b07c82079c412d982d211-1703406955975;AYT Matematik Konu: ;Kurum Girilecek
35055dac95adb3f6c0c8afe1593ea9f87912dc72-1765129772746;ingiliz 3;Kurum Girilecek
5a5af5adcd7c56d0374f95cdf1e024137d9d4d4b-1746291339817;Eğitimin Temelleri ;Kurum Girilecek
9483f9b4c8f357f74b159e62b0bb261e025c62ff-1701971741956;Türkçenin biçim bilgisi 3;Kurum Girilecek
31428f79dc23045a5b7f841d72fb9ed20be8ea2f-1718210744013;HAZİRAN AYI REHBERLİK;Kurum Girilecek
6f2696c046c35b6eb1951e98ba371e4c0ddddb6c-1676999204726;İKİNCİ YENİ ŞİİRİ Yeni Türk edebiyatı 29;Kurum Girilecek
dfb704ca01640e7fc6de2cdfecda7b07b97c9dea-1701798619691;SERVETİFÜNUN EDEBİYATI-2;Kurum Girilecek
2a3118bee8adb487c610585b9ef9cfb19b60625b-1704133640094;dil bilim sorular veyahut enivacı voke;Kurum Girilecek
9eeaff70a095b122da929675de7393a46193c779-1696748284658;Fizik 1 Konu: fizik bilimine giriş;Kurum Girilecek
6fb816cac8d877ed782a082bbfb25c5eb5744b39-1761580565865;halk bilim ve kuramlar;Kurum Girilecek
885cd183396123664aae15258f36ab40589223ad-1741892124548;1739 SAYILI KANUN 1. DERS;Kurum Girilecek
de412e92b16238f8c23eb232c4c277274f61e70f-1689713956629;2015 YTE;Kurum Girilecek
bb9d1585530f4f27113dbf9e62c9ed49a1444fbd-1719575475193;2024 Haziran Coğrafya 1;Kurum Girilecek
fec178ac6df0c3c3150c3c7e14c47b031ed2cffc-1744731914844;2025 Paragraf Sözel Beceri ;Kurum Girilecek
6fb816cac8d877ed782a082bbfb25c5eb5744b39-1764610779580;halk şairler;Kurum Girilecek
892b584343d0c9fc7ab552c5c90bbfd699dca74d-1730743871487;DİL BİLİM SORU ÇÖZÜMÜ DERSİ;Kurum Girilecek
c9120940b69cac5c4fa3a86e9f9d19195672af45-1682616274275;Eski Türk edebiyatı 8 Söz Sanatları;Kurum Girilecek
15a2ee8b633f754e598185dfa9a9fcf803a820c1-1720997307644;7. DENEME ÇÖZÜMÜ (EDEBİYAT DERSLERİ);Kurum Girilecek
569227d8b1048b533bc9ba0fdd3c7e12e549314e-1721143584555;eski edebiyat sorularla genel tekratr;Kurum Girilecek
f67b4948b1592313c2fb1206ef8b9f23a7902842-1715797659077;TÜRKİYEDE ÇOCUK EDEBİYATI TARİHÇESİ -5;Kurum Girilecek
a7bb88795d338b5aaf53e13882b28f159d978cf6-1732381027357;DİNLEME KAZANIMLARI-2;Kurum Girilecek
d5a49c3ab0991a06073f0f2931a2fc49ad269629-1774543319139;Klasik Türk Edebiyatı Tarihi-10;Kurum Girilecek
0227ecef24ffd5f993e3a594193ec0e6cca913b3-1774281570228;ÇOCUK EDEBİYATI -1;Kurum Girilecek
569227d8b1048b533bc9ba0fdd3c7e12e549314e-1721398816264;DÖRT TEMEL BECERİ-4;Kurum Girilecek
d5a49c3ab0991a06073f0f2931a2fc49ad269629-1763049246585;Eski Türk Edebiyatında Mazmunlar-6;Kurum Girilecek
4927751191dcea2ce7fc841cef02bee8bdffff39-1670523164747;Eski Türk Dili 8, Dönemlerin Biçim Özellikleri;Kurum Girilecek
5e8570c10d8316447c831b36992fca78fae23d46-1713369462439;AYT Coğrafya: ;Kurum Girilecek
fd5c21dfcef4665bb7e8b67c9d7f92cb619f22e0-1749829606563;OKUMA EĞİTİMİ - 2;Kurum Girilecek
fc0bdbe9c3613f6627b9683d09c4664875ddae17-1701098683201;Edat-Bağlaç-Ünlem Konu: Soru Çözümü ;Kurum Girilecek
5c288540cc4a3963fdae332c9d03f4a623c474ee-1737305431655;kuramlar 2;Kurum Girilecek
6fb816cac8d877ed782a082bbfb25c5eb5744b39-1764006042273;halk şairleri;Kurum Girilecek
121a060c722065654d3b14c1458f0f4340f3ba1d-1704470261839;Coğrafya Konu: ;Kurum Girilecek
548d27074b8b9c924a4d675ad63c7aaa59c90ed1-1687273132246;Koray Hoca Coğrafya ;Kurum Girilecek
299cbd7fac79e094a9bc3b87c31b8813983b41dd-1742923480141;CUMHURİYET ROMAN-5;Kurum Girilecek
62161817217454abb0bb01fe2bb2935ed359543f-1706453344327;Geometri konu: ;Kurum Girilecek
c2bdcd65896ccb7d920c772a7023ec30413ca386-1743957837472;ÇOCUK EDEBİYATINDA TÜRLER-1;Kurum Girilecek
24b76f093621dc1e157bc8726eb89eb6d1ead105-1680031482818;CUMHURİYET DEVRİ TİYATRO/ÖĞRETİCİ METİNLER 44,;Kurum Girilecek
a7bb88795d338b5aaf53e13882b28f159d978cf6-1740245942527;OKUMA SORU ÇÖZÜMÜ;Kurum Girilecek
dc12c9d877c70209ea7d0274e884c99ee397001f-1767110325898;CÜMLE BİLGİSİ (Cümlenin Ögeleri)-4;Kurum Girilecek
27775fa819d076e9063ddbdae3a824687407276e-1710867465418;Eski Dil Soru Kampı ;Kurum Girilecek
4f548807724401b99d3f0931cb9f64f7f7f54a61-1743094176544;2025 Eski Türk Dili ;Kurum Girilecek
0b39fa7964b7e6a1c4d6189b8ce131b2a4f28d79-1700934482125;KONUŞMA BOZUKLUKLARI;Kurum Girilecek
b9850e22a9180ea6c70992aa6e9b67a6bb81d381-1713628092628;Eski Edebiyat Soru Çözümü 4 ;Kurum Girilecek
3952b1ba6290cff1170a97c1b872549e03a00571-1736532573140;33) Dil bilgisi [Sözcük Türleri (fiil, ek-fiil, fiilimsi)] SON-5;Kurum Girilecek
61f036a3c11fdd6300113c7cc31b20f7638f7c55-1738085436154;Türkçe: paragrafta anlam;Kurum Girilecek
299cbd7fac79e094a9bc3b87c31b8813983b41dd-1739297408625;CUMHURİYET ŞİİRİ-3;Kurum Girilecek
885cd183396123664aae15258f36ab40589223ad-1746730902760;1982 ANAYASASI 13. DERS;Kurum Girilecek
809088eee8f2f6de0c755a45d7bfec33bdd4ba7d-1737042629044;Yeni Türk Dili ;Kurum Girilecek
d5a49c3ab0991a06073f0f2931a2fc49ad269629-1770309814725;Nazım Türleri-3;Kurum Girilecek
2a7383ab113c8c967ca8933e0bf5e7cf35dc3a50-1700290674469;Biyoloji Konu: ;Kurum Girilecek
892b584343d0c9fc7ab552c5c90bbfd699dca74d-1736790129884;SEMANTİK (ANLAM BİLİMİ) 1;Kurum Girilecek
403e7c4599e9a25f7617b1b86e974585ad29418a-1715014245112;11. TAMLAMALAR-2;Kurum Girilecek
ce180b13419739e010854c427d9fd293cfa8d4ea-1722339904031;2024 Temmuz Eski Dil Soru Çözümü;Kurum Girilecek
85cf7f78d52f24b1855c37e9a252bd190adc9774-1684345220776;SORU ÇÖZÜMÜ - 7;Kurum Girilecek
6fb816cac8d877ed782a082bbfb25c5eb5744b39-1761586667198;halk edeb. tür ve şekil;Kurum Girilecek
93f272b795386072a2b50956b73a3e7664f47d3e-1752078921657;2025 Halk Edebiyatı 3;Kurum Girilecek
d7d0dd1046d92e158830391c0ff317635669c608-1746601083759;2025 Matematik ;Kurum Girilecek
c2bdcd65896ccb7d920c772a7023ec30413ca386-1745769652416;TÜRKİYE'DE ÇOCUK EDEBİYATI-3;Kurum Girilecek
cd7d05e68c71654dbb3a45bdd22d1431e50099eb-1678636520032;toplumcu gerçekçi sanatçılar;Kurum Girilecek
afd4b4e2e1425db068632177814c22a151013588-1711132928442;Eski Edebiyat Konu: ;Kurum Girilecek
7fee2f4f208a94edb69b1d0ae301f89297976cb7-1719384937914;Matematik Haziran Kampı 3;Kurum Girilecek
885cd183396123664aae15258f36ab40589223ad-1743103640583;7528 SAYILI KANUN 3. DERS;Kurum Girilecek
35055dac95adb3f6c0c8afe1593ea9f87912dc72-1762098429968;Akımlar 4;Kurum Girilecek
5c24cfc609d65b8c573dfabb153a62e55813b5f1-1699026586629;Kimya Konu: ;Kurum Girilecek
ca637b5e5a33725e2e0a86a20a1c25546332a4c6-1746900285292;2025 Eğitimin Temelleri ve Türk Milli Eğitim Sistemi ;Kurum Girilecek
c10ae9c43519f841bee0b32677fc104c476b6075-1699032824148;Coğrafya Konu:İzohips ;Kurum Girilecek
8c89ca403fd8b4d7dc91f1e725240ac18f6d18c5-1721924190511;2024 Alan Eğitimi Soru Çözümü ;Kurum Girilecek
8a5d68e7bde64e8888e2195bf7a06b64e11f267e-1745856078818;2025 Anayasa Mevzuat ;Kurum Girilecek
fe534ba2be486200b29eba3998f61d35ede4b765-1739983577308;mazmunlar;Kurum Girilecek
a7bb88795d338b5aaf53e13882b28f159d978cf6-1730996391125;ÖLÇME VE DEĞERLENDİRME;Kurum Girilecek
a0162105fa5b85d0d0365dcca704a92fb837618d-1701883737520;Türkçe Konu: Fiilde Çatı Soru Çözümü;Kurum Girilecek
dc12c9d877c70209ea7d0274e884c99ee397001f-1763484907257;Sözcük Türleri (İsim, zamir)-1;Kurum Girilecek
c448cf7c3d21727c59ff7520b1e6d64bb8d26da4-1744991994883;SÖZCÜK, CÜMLE BİLGİSİ 4;Kurum Girilecek
f67b4948b1592313c2fb1206ef8b9f23a7902842-1712432478906;ÇOCUK EDEBİYATI TÜRLERİ -1;Kurum Girilecek
892b584343d0c9fc7ab552c5c90bbfd699dca74d-1740329386132;METİN DİL BİLİM 2;Kurum Girilecek
7d856a5528132d97c75d058e84f41111ba0cfb69-1744826278548;aruz ve Türkiye Türkçesi;Kurum Girilecek
d5a49c3ab0991a06073f0f2931a2fc49ad269629-1771526454779;Klasik Türk Edebiyatında Mesnevi-4;Kurum Girilecek
872885bebb352864d0a4c9b6498f39898c327a77-1751208606430;2025 Eğitimin Temelleri ve Türk Milli Eğitim Sistemi soru çözümü ;Kurum Girilecek
d39446f272688d5e772f0ac8214efd6620555449-1707407691018;masal- halk hikayeleri;Kurum Girilecek
3952b1ba6290cff1170a97c1b872549e03a00571-1731089005903;6. Dil bilgisi (Türk Ses Bilgisi)-VI;Kurum Girilecek
c2bdcd65896ccb7d920c772a7023ec30413ca386-1744559962965;ÇOCUK EDEBİYATI TÜRLER BİTİŞ;Kurum Girilecek
96799d44ee03757118ca942f4420977e2fa2f2a2-1719939694640;CİHANGİR-10;Kurum Girilecek
51ff007f49e5d77e56517d69fb5c853e9d09bd18-1777138437508;ÖĞRENME ÇIKTILARI SORU ÇÖZÜMÜ;Kurum Girilecek
c448cf7c3d21727c59ff7520b1e6d64bb8d26da4-1741973240159;7 - SES BİLGİSİ SON;Kurum Girilecek
0227ecef24ffd5f993e3a594193ec0e6cca913b3-1777305388006;ÇOCUK EDEBİYATI-16;Kurum Girilecek
a7bb88795d338b5aaf53e13882b28f159d978cf6-1740762355260;YAZMA GİRİŞ;Kurum Girilecek
8806ab8593537a5da39c6e40b535437ca1a49275-1707494001932;Halk Edebiyatı Konu: Halk Hikayeleri 3, Dede Korkut Hikayeleri;Kurum Girilecek
2a3118bee8adb487c610585b9ef9cfb19b60625b-1701450545666;DİL BİLİM DEVAM HA BİR DE SİZE AŞIĞIM;Kurum Girilecek
a7bb88795d338b5aaf53e13882b28f159d978cf6-1740764994363;YAZILI ANLATIM UNSURLARI;Kurum Girilecek
6debbf1ac3f8c0ba6c516f4699204a07a3c8bd65-1711743190428;fransız edebiyatı 2;Kurum Girilecek
e60003cc242983d50a26e43e5ba9f6b8871a0f8c-1734025749133;ARALIK AYI REHBERLİK;Kurum Girilecek
2694b97ecc81ff5654d2b31ca780f5a833f6c9bc-1701514218372;Kimya Konu: ASİTLER BAZLAR VE TUZLAR;Kurum Girilecek
2b34ff093a4fe562ccbd4d1dec9defa11fabe2e9-1770482966777;ZİHİNSEL SÖZLÜK VE SÖZCÜK ÖĞRETİM YÖNTEMLERİ;Kurum Girilecek
abd5d75d25775b354b81b7bee58734221737d90a-1738508298194;Eğitim temelleri: ;Kurum Girilecek
96799d44ee03757118ca942f4420977e2fa2f2a2-1720287990413;CİHANGİR - SON;Kurum Girilecek
1ffa08ea638c9257071bd1deacc2c96387941846-1697822660270;Matematik Konu: ;Kurum Girilecek
2b61dfac3d0c60ef48175229bba45a284d1034c1-1749041911559;2025 Coğrafya Soru Çözümü 2;Kurum Girilecek
6088adebc9ad130ce238af62a3c188359d1a75cb-1670946105999;Yeni Türk Dili 9, Fiiller ve Fiilimsiler;Kurum Girilecek
8f0006f7dfe73f13f9012556cfeb9736cbbd084a-1742668305060;2025 Halk Edebiyatı ;Kurum Girilecek
a7bb88795d338b5aaf53e13882b28f159d978cf6-1746895781177;MAARİF PROGRAMI-9;Kurum Girilecek
dc12c9d877c70209ea7d0274e884c99ee397001f-1768319892817;CÜMLE BİLGİSİ (Cümle Çeşitleri)-10;Kurum Girilecek
fe534ba2be486200b29eba3998f61d35ede4b765-1736955568948;beyit inceleme ve sanatlar;Kurum Girilecek
cd7d05e68c71654dbb3a45bdd22d1431e50099eb-1679852476664;cumhuriyet dönemi sanatçılar devam;Kurum Girilecek
2a3118bee8adb487c610585b9ef9cfb19b60625b-1701454896227;DİL BİLİM VE DİĞER SAUSUURE İSLERİ VE SEVDAYA DAHİL OLANLAR;Kurum Girilecek
35055dac95adb3f6c0c8afe1593ea9f87912dc72-1768146424891;kuram ve eleştiriler;Kurum Girilecek
d39446f272688d5e772f0ac8214efd6620555449-1709229007508;geleneksel halk tiyatrosu;Kurum Girilecek
342e9b62189ac81a941c705f0bdea9155c8e5d3a-1677171703283;Eski Türk Dili 39 Karahanlı Türkçesi;Kurum Girilecek
dfb704ca01640e7fc6de2cdfecda7b07b97c9dea-1702399309792;SERVETİFÜNUN EDEBİYATI- 4;Kurum Girilecek
9eacd9563bf856b9bed8ad8e91c15af38b993815-1699291660180;Osmanlı Tarihi 1 Konu: ;Kurum Girilecek
2d32990fec6c574818747fdcc14271f2ecd49fa9-1711274112444;Öğrenme Soru Çözümü: ;Kurum Girilecek
80b76a73d9fdf418aed6e143de1468fe9615c84a-1772650004459;MİLLİ EDEBİYAT-7;Kurum Girilecek
892b584343d0c9fc7ab552c5c90bbfd699dca74d-1739115914291;EDİM BİLİMİ 1;Kurum Girilecek
77743e18624a7df08205639a07796553227eecb5-1702190932448;Fizik Konu: ;Kurum Girilecek
4e115b4f2f6895ce8fc92bc882a966a33afede39-1771179028678;Şerh 5;Kurum Girilecek
3952b1ba6290cff1170a97c1b872549e03a00571-1737134747649;cümle bilgisi 2;Kurum Girilecek
0b39fa7964b7e6a1c4d6189b8ce131b2a4f28d79-1699722335047;DİNLEYİCİ TİPLERİ;Kurum Girilecek
a1e6b0206fdf1e898042d12d1bbe20ce9cccf52b-1707845642878;AYT FİZİK kONU: ;Kurum Girilecek
569227d8b1048b533bc9ba0fdd3c7e12e549314e-1721748061613;eski edebiyat sorlarla genel tekrar;Kurum Girilecek
3a45cfcdb9094618f24fc0a34417f59caeae6da8-1699698264290;TYT Coğrafya Konu: ;Kurum Girilecek
975229ad30f83f67fff0cb3430c313edfa6e64a6-1742125729775;çözüm 11;Kurum Girilecek
15bf434469ab5334767e9843f56f2543a21bbb18-1717259341405;AYT Kimya Soru Çözümü ;Kurum Girilecek
2082037842b57d16be4830bf6632e2e976bfc719-1709745907205;Paragraf Kamp 1;Kurum Girilecek
1ff4a568a116e60a00b62741543ae0e577477ecd-1695311764408;SÖZEL MANTIK 1;Kurum Girilecek
63175c9bc1a07dc877cffb0f987d9d6585316670-1746897658288;SEMANTİK VE GÖSTERGEBİLİM SORU ÇÖZÜMÜ;Kurum Girilecek
892b584343d0c9fc7ab552c5c90bbfd699dca74d-1739724290638;EDİM BİLİM 3 (SÖZ EYLEMLER);Kurum Girilecek
2b34ff093a4fe562ccbd4d1dec9defa11fabe2e9-1771951724009;OKUMA TÜR, YÖNTEM VE TEKNİKLERİ - 2;Kurum Girilecek
e29c2fb07325bd6aa7ba65c6c82c6e3c64c4260d-1744737941286;2025 Sözel Mantık ;Kurum Girilecek
2a3118bee8adb487c610585b9ef9cfb19b60625b-1703872178353;dil bilim-yaşadım diyebilmek için:);Kurum Girilecek
dfb704ca01640e7fc6de2cdfecda7b07b97c9dea-1715100551721;CUMHURİYET ROMANI-10;Kurum Girilecek
299cbd7fac79e094a9bc3b87c31b8813983b41dd-1735056099066;SERVETİFÜNUN DÖNEMİ BAĞIMSIZ SANATÇILAR;Kurum Girilecek
35055dac95adb3f6c0c8afe1593ea9f87912dc72-1763307895694;Hız testi;Kurum Girilecek
63f2e14f54fa66ec3aceda1ecb023cfc40028865-1764956294744;EDİM DİL BİLİM - 2;Kurum Girilecek
2b34ff093a4fe562ccbd4d1dec9defa11fabe2e9-1773599886155;YAZMA SÜRECİNDE GÖRÜLEN HATALAR;Kurum Girilecek
d9de7278d9efdba9082d5a60284504faa4d607b5-1677002338649;Yeni Türk Edebiyatı 30;Kurum Girilecek
2d933b7ea862be9e9985c385a0936693a918ead4-1697469663346;Türkçe Konu: ;Kurum Girilecek
bf34a30375919b679162e745b11e71cb60b00db8-1713711046890;aruz;Kurum Girilecek
c2a2392bdbf8d0c6c1acecf2889952ef738224c2-1674574893417;Eski Türk Dili 32 Göktürk Türkçesi;Kurum Girilecek
63f2e14f54fa66ec3aceda1ecb023cfc40028865-1761320779039;GİRİŞ - TANIŞMA;Kurum Girilecek
852c521b2885fbbcf32e66eab2f151ea1e53861d-1671645797707;SERVETİFÜNUN ROMANI VE BAĞIMSIZLAR;Kurum Girilecek
157403c7019a8765b0185d69b753b3017197c7b9-1716828436992;AYT Matematik: ;Kurum Girilecek
6d536a6c5a19dabdbbd3d76937f43b4eaceee54c-1720547616515;YABANCILARA TÜRKÇE ÖĞRETİMİ C1 KAZANIMLARI;Kurum Girilecek
8b04ea855d9d5c790faa74e3a476ed6085b6364e-1705685895677;akımlar 2- küçük adam büyük aşk... siz..sadece siz;Kurum Girilecek
b9b186dd8f9c8291274231236ff40a85c27ba092-1703871349257;Eski Türk Edebiyatı: ;Kurum Girilecek
30d91ff61aa58e310f9a095776259d4a76000a72-1710868031711;4 Temel Beceri: ;Kurum Girilecek
2851b7ce9cf9908713f8876aafdb89de083bfe08-1710349756309;AYT Kimya Konu: ;Kurum Girilecek
63f2e14f54fa66ec3aceda1ecb023cfc40028865-1770745143505;SES BİLİMİ (FONOLOJİ) - 2 YETİŞİRSE BİÇİM BİLİMİ (NORFOLOJİ) - 1;Kurum Girilecek
80b76a73d9fdf418aed6e143de1468fe9615c84a-1777656706375;CUMHURİYET ROMANI-11;Kurum Girilecek
5c288540cc4a3963fdae332c9d03f4a623c474ee-1731251873846;batı edebiyatı 4;Kurum Girilecek
7d856a5528132d97c75d058e84f41111ba0cfb69-1747410049541;şerh şerh şerh;Kurum Girilecek
acb36e3b897b08b7f27b24a13bc786a7c71e71f5-1720075939777;2024 Haziran EB ÖYT 2;Kurum Girilecek
98d1606c934962c9bf60a7eb53cdbba4e7370b32-1712165319184;İnkılap Soru Çözümü ;Kurum Girilecek
3980f87ba15f86cc7d69580db0a9e7a2f0913ea4-1672932980638;Eski Türk Dili 23, Sözcük Türleri;Kurum Girilecek
8be888d418dbeaa32755a4fb28c8843be113f501-1703517610327;Türkçe: Yazım ve Noktalama Soru Çözümü;Kurum Girilecek
5c288540cc4a3963fdae332c9d03f4a623c474ee-1736095541831;Rus Ed. 1;Kurum Girilecek
778fc2dc695e0a378b1959df9cdc446024b4184e-1705074021555;Halk Edebiyatı Konu: Destanlar 2 ;Kurum Girilecek
e48c719a2162ff297dcfe8a1242af11a66665492-1698860331069;KPSS Türkçe Konu: ;Kurum Girilecek
00edaf912f229322314883d1f60b818448f9c78f-1740412821418;Anayasa: ;Kurum Girilecek
80b76a73d9fdf418aed6e143de1468fe9615c84a-1773251943269;CUMHURİYET ŞİİRİ-2;Kurum Girilecek
6debbf1ac3f8c0ba6c516f4699204a07a3c8bd65-1716572964791;eleştiri ve kuram son ders;Kurum Girilecek
ef2671df1c04b0a441474df3068e871e8564f9aa-1754342718567;Enerji, Malzeme Bilimi ve Makine Teknolojileri;Kurum Girilecek
3af846574fd50b2f85a88fec4e1df1aa4af0361e-1775694680323;3. DENEME DÖRT TEMEL BECERİ ÇÖZÜMÜ;Kurum Girilecek
82f88415174410adaaf33c6992e2c43ca29f32c3-1680635346276;Yeni Türk Edebiyatı BATI EDB. AKIMLARI 47,;Kurum Girilecek
aaef782650c651d333626146e6562d3f2f46575b-1706290158680;Eski Edebiyat Konu: Nazım Biçimleri ;Kurum Girilecek
1347c7bd7211e20e949f4f7fbd4ddbf244abc538-1705592706265;Felsefe Konu: ;Kurum Girilecek
518573130a59c61a693aa528b9a3c11b65bbd088-1714585213255;AYT Kimya: ;Kurum Girilecek
0b39fa7964b7e6a1c4d6189b8ce131b2a4f28d79-1697903234428;KAZANIMLAR SORU ÇÖZÜMÜ;Kurum Girilecek
ef7e459753a5cd2b844f6cb8a18d1c8c45a50757-1704814820016;İnkılap Tarihi Konu: ;Kurum Girilecek
30ad5037d904c73a97b0764eb54a4cc00968b798-1711127135380;AYT Coğrafya: ;Kurum Girilecek
dc12c9d877c70209ea7d0274e884c99ee397001f-1761674131678;SES BİLGİSİ/FONETİK (Ünsüzlerin Sınıflandırılması, Ses Olayları)-3;Kurum Girilecek
d39446f272688d5e772f0ac8214efd6620555449-1705164836445;aşık edebiyatı halk ozanları;Kurum Girilecek
38c100413e86f6a4c84e57ae40967618df4bb4e6-1742496100534;İnkılap Tarihi 1. Ders;Kurum Girilecek
15a2ee8b633f754e598185dfa9a9fcf803a820c1-1721388489575;8. DENEME (DÖRT TEMEL BECERİ ÇÖZÜM);Kurum Girilecek
4116263c4b9629efa156e3c0ce7991ceed0b126f-1702914817490;Matematik Konu: ;Kurum Girilecek
5c288540cc4a3963fdae332c9d03f4a623c474ee-1733674482175;Fransız Ed. devam;Kurum Girilecek
a7bb88795d338b5aaf53e13882b28f159d978cf6-1745686033103;MAARİF PROGRAMI-5;Kurum Girilecek
25163dd9e4c07ddf3f785497e11499157298f5a3-1672847712290;Yeni Türk Edebiyatı 16,;Kurum Girilecek
